"Car","Class","Driver","Lap","Lap Time","Session Time","Flag","Location","S01","S02","S03","S04","S05","S06","S07","S08","S09","S10","S11","S12","SP5"
"88","GS","Henry Schmitt","1","2:13.878","2:13.878","Green","Track","0.000","13.814","8.558","12.841","10.419","3.165","0.955","13.052","23.180","22.559","8.121","6.684","85.673"
"2","GS","Kenton Koch","1","2:18.940","2:18.940","Green","Track","0.000","13.891","7.633","0.000","0.000","2.588","0.863","12.084","22.861","22.230","8.093","6.361","94.807"
"82","GS","Devin Jones","1","2:21.196","2:21.196","Green","Track","0.000","14.518","8.284","13.206","10.522","3.384","1.002","12.987","24.745","24.521","8.607","6.888","81.655"
"89","TCR","Ryan Eversley","1","2:25.223","2:25.223","Green","Track","0.000","15.459","8.902","12.603","11.541","3.317","0.923","12.389","23.644","22.708","8.256","6.841","88.644"
"75","GS","Kuno Wittmer","1","2:26.536","2:26.536","Green","Track","0.000","15.425","7.844","13.698","12.518","3.494","0.953","12.681","23.922","23.046","8.531","6.956","85.853"
"61","TCR","Jon Morley","1","2:32.661","2:32.661","Green","Track","0.000","15.298","8.589","13.871","12.466","3.501","0.976","12.410","26.747","26.395","8.679","7.656","83.830"
"81","TCR","Marco Cirone","1","2:36.346","2:36.346","Green","Track","261.059","14.483","7.886","13.894","11.020","3.280","0.899","13.327","25.253","24.543","8.768","7.706","91.010"
"13","GS","Orey Fidani","1","2:37.597","2:37.597","Green","Track","264.663","16.098","7.902","14.008","12.495","3.660","1.004","13.693","25.582","25.156","9.013","7.083","81.492"
"69","GS","Corey Fergus","1","2:40.080","2:40.080","Green","Track","244.896","15.182","7.648","13.812","11.280","3.148","0.916","12.571","23.952","24.156","8.392","6.895","89.321"
"59","GS","Rod Randall","1","2:47.095","2:47.095","Green","Track","254.377","14.445","8.849","14.127","12.017","3.113","0.961","12.879","24.623","28.793","10.039","8.599","85.139"
"8","GS","Gunnar Jeannette","1","2:52.416","2:52.416","Green","Track","201.207","14.847","8.574","15.385","11.522","3.038","0.889","12.708","24.516","24.547","8.625","7.252","92.034"
"5","TCR","Roy Block","1","2:56.517","2:56.517","Green","Track","210.904","15.283","7.378","14.651","10.985","3.122","0.851","12.563","27.485","28.763","9.794","7.987","96.144"
"21","TCR","Harry Gottsacker","1","2:58.020","2:58.020","Green","Track","0.000","14.186","8.321","13.497","11.783","3.474","0.960","12.948","25.098","24.586","8.877","7.287","85.227"
"98","TCR","Michael Lewis","1","2:59.469","2:59.469","Green","Pit","0.000","14.014","7.545","14.260","12.082","3.336","0.924","12.857","23.336","24.534","10.418","11.819","88.548"
"39","GS","Jeff Westphal","1","3:02.558","3:02.558","Green","Track","13.746","13.191","6.644","13.160","9.857","2.743","0.780","11.885","22.582","22.653","8.261","6.722","104.895"
"31","GS","Jeff Courtney","1","3:16.257","3:16.257","Green","Track","14.437","15.148","7.669","13.677","11.414","3.118","0.812","11.135","23.801","24.726","8.682","7.767","100.761"
"96","GS","Bill Auberlen","1","3:16.485","3:16.485","Green","Track","17.134","13.719","7.268","13.112","9.358","2.547","0.765","11.522","23.412","23.036","8.115","7.169","106.952"
"33","GS","Indy Dontje","1","3:29.717","3:29.717","Green","Track","17.312","14.748","8.867","12.733","11.068","3.323","0.917","11.324","23.966","22.836","8.294","6.458","89.224"
"7","GS","Alan Brynjolfsson","1","3:32.909","3:32.909","Green","Track","16.894","14.507","8.434","13.598","10.707","3.015","0.887","12.486","25.971","25.181","9.123","7.040","92.241"
"60","GS","Nate Stacy","1","3:36.956","3:36.956","Green","Track","17.414","15.623","9.659","14.270","13.601","4.230","1.263","14.104","28.029","25.003","8.840","7.546","64.781"
"57","GS","Christian Hohenadel","1","3:42.740","3:42.740","Green","Track","15.493","13.200","7.777","15.709","10.845","3.263","1.043","12.021","23.607","23.487","8.750","6.597","78.445"
"2","GS","Kenton Koch","2","1:54.245","4:13.185","Green","Track","5.815","10.101","6.408","0.000","0.000","2.612","0.715","10.702","21.490","21.031","8.045","6.506","114.431"
"88","GS","Henry Schmitt","2","2:01.183","4:15.061","Green","Track","5.954","11.198","6.451","12.075","9.390","2.758","0.803","11.519","22.425","24.061","8.074","6.475","101.891"
"82","GS","Devin Jones","2","2:02.366","4:23.562","Green","Track","6.285","11.204","6.409","12.122","10.262","2.991","0.868","11.320","22.975","22.931","8.169","6.830","94.261"
"89","TCR","Ryan Eversley","2","1:59.807","4:25.030","Green","Track","5.893","10.613","6.185","11.936","9.845","2.666","0.760","11.129","21.971","23.542","8.514","6.753","107.656"
"75","GS","Kuno Wittmer","2","1:59.419","4:25.955","Green","Track","6.247","11.269","5.945","12.091","9.774","2.551","0.782","11.368","22.401","22.114","8.275","6.602","104.627"
"12","TCR","Russell McDonough","1","4:41.892","4:41.892","Green","Pit","14.148","15.046","8.488","14.574","11.235","3.151","0.857","13.369","26.398","24.023","10.292","48.313","95.470"
"69","GS","Corey Fergus","2","2:03.864","4:43.944","Green","Track","6.124","11.576","6.881","12.120","9.740","2.791","0.840","11.114","24.280","23.713","8.135","6.550","97.403"
"61","TCR","Jon Morley","2","2:11.334","4:43.995","Green","Track","6.724","11.570","6.662","12.942","11.179","3.156","0.934","13.264","24.133","24.395","8.732","7.643","87.600"
"81","TCR","Marco Cirone","2","2:10.173","4:46.519","Green","Track","6.621","12.268","6.429","12.963","10.351","2.872","0.788","12.199","24.439","25.445","8.770","7.028","103.830"
"13","GS","Orey Fidani","2","2:10.100","4:47.697","Green","Track","6.843","12.324","7.050","12.628","11.498","3.285","0.907","11.767","23.137","24.742","8.980","6.939","90.207"
"59","GS","Rod Randall","2","2:04.993","4:52.088","Green","Track","8.677","12.104","6.552","12.598","9.810","2.795","0.827","11.593","22.104","22.917","8.162","6.854","98.934"
"8","GS","Gunnar Jeannette","2","2:04.803","4:57.219","Green","Track","6.534","11.366","6.888","12.544","9.757","2.714","0.805","12.347","23.263","23.415","8.398","6.772","101.637"
"21","TCR","Harry Gottsacker","2","2:04.336","5:02.356","Green","Track","6.533","11.987","6.403","12.507","9.500","2.581","0.752","11.635","23.379","23.557","8.541","6.961","108.801"
"39","GS","Jeff Westphal","2","2:00.512","5:03.070","Green","Track","5.978","11.110","6.320","0.000","0.000","2.779","0.763","11.541","22.383","22.591","8.385","6.587","107.232"
"98","TCR","Michael Lewis","2","2:11.512","5:10.981","Green","Track","14.016","13.191","6.544","12.591","9.559","2.685","0.755","11.994","22.521","22.572","8.027","7.057","108.368"
"5","TCR","Roy Block","2","2:17.980","5:14.497","Green","Track","6.693","13.494","7.428","14.052","12.007","3.256","0.874","12.271","25.400","25.716","9.071","7.718","93.613"
"96","GS","Bill Auberlen","2","1:58.067","5:14.552","Green","Track","6.265","11.525","6.114","11.536","8.989","2.385","0.704","10.901","22.620","22.058","8.028","6.942","116.219"
"31","GS","Jeff Courtney","2","2:05.061","5:21.318","Green","Track","6.582","12.458","6.672","12.645","10.176","2.839","0.763","10.892","23.028","23.345","8.349","7.312","107.232"
"33","GS","Indy Dontje","2","1:55.748","5:25.465","Green","Track","5.699","10.974","5.901","11.793","9.130","2.554","0.707","10.553","22.132","22.025","8.068","6.212","115.726"
"7","GS","Alan Brynjolfsson","2","2:02.662","5:35.571","Green","Track","5.893","11.761","6.189","12.651","9.377","2.583","0.690","11.139","23.948","23.226","8.650","6.555","118.577"
"60","GS","Nate Stacy","2","2:04.740","5:41.696","Green","Track","6.561","12.407","6.920","13.083","10.022","2.703","0.786","11.202","23.549","22.489","8.057","6.961","104.094"
"57","GS","Christian Hohenadel","2","2:00.340","5:43.080","Green","Track","6.194","11.693","6.609","12.377","9.438","2.712","0.818","11.141","22.594","21.757","8.512","6.495","100.022"
"3","TCR","Alex Popow","1","5:53.990","5:53.990","Green","Track","16.732","15.037","7.869","14.356","10.102","2.954","0.925","12.806","24.807","24.826","9.185","7.415","88.452"
"2","GS","Kenton Koch","3","1:52.497","6:05.682","Green","Track","5.628","9.853","6.033","0.000","0.000","2.630","0.699","10.672","21.110","20.878","7.858","6.304","117.050"
"88","GS","Henry Schmitt","3","1:57.859","6:12.920","Green","Track","5.970","10.738","6.554","11.869","9.672","2.712","0.783","11.646","21.963","21.555","8.020","6.377","104.493"
"75","GS","Kuno Wittmer","3","1:55.035","6:20.990","Green","Track","5.812","10.511","5.930","11.831","9.073","2.495","0.728","10.686","21.890","21.409","8.002","6.668","112.388"
"82","GS","Devin Jones","3","2:00.790","6:24.352","Green","Track","6.211","11.114","6.261","11.895","9.819","2.796","0.847","11.542","22.778","22.579","8.164","6.784","96.598"
"89","TCR","Ryan Eversley","3","2:00.054","6:25.084","Green","Track","6.148","10.816","6.384","12.070","9.415","2.651","0.795","11.248","22.648","23.193","7.918","6.768","102.916"
"69","GS","Corey Fergus","3","1:55.273","6:39.217","Green","Track","5.818","10.814","6.180","11.874","9.223","2.476","0.673","10.293","21.691","21.844","8.134","6.253","121.572"
"81","TCR","Marco Cirone","3","2:03.011","6:49.530","Green","Track","6.234","11.196","6.652","12.978","10.092","2.598","0.699","11.075","23.227","22.947","8.405","6.908","117.050"
"59","GS","Rod Randall","3","1:58.032","6:50.120","Green","Track","5.843","10.630","6.243","11.909","9.965","2.929","0.820","11.100","21.625","22.338","8.053","6.577","99.778"
"13","GS","Orey Fidani","3","2:03.598","6:51.295","Green","Track","6.436","11.698","6.798","12.086","11.497","2.982","0.776","10.758","21.998","23.321","8.624","6.624","105.436"
"61","TCR","Jon Morley","3","2:11.774","6:55.769","Green","Track","7.016","11.556","7.172","12.690","13.401","3.498","1.031","12.836","23.226","23.963","8.510","6.875","79.358"
"8","GS","Gunnar Jeannette","3","2:00.259","6:57.478","Green","Track","6.190","10.999","6.583","12.287","9.398","2.667","0.744","11.520","22.662","22.411","8.298","6.500","109.971"
"12","TCR","Russell McDonough","2","2:18.490","7:00.382","Green","Track","14.013","14.767","7.380","12.972","10.132","2.720","0.744","12.057","24.718","23.457","8.334","7.196","109.971"
"39","GS","Jeff Westphal","3","1:57.705","7:00.775","Green","Track","6.187","10.945","5.958","11.867","9.258","2.581","0.684","10.667","21.814","22.745","8.520","6.479","119.617"
"21","TCR","Harry Gottsacker","3","2:03.469","7:05.825","Green","Track","6.285","11.363","7.233","12.653","10.029","2.544","0.713","11.393","22.474","23.135","8.582","7.065","114.752"
"98","TCR","Michael Lewis","3","1:56.071","7:07.052","Green","Track","5.925","10.939","6.034","12.090","9.318","2.396","0.654","10.750","21.442","21.918","7.991","6.614","125.104"
"96","GS","Bill Auberlen","3","1:55.844","7:10.396","Green","Track","6.149","10.717","6.082","11.792","8.941","2.330","0.699","10.927","21.918","21.986","7.814","6.489","117.050"
"33","GS","Indy Dontje","3","1:55.531","7:20.996","Green","Track","5.587","10.394","5.939","11.626","9.201","2.412","0.641","10.554","22.342","22.458","8.138","6.239","127.641"
"31","GS","Jeff Courtney","3","2:04.654","7:25.972","Green","Track","6.134","12.013","6.632","12.655","10.591","2.879","0.760","10.741","22.921","23.998","8.249","7.081","107.656"
"5","TCR","Roy Block","3","2:15.712","7:30.209","Green","Track","7.058","12.799","6.948","12.781","10.070","2.750","0.772","11.552","25.189","27.517","9.941","8.335","105.982"
"7","GS","Alan Brynjolfsson","3","1:58.337","7:33.908","Green","Track","5.537","10.898","5.680","11.881","9.069","2.317","0.633","10.818","23.295","23.223","8.327","6.659","129.255"
"57","GS","Christian Hohenadel","3","1:58.314","7:41.394","Green","Track","5.958","10.811","6.225","12.201","9.262","2.570","0.843","11.887","22.428","21.866","8.023","6.240","97.056"
"60","GS","Nate Stacy","3","2:02.802","7:44.498","Green","Track","5.781","10.978","6.232","12.300","9.742","2.778","0.847","12.838","24.416","22.151","8.260","6.479","96.598"
"3","TCR","Alex Popow","2","2:08.751","8:02.741","Green","Track","6.334","11.930","6.708","12.473","9.670","2.754","0.726","11.512","24.498","25.771","9.006","7.369","112.697"
"2","GS","Kenton Koch","4","1:57.039","8:02.721","Green","Track","5.438","9.935","5.617","0.000","0.000","2.406","0.640","9.992","20.926","26.431","8.396","6.689","127.841"
"88","GS","Henry Schmitt","4","1:56.594","8:09.514","Green","Track","5.878","10.889","6.217","11.719","9.192","2.545","0.771","11.905","21.830","21.395","7.957","6.296","106.120"
"75","GS","Kuno Wittmer","4","1:53.107","8:14.097","Green","Track","5.621","10.279","5.843","11.658","8.871","2.261","0.697","10.719","21.293","21.100","7.980","6.785","117.386"
"82","GS","Devin Jones","4","2:00.500","8:24.852","Green","Track","5.913","10.434","6.277","11.808","9.851","2.771","0.832","11.944","22.800","22.708","8.310","6.852","98.339"
"84","TCR","Brian Henderson","1","8:26.493","8:26.493","Green","Track","17.403","15.714","8.073","13.796","10.382","2.977","0.892","12.647","22.913","22.855","9.001","6.678","91.724"
"69","GS","Corey Fergus","4","1:52.809","8:32.026","Green","Track","5.680","10.204","5.792","11.675","8.859","2.291","0.654","10.543","21.395","21.480","8.058","6.178","125.104"
"59","GS","Rod Randall","4","1:54.369","8:44.489","Green","Track","5.728","11.076","6.017","11.828","8.904","2.399","0.713","10.344","21.425","21.523","7.990","6.422","114.752"
"81","TCR","Marco Cirone","4","2:02.163","8:51.693","Green","Track","6.045","11.127","6.318","12.856","9.666","2.513","0.748","11.727","23.034","22.894","8.495","6.740","109.383"
"13","GS","Orey Fidani","4","2:00.788","8:52.083","Green","Track","5.863","10.877","6.694","12.079","10.005","2.690","0.757","10.765","23.245","22.627","8.721","6.465","108.082"
"8","GS","Gunnar Jeannette","4","1:57.189","8:54.667","Green","Track","5.871","10.928","6.267","12.039","8.985","2.366","0.693","10.920","22.124","22.077","8.346","6.573","118.064"
"39","GS","Jeff Westphal","4","1:55.244","8:56.019","Green","Track","5.811","10.668","5.855","11.925","8.941","2.372","0.718","11.161","21.576","21.725","8.128","6.364","113.953"
"61","TCR","Jon Morley","4","2:03.756","8:59.525","Green","Track","6.150","10.685","6.572","12.671","11.101","2.787","0.829","12.189","22.535","23.125","8.467","6.645","98.695"
"12","TCR","Russell McDonough","3","2:02.755","9:03.137","Green","Track","6.914","11.918","6.397","12.445","9.416","2.469","0.692","11.333","23.021","23.226","8.022","6.902","118.234"
"98","TCR","Michael Lewis","4","1:56.465","9:03.517","Green","Track","5.749","10.579","6.065","12.050","9.276","2.328","0.661","10.936","21.444","22.579","8.155","6.643","123.779"
"21","TCR","Harry Gottsacker","4","2:01.722","9:07.547","Green","Track","6.109","11.245","7.267","12.582","9.548","2.448","0.699","11.141","22.445","22.340","8.676","7.222","117.050"
"96","GS","Bill Auberlen","4","1:57.192","9:07.588","Green","Track","5.788","10.738","6.146","11.524","8.790","2.350","0.734","11.517","21.856","22.517","8.246","6.986","111.469"
"33","GS","Indy Dontje","4","1:52.692","9:13.688","Green","Track","5.491","10.382","5.757","11.579","8.968","2.355","0.627","10.350","21.377","21.773","7.988","6.045","130.492"
"31","GS","Jeff Courtney","4","2:00.967","9:26.939","Green","Track","5.775","11.403","6.213","12.469","9.837","2.632","0.696","10.530","22.646","23.197","8.443","7.126","117.555"
"7","GS","Alan Brynjolfsson","4","1:56.640","9:30.548","Green","Track","5.805","11.232","5.739","11.874","9.095","2.336","0.633","10.647","22.644","21.911","8.199","6.525","129.255"
"57","GS","Christian Hohenadel","4","1:55.864","9:37.258","Green","Track","5.804","11.051","6.058","11.813","9.094","2.380","0.742","11.054","21.703","21.394","8.119","6.652","110.267"
"60","GS","Nate Stacy","4","1:56.027","9:40.525","Green","Track","5.496","10.759","6.176","11.977","9.476","2.508","0.697","10.639","22.067","21.972","7.900","6.360","117.386"
"5","TCR","Roy Block","4","2:14.851","9:45.060","Green","Track","7.960","13.411","7.270","13.234","10.137","2.704","0.762","11.819","25.551","25.611","8.995","7.397","107.373"
"75","GS","Kuno Wittmer","5","1:54.185","10:08.282","Green","Track","5.765","10.156","5.795","11.700","8.897","2.291","0.691","10.735","21.935","21.590","7.914","6.716","118.405"
"88","GS","Henry Schmitt","5","2:00.463","10:09.977","Green","Track","5.688","10.447","6.381","11.687","9.418","2.603","0.806","11.694","22.644","24.364","8.317","6.414","101.511"
"3","TCR","Alex Popow","3","2:11.919","10:14.660","Green","Track","7.324","12.923","6.700","12.497","9.796","2.601","0.714","11.548","27.059","24.553","8.859","7.345","114.591"
"82","GS","Devin Jones","5","1:57.578","10:22.430","Green","Track","6.018","10.630","6.163","11.891","9.509","2.614","0.798","11.010","22.132","22.210","8.106","6.497","102.529"
"69","GS","Corey Fergus","5","1:55.119","10:27.145","Green","Track","5.462","10.024","5.765","11.501","8.780","2.385","0.734","10.436","22.767","22.865","8.202","6.198","111.469"
"84","TCR","Brian Henderson","2","2:02.111","10:28.604","Green","Track","5.941","10.546","6.885","12.290","9.337","2.581","0.865","11.767","22.837","23.996","8.608","6.458","94.587"
"59","GS","Rod Randall","5","1:53.135","10:37.624","Green","Track","5.415","10.242","5.894","11.341","8.797","2.317","0.710","10.626","21.474","21.498","8.143","6.678","115.237"
"89","TCR","Ryan Eversley","4","4:14.666","10:39.750","Green","Pit","5.835","10.432","6.254","11.911","9.582","2.597","0.775","11.179","21.720","21.909","17.185","135.287","105.572"
"81","TCR","Marco Cirone","5","1:59.386","10:51.079","Green","Track","5.961","11.050","6.090","12.533","9.608","2.368","0.646","11.121","22.549","22.414","8.377","6.669","126.654"
"13","GS","Orey Fidani","5","1:59.352","10:51.435","Green","Track","6.024","11.311","6.334","11.975","9.868","2.520","0.692","10.908","22.782","22.130","8.362","6.446","118.234"
"39","GS","Jeff Westphal","5","1:57.714","10:53.733","Green","Track","5.684","10.236","6.102","11.967","8.947","2.452","0.748","11.877","22.452","22.798","8.135","6.316","109.383"
"98","TCR","Michael Lewis","5","1:57.389","11:00.906","Green","Track","6.133","11.517","6.368","12.258","9.357","2.411","0.668","10.757","21.342","21.897","8.099","6.582","122.482"
"33","GS","Indy Dontje","5","1:53.829","11:07.517","Green","Track","5.375","10.171","5.740","11.502","9.025","2.313","0.625","10.516","21.715","22.731","7.999","6.117","130.909"
"21","TCR","Harry Gottsacker","5","2:01.943","11:09.490","Green","Track","6.565","10.842","6.291","12.363","9.503","2.427","0.739","11.313","22.513","24.131","8.444","6.812","110.715"
"2","GS","Kenton Koch","5","3:13.653","11:16.374","Green","Pit","5.827","10.248","5.687","0.000","0.000","2.269","0.612","10.011","20.807","21.115","8.719","87.966","133.690"
"96","GS","Bill Auberlen","5","2:14.288","11:21.876","Green","Track","5.693","10.360","5.843","11.522","8.936","2.676","0.848","12.122","22.543","30.166","16.965","6.614","96.484"
"31","GS","Jeff Courtney","5","2:00.667","11:27.606","Green","Track","5.757","11.397","6.332","12.251","9.738","2.572","0.688","10.691","22.516","23.258","8.514","6.953","118.922"
"7","GS","Alan Brynjolfsson","5","1:57.202","11:27.750","Green","Track","5.495","10.727","5.671","11.753","9.048","2.359","0.724","10.955","22.434","22.934","8.292","6.810","113.009"
"57","GS","Christian Hohenadel","5","1:56.556","11:33.814","Green","Track","6.875","10.531","6.000","11.981","9.079","2.274","0.718","10.872","21.994","21.757","8.098","6.377","113.953"
"8","GS","Gunnar Jeannette","5","2:51.844","11:46.511","Green","Pit","5.678","10.813","6.139","11.928","9.023","2.505","0.750","11.532","22.714","24.119","9.892","56.751","109.091"
"5","TCR","Roy Block","5","2:06.763","11:51.823","Green","Track","5.963","11.257","6.416","12.635","9.734","2.538","0.734","11.753","24.240","24.905","8.966","7.622","111.469"
"75","GS","Kuno Wittmer","6","1:52.291","12:00.573","Green","Track","5.665","10.015","5.790","11.464","8.854","2.227","0.621","10.225","21.685","21.237","7.803","6.705","131.752"
"61","TCR","Jon Morley","5","3:09.442","12:08.967","Green","Pit","6.279","11.190","6.511","12.383","9.573","2.502","0.860","11.876","22.206","22.475","10.157","73.430","95.137"
"88","GS","Henry Schmitt","6","2:05.116","12:15.093","Green","Pit","5.958","10.546","6.329","11.810","9.089","2.505","0.759","11.579","21.727","22.341","9.999","12.474","107.797"
"3","TCR","Alex Popow","4","2:04.082","12:18.742","Green","Track","6.114","11.625","6.210","12.686","9.696","2.595","0.690","11.202","24.111","23.619","8.481","7.053","118.577"
"82","GS","Devin Jones","6","1:56.987","12:19.417","Green","Track","5.926","10.443","6.025","11.832","9.337","2.604","0.799","10.919","22.053","22.190","8.193","6.666","102.401"
"84","TCR","Brian Henderson","3","2:07.796","12:36.400","Red","Pit","5.879","10.701","6.917","12.362","9.614","2.522","0.718","11.521","21.972","22.749","10.584","12.257","113.953"
"12","TCR","Russell McDonough","4","3:39.621","12:42.758","Red","Pit","6.218","11.326","6.361","12.340","10.101","2.620","0.739","11.473","22.692","26.674","10.642","98.435","110.715"
"39","GS","Jeff Westphal","6","2:05.819","12:59.552","Red","Pit","5.696","10.502","6.452","0.000","0.000","2.483","0.724","11.207","21.524","24.155","10.287","11.591","113.009"
"13","GS","Orey Fidani","6","2:08.433","12:59.868","Red","Pit","6.136","11.841","6.504","11.752","9.483","2.505","0.705","10.626","22.100","23.058","9.914","13.809","116.054"
"98","TCR","Michael Lewis","6","2:04.454","13:05.360","Red","Pit","5.759","10.276","5.924","11.994","9.242","2.331","0.660","10.780","21.230","23.007","10.960","12.291","123.967"
"33","GS","Indy Dontje","6","2:02.640","13:10.157","Red","Pit","5.312","10.037","5.535","11.531","8.858","2.241","0.604","10.410","22.038","24.782","10.366","10.926","135.461"
"21","TCR","Harry Gottsacker","6","2:08.253","13:17.743","Red","Pit","5.776","10.551","6.225","12.652","9.669","2.385","0.679","10.814","22.751","24.287","10.912","11.552","120.498"
"2","GS","Kenton Koch","6","2:08.678","13:25.052","Red","Pit","13.915","12.227","5.999","0.000","0.000","2.268","0.610","10.039","21.183","21.507","9.316","10.914","134.128"
"31","GS","Jeff Courtney","6","2:13.370","13:40.976","Red","Pit","6.171","11.769","6.382","12.603","10.439","2.814","0.757","11.306","24.146","24.763","10.683","11.537","108.082"
"57","GS","Christian Hohenadel","6","2:12.646","13:46.460","Red","Pit","5.761","10.336","6.033","11.984","8.791","2.707","0.891","11.859","24.546","27.888","10.784","11.066","91.827"
"82","GS","Devin Jones","7","2:18.187","14:37.604","Red","Pit","7.107","11.912","7.387","13.320","10.713","3.243","0.986","12.260","23.626","23.530","10.885","13.218","82.980"
"69","GS","Corey Fergus","6","5:58.177","16:25.322","Green","Pit","5.591","10.229","5.885","11.759","8.840","2.251","0.659","10.415","21.403","22.027","10.169","248.949","124.155"
"89","TCR","Ryan Eversley","5","5:45.585","16:25.335","Green","Pit","16.126","12.832","6.491","11.682","9.427","2.396","0.682","10.763","21.097","22.402","10.047","221.640","119.968"
"81","TCR","Marco Cirone","6","5:36.500","16:27.579","Green","Pit","6.710","12.060","7.364","12.908","10.243","2.532","0.679","11.241","22.363","24.122","10.354","215.924","120.498"
"8","GS","Gunnar Jeannette","6","4:44.781","16:31.292","Green","Pit","13.918","12.475","6.518","13.640","10.555","3.216","1.124","13.575","28.237","28.197","13.406","139.920","72.792"
"59","GS","Kenny Wilden","6","5:07.996","16:43.176","Green","Pit","5.772","10.547","6.284","11.963","9.639","2.584","0.740","11.155","23.412","28.218","10.907","186.775","110.565"
"96","GS","Bill Auberlen","6","5:21.778","16:43.654","Green","Pit","5.744","10.217","5.803","11.522","8.884","2.209","0.636","10.296","21.348","22.199","9.811","213.109","128.645"
"75","GS","Kuno Wittmer","7","4:56.803","16:57.376","Green","Pit","5.623","10.179","6.102","11.938","9.976","2.992","1.014","13.831","28.117","28.204","14.163","164.664","80.689"
"60","GS","Kyle Marcelli","6","6:26.091","17:03.715","Green","Pit","5.635","11.481","6.457","66.573","8.772","2.266","0.682","10.687","21.411","21.537","9.495","278.194","119.968"
"5","TCR","Roy Block","6","5:48.023","17:39.846","Green","Pit","6.166","11.440","6.227","14.858","12.316","3.292","0.931","13.880","28.100","27.463","13.665","209.685","87.882"
"2","GS","Kenton Koch","7","4:44.713","18:09.765","Green","Track","175.422","13.239","6.301","0.000","0.000","2.335","0.654","10.349","20.951","20.714","7.963","6.181","125.104"
"3","TCR","Alex Popow","5","5:51.930","18:10.672","Green","Pit","6.363","11.814","6.530","13.782","10.058","2.831","0.794","11.988","24.282","23.605","10.657","229.226","103.046"
"61","TCR","Jon Morley","6","6:07.757","18:16.724","Green","Track","249.341","12.886","7.018","13.009","10.579","2.555","0.745","11.377","23.274","21.980","8.383","6.610","109.823"
"98","TCR","Michael Lewis","7","5:20.250","18:25.610","Green","Pit","199.635","12.749","6.319","11.940","9.402","2.463","0.685","10.843","21.532","22.764","10.369","11.549","119.443"
"82","GS","Devin Jones","8","3:50.011","18:27.615","Green","Track","115.155","13.350","6.485","11.728","9.700","2.789","0.820","11.165","22.124","21.923","8.110","6.662","99.778"
"21","TCR","Harry Gottsacker","7","5:13.628","18:31.371","Green","Track","198.315","13.057","6.461","12.394","9.373","2.388","0.700","11.110","22.621","22.032","8.521","6.656","116.883"
"13","GS","Orey Fidani","7","5:33.659","18:33.527","Green","Track","218.840","13.449","6.617","12.069","10.020","2.664","0.737","10.803","22.204","21.760","8.283","6.213","111.015"
"69","GS","Corey Fergus","7","2:08.585","18:33.907","Green","Track","16.836","12.264","6.640","11.778","9.062","2.824","0.758","10.633","21.654","21.788","8.165","6.183","107.940"
"84","TCR","Brian Henderson","4","5:59.629","18:36.029","Green","Track","243.329","12.951","7.247","11.511","10.006","2.795","0.825","11.818","21.954","22.258","8.348","6.587","99.174"
"89","TCR","Ryan Eversley","6","2:11.321","18:36.656","Green","Track","18.020","12.037","6.694","11.714","9.399","2.524","0.742","10.758","21.973","22.493","8.353","6.614","110.267"
"8","GS","Gunnar Jeannette","7","2:09.672","18:40.964","Green","Track","14.892","12.082","6.411","12.265","9.049","2.387","0.766","11.247","22.503","22.602","8.535","6.933","106.812"
"81","TCR","Marco Cirone","7","2:15.650","18:43.229","Green","Track","17.290","12.856","7.308","12.950","9.609","2.516","0.761","11.572","22.673","22.773","8.503","6.839","107.514"
"59","GS","Kenny Wilden","7","2:08.082","18:51.258","Green","Track","13.852","12.476","6.869","11.806","9.363","2.551","0.718","10.701","23.184","21.992","8.094","6.476","113.953"
"65","GS","Tim Probert","1","18:55.769","18:55.769","Green","Track","13.692","13.489","6.876","12.502","10.238","2.748","0.767","11.577","23.856","25.134","8.655","7.631","106.673"
"39","GS","Jeff Westphal","7","5:58.924","18:58.476","Green","Track","246.295","13.157","6.175","11.780","8.909","2.301","0.653","10.528","21.935","22.654","8.317","6.220","125.296"
"96","GS","Robby Foley","7","2:23.903","19:07.557","Green","Track","15.502","11.816","6.470","12.206","10.808","2.650","0.797","11.738","24.785","29.352","11.311","6.468","102.658"
"33","GS","Indy Dontje","7","6:07.851","19:18.008","Green","Track","259.202","12.139","6.084","11.634","8.871","2.255","0.600","10.226","21.300","21.484","7.942","6.114","136.364"
"57","GS","Christian Hohenadel","7","5:35.931","19:22.391","Green","Track","224.781","11.434","6.791","11.976","8.971","2.280","0.720","11.036","22.048","21.452","8.168","6.274","113.636"
"31","GS","Fred Roberts","7","6:03.638","19:44.614","Green","Track","233.398","13.884","7.866","13.045","10.688","2.943","0.852","12.868","25.242","25.775","9.371","7.706","96.031"
"73","TCR","Mat Pombo","1","19:49.047","19:49.047","Green","Track","245.600","13.933","8.116","13.710","10.490","2.864","0.779","13.400","25.231","24.135","8.647","6.881","105.030"
"2","GS","Kenton Koch","8","1:49.855","19:59.620","Green","Track","5.511","10.486","5.874","0.000","0.000","2.256","0.623","9.823","20.472","20.550","7.891","5.996","131.329"
"88","GS","Henry Schmitt","7","7:50.606","20:05.699","Green","Track","354.666","16.839","7.125","11.842","9.013","2.465","0.742","11.022","21.759","20.887","7.937","6.309","110.267"
"61","TCR","Jon Morley","7","2:00.383","20:17.107","Green","Track","6.066","10.499","6.224","12.565","9.347","2.545","0.791","12.013","23.623","21.987","8.383","6.340","103.436"
"82","GS","Devin Jones","9","1:57.260","20:24.875","Green","Track","5.937","10.371","6.118","11.678","9.636","2.821","0.846","10.972","21.847","21.386","8.383","7.265","96.712"
"5","TCR","Roy Block","7","2:45.591","20:25.437","Green","Track","28.629","17.847","8.951","14.686","10.477","2.753","0.789","12.106","26.711","25.370","9.061","8.211","103.699"
"69","GS","Corey Fergus","8","1:53.570","20:27.477","Green","Track","5.730","10.502","6.010","11.518","8.828","2.235","0.628","10.494","21.455","21.895","8.075","6.200","130.284"
"3","TCR","Alex Popow","6","2:21.031","20:31.703","Green","Track","16.377","14.567","6.366","12.352","10.670","3.096","0.941","12.405","23.586","24.765","8.831","7.075","86.948"
"21","TCR","Harry Gottsacker","8","2:00.666","20:32.037","Green","Track","5.826","10.538","6.051","12.447","9.687","2.491","0.717","11.427","22.522","23.071","8.916","6.973","114.112"
"13","GS","Orey Fidani","8","1:59.055","20:32.582","Green","Track","5.737","10.724","6.465","12.272","9.607","2.527","0.749","10.583","22.120","22.630","8.687","6.954","109.237"
"89","TCR","Ryan Eversley","7","1:56.393","20:33.049","Green","Track","5.866","10.454","6.167","11.557","9.323","2.396","0.725","10.689","21.211","22.254","8.678","7.073","112.853"
"98","TCR","Michael Lewis","8","2:09.849","20:35.459","Green","Track","13.919","14.267","7.193","11.912","9.261","2.577","0.798","11.483","22.066","21.448","7.960","6.965","102.529"
"81","TCR","Marco Cirone","8","2:00.583","20:43.812","Green","Track","6.108","10.806","6.202","12.259","9.482","2.349","0.633","11.089","22.658","23.001","8.871","7.125","129.255"
"59","GS","Kenny Wilden","8","1:52.748","20:44.006","Green","Track","5.736","10.522","5.911","11.019","8.996","2.353","0.655","10.327","21.131","20.909","8.461","6.728","124.913"
"84","TCR","Brian Henderson","5","2:09.371","20:45.400","Green","Pit","5.962","10.572","6.813","12.172","9.687","2.786","0.796","11.750","23.730","23.510","9.697","11.896","102.787"
"39","GS","Jeff Westphal","8","1:50.757","20:49.233","Green","Track","5.495","10.109","5.623","0.000","0.000","2.199","0.595","10.017","21.155","21.191","7.994","6.145","137.510"
"65","GS","Tim Probert","2","2:04.822","21:00.591","Green","Track","6.354","12.313","6.662","12.760","9.792","2.531","0.695","10.920","22.698","24.022","8.569","7.506","117.724"
"96","GS","Robby Foley","8","1:53.034","21:00.591","Green","Track","5.687","10.576","5.795","11.553","8.800","2.195","0.640","10.250","21.032","21.217","8.024","7.265","127.841"
"33","GS","Indy Dontje","8","1:50.575","21:08.583","Green","Track","5.349","9.857","5.546","11.308","8.773","2.190","0.585","10.080","21.526","21.297","7.983","6.081","139.860"
"57","GS","Christian Hohenadel","8","1:51.845","21:14.236","Green","Track","5.668","10.087","5.773","11.709","8.785","2.208","0.642","10.286","21.606","21.068","7.864","6.149","127.443"
"7","GS","Alan Brynjolfsson","6","10:08.980","21:36.730","Green","Pit","5.886","10.786","5.670","0.000","0.000","3.873","1.030","13.262","25.160","23.798","9.925","351.050","79.435"
"2","GS","Kenton Koch","9","1:50.034","21:49.654","Green","Track","5.312","9.657","5.483","0.000","0.000","2.225","0.613","9.919","21.119","21.570","7.805","6.340","133.472"
"73","TCR","Mat Pombo","2","2:03.212","21:52.259","Green","Track","5.722","10.939","6.357","12.797","9.561","2.471","0.734","11.507","24.055","23.899","8.320","6.850","111.469"
"31","GS","Fred Roberts","8","2:11.006","21:55.620","Green","Track","6.349","11.725","6.420","13.178","9.998","2.642","0.745","12.012","26.942","24.911","8.883","7.201","109.823"
"88","GS","Henry Schmitt","8","1:52.382","21:58.081","Green","Track","5.701","10.065","6.001","11.596","8.858","2.348","0.696","10.695","21.382","20.838","8.085","6.117","117.555"
"12","TCR","Russell McDonough","5","9:26.704","22:09.462","Green","Pit","217.056","13.808","7.287","12.564","9.442","2.536","0.755","11.078","23.150","22.725","54.653","191.650","108.368"
"82","GS","Devin Jones","10","1:53.974","22:18.849","Green","Track","5.809","10.110","5.901","11.523","9.161","2.416","0.726","10.463","21.464","21.513","8.271","6.617","112.697"
"69","GS","Corey Fergus","9","1:52.265","22:19.742","Green","Track","5.691","10.426","5.699","11.617","8.780","2.202","0.638","10.335","21.264","21.317","8.086","6.210","128.242"
"89","TCR","Ryan Eversley","8","1:57.198","22:30.247","Green","Track","5.972","11.131","6.081","11.638","9.539","2.366","0.688","10.611","22.208","22.567","7.997","6.400","118.922"
"3","TCR","Alex Popow","7","2:00.199","22:31.902","Green","Track","5.947","10.917","5.859","12.170","9.272","2.376","0.709","11.320","22.765","23.757","8.448","6.659","115.399"
"98","TCR","Mark Wilkins","9","1:58.578","22:34.037","Green","Track","5.884","10.342","6.840","12.074","9.348","2.391","0.711","11.004","21.565","23.516","8.027","6.876","115.075"
"21","TCR","Harry Gottsacker","9","2:02.837","22:34.874","Green","Track","6.250","11.427","7.393","12.465","9.909","2.394","0.647","10.687","21.866","24.687","8.308","6.804","126.458"
"59","GS","Kenny Wilden","9","1:53.075","22:37.081","Green","Track","5.618","10.371","5.846","11.125","8.944","2.285","0.636","10.129","21.365","21.608","8.244","6.904","128.645"
"5","TCR","Roy Block","8","2:11.729","22:37.166","Green","Track","6.520","11.996","6.813","12.939","9.811","2.482","0.687","11.397","24.145","27.425","9.735","7.779","119.095"
"39","GS","Jeff Westphal","9","1:51.925","22:41.158","Green","Track","5.488","10.116","5.571","11.472","8.782","2.191","0.598","9.905","21.363","22.172","8.249","6.018","136.820"
"13","GS","Orey Fidani","9","2:13.479","22:46.061","Green","Pit","6.361","11.227","7.672","12.470","10.918","2.537","0.702","10.609","21.870","24.206","12.322","12.585","116.550"
"81","TCR","Marco Cirone","9","2:06.861","22:50.673","Green","Pit","6.269","10.692","6.161","12.436","9.460","2.325","0.621","10.351","22.172","21.948","13.219","11.207","131.752"
"96","GS","Robby Foley","9","1:52.163","22:52.754","Green","Track","5.693","10.081","5.594","11.590","8.973","2.205","0.595","10.161","21.377","21.684","7.966","6.244","137.510"
"33","GS","Indy Dontje","9","1:51.789","23:00.372","Green","Track","5.416","9.961","5.705","11.302","8.784","2.184","0.584","10.109","21.350","22.481","7.925","5.988","140.100"
"65","GS","Tim Probert","3","2:02.000","23:02.591","Green","Track","6.517","11.259","6.320","12.600","9.342","2.351","0.675","10.843","22.745","23.711","8.619","7.018","121.212"
"57","GS","Christian Hohenadel","9","1:53.509","23:07.745","Green","Track","5.581","10.687","5.853","12.072","9.017","2.207","0.638","10.460","21.610","21.230","8.002","6.152","128.242"
"2","GS","Kenton Koch","10","1:48.073","23:37.727","Green","Track","5.469","9.488","5.396","0.000","0.000","2.201","0.592","9.906","20.563","20.250","8.011","6.297","138.206"
"7","GS","Alan Brynjolfsson","7","2:11.686","23:48.416","Green","Track","14.578","13.845","7.085","12.978","9.460","2.448","0.656","10.840","22.833","22.233","8.385","6.345","124.723"
"73","TCR","Mat Pombo","3","1:59.752","23:52.011","Green","Track","6.059","10.959","6.538","12.456","9.643","2.491","0.686","10.589","22.580","22.873","8.118","6.760","119.268"
"88","GS","Henry Schmitt","9","1:54.271","23:52.352","Green","Track","5.593","10.090","5.954","11.476","8.856","2.335","0.712","11.221","21.792","21.676","8.152","6.414","114.913"
"31","GS","Fred Roberts","9","2:07.264","24:02.884","Green","Track","6.079","11.847","7.150","13.314","9.863","2.668","0.736","12.093","24.100","23.386","8.882","7.146","111.166"
"82","GS","Devin Jones","11","1:52.954","24:11.803","Green","Track","5.683","10.028","5.845","11.530","8.997","2.371","0.735","10.484","21.371","21.208","8.197","6.505","111.317"
"12","TCR","Russell McDonough","6","2:12.215","24:21.677","Green","Track","13.979","13.591","6.913","12.394","9.888","2.552","0.722","11.144","22.525","23.156","8.518","6.833","113.322"
"89","TCR","Ryan Eversley","9","1:53.210","24:23.457","Green","Track","5.567","9.872","5.894","11.560","9.494","2.362","0.669","10.582","21.219","21.532","7.919","6.540","122.299"
"3","TCR","Alex Popow","8","1:55.080","24:26.982","Green","Track","5.576","10.235","5.814","11.997","9.219","2.298","0.658","10.933","22.143","21.592","8.121","6.494","124.344"
"59","GS","Kenny Wilden","10","1:50.690","24:27.771","Green","Track","5.675","9.939","5.869","11.422","8.913","2.278","0.634","10.130","20.677","20.888","8.050","6.215","129.051"
"98","TCR","Mark Wilkins","10","1:59.595","24:33.632","Green","Pit","5.781","10.008","5.934","11.878","9.351","2.319","0.667","10.595","20.968","21.573","9.254","11.267","122.666"
"21","TCR","Harry Gottsacker","10","1:58.751","24:33.625","Green","Track","5.932","10.492","6.019","12.225","9.804","2.466","0.682","10.987","22.022","22.832","8.679","6.611","119.968"
"39","GS","Jeff Westphal","10","1:58.311","24:39.469","Green","Pit","5.521","10.107","5.888","11.697","8.783","2.211","0.628","10.266","21.237","21.533","9.667","10.773","130.284"
"5","TCR","Roy Block","9","2:07.088","24:44.254","Green","Track","6.602","11.250","6.407","12.522","10.458","2.663","0.735","11.351","23.931","24.538","8.716","7.915","111.317"
"96","GS","Robby Foley","10","1:51.574","24:44.328","Green","Track","5.433","9.793","5.455","11.235","8.713","2.183","0.587","9.845","20.889","21.347","8.412","7.682","139.384"
"33","GS","Indy Dontje","10","1:53.213","24:53.585","Green","Track","5.344","9.817","6.052","11.449","9.351","2.381","0.623","10.358","22.039","21.797","7.951","6.051","131.329"
"13","GS","Orey Fidani","10","2:08.689","24:54.750","Green","Track","14.860","13.445","6.496","11.571","10.288","2.704","0.698","10.320","21.824","21.978","8.152","6.353","117.218"
"81","TCR","Marco Cirone","10","2:07.305","24:57.978","Green","Track","11.452","11.694","6.031","12.250","9.396","2.325","0.623","10.381","22.418","25.548","8.565","6.622","131.329"
"65","GS","Tim Probert","4","1:59.984","25:02.575","Green","Track","5.846","11.061","5.978","12.553","9.427","2.306","0.648","10.949","22.673","23.263","8.414","6.866","126.263"
"69","GS","Corey Fergus","10","2:47.802","25:07.544","Green","Pit","5.662","10.380","5.953","11.587","8.823","2.232","0.668","10.404","21.055","21.425","9.312","60.301","122.482"
"57","GS","Christian Hohenadel","10","2:00.062","25:07.807","Green","Track","5.688","10.606","5.819","12.051","9.002","2.206","0.604","10.263","27.983","21.540","7.960","6.340","135.461"
"84","TCR","Brian Henderson","6","4:25.901","25:11.301","Green","Track","156.056","12.546","6.489","11.302","9.283","2.346","0.661","10.223","21.500","21.038","7.956","6.501","123.779"
"2","GS","Kenton Koch","11","1:47.698","25:25.425","Green","Track","5.419","9.531","5.366","0.000","0.000","2.205","0.592","9.827","20.266","20.281","7.864","6.130","138.206"
"8","GS","Gunnar Jeannette","8","6:55.096","25:36.060","Green","Pit","6.042","10.935","6.286","12.181","9.072","2.440","0.725","12.084","23.415","23.212","9.755","298.949","112.853"
"61","TCR","Jon Morley","8","5:21.400","25:38.507","Green","Pit","5.996","10.521","6.341","12.410","9.313","2.349","0.730","11.141","22.376","23.307","10.251","206.665","112.080"
"7","GS","Alan Brynjolfsson","8","1:54.737","25:43.153","Green","Track","5.541","10.523","5.702","11.835","8.914","2.221","0.598","10.383","22.350","22.206","8.238","6.226","136.820"
"73","TCR","Mat Pombo","4","1:59.455","25:51.466","Green","Track","6.621","10.979","6.376","12.275","9.485","2.358","0.655","10.940","22.860","22.196","8.314","6.396","124.913"
"88","GS","Henry Schmitt","10","2:00.283","25:52.635","Green","Pit","5.764","10.263","5.934","11.406","8.831","2.324","0.700","11.023","21.589","21.262","9.736","11.451","116.883"
"82","GS","Devin Jones","12","1:53.489","26:05.292","Green","Track","5.649","10.080","5.717","11.529","9.044","2.319","0.697","10.161","21.238","21.377","8.352","7.326","117.386"
"31","GS","Fred Roberts","10","2:02.946","26:05.830","Green","Track","5.829","11.337","6.261","12.713","9.457","2.443","0.683","11.138","23.012","23.293","8.900","7.880","119.792"
"12","TCR","Russell McDonough","7","2:00.694","26:22.371","Green","Track","6.029","11.034","6.363","12.844","9.720","2.437","0.674","11.105","22.350","22.497","8.908","6.733","121.392"
"3","TCR","Alex Popow","9","1:56.429","26:23.411","Green","Track","5.625","10.155","5.802","11.917","9.187","2.320","0.682","10.895","22.167","22.250","8.691","6.738","119.968"
"21","TCR","Harry Gottsacker","11","1:58.880","26:32.505","Green","Track","5.887","10.542","6.081","12.370","9.508","2.360","0.669","10.673","22.572","22.925","8.495","6.798","122.299"
"96","GS","Robby Foley","11","1:56.760","26:41.088","Green","Track","5.769","9.911","5.548","11.398","8.840","2.193","0.587","10.203","21.543","26.593","7.995","6.180","139.384"
"33","GS","Indy Dontje","11","1:50.771","26:44.356","Green","Track","5.316","9.814","5.534","11.278","8.747","2.174","0.584","10.124","21.719","21.504","7.946","6.031","140.100"
"13","GS","Orey Fidani","11","1:53.170","26:47.920","Green","Track","5.496","10.291","5.699","11.455","9.259","2.330","0.647","10.363","21.606","21.684","8.081","6.259","126.458"
"5","TCR","Roy Block","10","2:07.571","26:51.825","Green","Track","6.685","11.611","6.280","12.933","9.702","2.414","0.699","11.412","24.489","25.042","8.735","7.569","117.050"
"65","GS","Tim Probert","5","1:59.886","27:02.461","Green","Track","5.759","10.732","5.973","12.744","9.304","2.282","0.648","11.094","22.832","23.042","8.408","7.068","126.263"
"57","GS","Christian Hohenadel","11","1:54.705","27:02.512","Green","Track","5.703","10.295","5.608","11.575","8.785","2.185","0.604","10.339","21.376","22.870","8.919","6.446","135.461"
"84","TCR","Brian Henderson","7","1:52.673","27:03.974","Green","Track","5.653","9.946","5.953","11.322","9.280","2.348","0.673","10.346","21.218","20.869","8.358","6.707","121.572"
"69","GS","Corey Fergus","11","2:04.388","27:11.932","Green","Track","16.810","12.503","5.941","11.397","8.734","2.198","0.612","10.206","20.806","20.639","8.006","6.536","133.690"
"81","TCR","Marco Cirone","11","2:22.030","27:20.008","Green","Pit","5.777","10.460","5.717","12.392","9.583","2.343","0.625","10.154","21.675","21.788","25.748","15.768","130.909"
"7","GS","Alan Brynjolfsson","9","1:52.942","27:36.095","Green","Track","5.477","10.464","5.567","11.748","9.000","2.231","0.598","10.284","21.809","21.217","8.222","6.325","136.820"
"73","TCR","Mat Pombo","5","1:56.631","27:48.097","Green","Track","5.666","10.372","6.042","12.160","9.443","2.363","0.650","10.706","22.419","22.043","8.174","6.593","125.874"
"82","GS","Devin Jones","13","1:53.119","27:58.411","Green","Track","5.807","10.021","5.725","11.371","9.217","2.568","0.765","10.435","21.343","21.158","8.189","6.520","106.952"
"89","TCR","Ryan Eversley","10","3:42.911","28:06.368","Green","Pit","5.620","10.153","6.140","12.147","9.611","2.373","0.650","10.253","21.128","21.640","9.075","114.121","125.874"
"31","GS","Fred Roberts","11","2:09.693","28:15.523","Green","Track","6.420","11.260","5.997","12.926","9.521","2.580","0.762","11.824","25.516","24.947","9.698","8.242","107.373"
"8","GS","Rodrigo Sales","9","2:39.683","28:15.743","Green","Track","17.032","17.057","8.337","15.543","11.958","3.512","0.901","13.837","26.868","25.966","9.840","8.832","90.808"
"61","TCR","Gavin Ernstone","9","2:41.425","28:19.932","Green","Track","16.258","16.469","9.304","14.390","12.803","3.230","0.906","12.999","27.308","30.143","9.183","8.432","90.307"
"12","TCR","Russell McDonough","8","1:57.625","28:19.996","Green","Track","5.902","10.633","6.232","11.971","9.433","2.419","0.649","10.671","21.789","22.499","8.662","6.765","126.068"
"3","TCR","Alex Popow","10","2:00.280","28:23.691","Green","Track","5.863","10.342","5.857","12.337","9.379","2.317","0.667","10.965","23.703","23.315","8.963","6.572","122.666"
"96","GS","Robby Foley","12","1:51.358","28:32.446","Green","Track","5.415","9.859","5.544","11.193","8.657","2.173","0.597","10.228","21.739","21.830","7.897","6.226","137.049"
"33","GS","Indy Dontje","12","1:50.062","28:34.418","Green","Track","5.296","9.869","5.475","11.142","8.744","2.178","0.581","10.034","21.079","21.654","7.962","6.048","140.823"
"59","GS","Kenny Wilden","11","4:06.890","28:34.661","Green","Pit","5.536","9.801","6.268","11.659","9.316","2.525","0.733","10.694","21.942","22.175","9.422","136.819","111.621"
"39","GS","Tyler McQuarrie","11","3:57.361","28:36.830","Green","Track","118.568","12.946","7.169","12.507","9.099","2.399","0.683","11.520","23.823","23.986","8.145","6.516","119.792"
"21","TCR","Harry Gottsacker","12","2:05.506","28:38.011","Green","Pit","5.869","10.522","5.968","12.211","9.184","2.319","0.635","10.888","22.633","22.414","10.260","12.603","128.848"
"13","GS","Orey Fidani","12","1:53.718","28:41.638","Green","Track","5.399","10.545","6.113","11.494","9.077","2.273","0.645","10.421","21.631","21.477","8.147","6.496","126.850"
"57","GS","Christian Hohenadel","12","1:52.827","28:55.339","Green","Track","5.654","10.338","5.723","11.840","9.033","2.204","0.600","10.413","21.269","20.941","7.995","6.817","136.364"
"5","TCR","Roy Block","11","2:03.649","28:55.474","Green","Track","6.159","11.205","6.252","12.761","9.491","2.362","0.662","11.015","23.196","24.146","8.656","7.744","123.592"
"84","TCR","Brian Henderson","8","1:53.136","28:57.110","Green","Track","5.736","10.192","6.729","11.457","9.297","2.347","0.681","10.408","21.109","20.687","8.068","6.425","120.144"
"65","GS","Tim Probert","6","2:01.751","29:04.212","Green","Track","6.296","10.869","6.637","12.842","9.363","2.371","0.667","11.124","22.974","22.914","8.361","7.333","122.666"
"69","GS","Corey Fergus","12","1:52.365","29:04.297","Green","Track","5.483","10.050","5.610","11.217","8.694","2.189","0.583","9.830","20.927","22.079","8.517","7.186","140.340"
"98","TCR","Mark Wilkins","11","4:49.194","29:22.826","Green","Track","178.355","13.088","6.276","11.928","9.237","2.319","0.631","10.496","21.046","21.321","7.961","6.536","129.664"
"7","GS","Alan Brynjolfsson","10","1:52.950","29:29.045","Green","Track","5.461","10.347","5.649","11.941","8.864","2.212","0.598","10.286","22.075","21.334","7.970","6.213","136.820"
"2","GS","Kenton Koch","12","4:08.089","29:33.514","Green","Pit","5.379","9.685","5.455","0.000","0.000","2.199","0.590","9.920","20.409","21.089","8.870","144.617","138.675"
"81","TCR","Marco Cirone","12","2:17.671","29:37.679","Green","Track","22.863","13.148","6.253","12.617","9.573","2.366","0.633","10.454","22.223","22.347","8.385","6.809","129.255"
"73","TCR","Mat Pombo","6","1:56.995","29:45.092","Green","Track","5.769","10.281","5.900","12.927","9.403","2.363","0.695","11.106","22.068","21.882","8.198","6.403","117.724"
"88","GS","Henry Schmitt","11","3:54.329","29:46.964","Green","Track","125.991","12.005","6.087","11.365","8.911","2.324","0.711","11.003","21.251","20.765","7.936","5.980","115.075"
"82","GS","Devin Jones","14","1:51.737","29:50.148","Green","Track","5.640","9.931","5.712","11.606","8.966","2.278","0.689","10.199","21.093","21.324","7.962","6.337","118.749"
"31","GS","Fred Roberts","12","2:02.442","30:17.965","Green","Track","6.201","10.961","6.290","12.715","9.611","2.530","0.686","11.263","22.951","23.339","8.789","7.106","119.268"
"12","TCR","Russell McDonough","9","1:58.869","30:18.865","Green","Track","5.762","10.468","6.411","12.663","10.017","2.765","0.710","10.431","21.958","22.574","8.574","6.536","115.237"
"8","GS","Rodrigo Sales","10","2:10.263","30:26.006","Green","Track","7.085","12.346","6.673","13.316","10.026","2.977","0.798","11.704","24.979","23.971","8.937","7.451","102.529"
"89","TCR","Chad Gilsinger","11","2:20.153","30:26.521","Green","Track","16.431","13.757","7.149","12.588","9.968","2.779","0.847","11.901","24.374","24.120","8.928","7.311","96.598"
"39","GS","Tyler McQuarrie","12","1:54.083","30:30.913","Green","Track","5.639","9.894","5.990","11.593","8.769","2.195","0.608","10.989","21.894","21.292","8.347","6.873","134.569"
"61","TCR","Gavin Ernstone","10","2:11.176","30:31.108","Green","Track","7.464","11.570","7.223","12.738","10.233","2.737","0.820","12.630","24.132","25.567","8.569","7.493","99.778"
"33","GS","Indy Dontje","13","1:59.313","30:33.731","Green","Pit","5.395","9.640","5.665","11.360","8.762","2.176","0.585","10.388","22.063","22.481","9.870","10.928","139.860"
"13","GS","Orey Fidani","13","1:54.053","30:35.691","Green","Track","5.614","10.539","6.019","11.643","9.103","2.472","0.680","10.519","21.379","21.467","8.208","6.410","120.321"
"96","GS","Robby Foley","13","2:13.900","30:46.346","Green","Track","5.302","9.770","5.518","11.247","8.666","2.171","0.599","10.716","23.497","31.790","17.979","6.645","136.591"
"57","GS","Christian Hohenadel","13","1:52.003","30:47.342","Green","Track","5.736","10.562","5.689","11.600","8.755","2.183","0.595","10.197","21.168","20.907","7.771","6.840","137.510"
"69","GS","Corey Fergus","13","1:51.948","30:56.245","Green","Track","5.761","10.448","5.584","11.456","8.721","2.184","0.591","10.020","21.993","21.070","7.967","6.153","138.440"
"84","TCR","Brian Henderson","9","1:59.634","30:56.744","Green","Pit","5.702","10.608","6.154","11.349","9.245","2.335","0.646","10.120","20.827","21.248","9.391","12.009","126.654"
"65","GS","Tim Probert","7","1:59.497","31:03.709","Green","Track","6.623","10.860","6.113","12.263","9.109","2.273","0.616","10.628","22.500","22.456","8.776","7.280","132.822"
"5","TCR","Roy Block","12","2:09.281","31:04.755","Green","Track","6.299","11.860","6.896","12.856","9.582","2.403","0.699","11.327","24.575","24.240","10.122","8.422","117.050"
"98","TCR","Mark Wilkins","12","1:52.770","31:15.596","Green","Track","5.656","10.047","5.928","11.917","9.395","2.326","0.626","10.285","20.675","20.954","8.047","6.914","130.700"
"81","TCR","Marco Cirone","13","1:56.844","31:34.523","Green","Track","5.983","10.575","6.008","12.281","9.421","2.323","0.622","10.225","22.037","22.029","8.634","6.706","131.540"
"2","GS","Tyler Cooke","13","2:05.699","31:39.213","Green","Track","13.908","13.057","6.242","11.811","8.876","2.243","0.622","10.510","22.025","21.659","8.079","6.667","131.540"
"88","GS","Henry Schmitt","12","1:52.618","31:39.582","Green","Track","5.563","10.033","6.472","11.693","8.979","2.346","0.674","10.624","21.200","20.662","8.001","6.371","121.392"
"73","TCR","Mat Pombo","7","1:57.542","31:42.634","Green","Track","5.741","10.159","7.177","12.193","9.515","2.615","0.715","11.349","21.948","21.607","8.100","6.423","114.431"
"82","GS","Devin Jones","15","1:52.977","31:43.125","Green","Track","5.572","9.921","5.834","11.461","8.963","2.441","0.744","10.877","21.488","21.293","8.058","6.325","109.971"
"7","GS","Alan Brynjolfsson","11","2:52.891","32:21.936","Green","Pit","5.458","10.565","6.204","12.124","9.355","2.559","0.754","11.515","23.145","23.699","10.701","56.812","108.512"
"31","GS","Fred Roberts","13","2:03.990","32:21.955","Green","Track","5.789","11.265","7.123","12.790","9.579","2.678","0.752","11.398","23.322","23.792","8.534","6.968","108.801"
"89","TCR","Chad Gilsinger","12","1:58.034","32:24.555","Green","Track","6.068","10.475","6.104","12.160","9.411","2.360","0.673","11.123","22.804","21.683","7.982","7.191","121.572"
"39","GS","Tyler McQuarrie","13","1:53.745","32:24.658","Green","Track","5.626","9.798","5.879","11.557","8.799","2.198","0.646","10.780","21.893","22.100","8.028","6.441","126.654"
"3","TCR","Alex Popow","11","4:03.450","32:27.141","Green","Pit","5.546","10.163","6.143","12.282","9.285","2.490","0.785","12.248","23.972","24.393","10.493","125.650","104.227"
"13","GS","Orey Fidani","14","1:57.178","32:32.869","Green","Track","5.488","10.292","5.998","11.452","8.920","2.368","0.736","11.064","24.293","22.363","7.850","6.354","111.166"
"61","TCR","Gavin Ernstone","11","2:05.303","32:36.411","Green","Track","6.288","11.010","6.780","12.286","9.575","2.605","0.716","11.117","24.562","24.408","8.630","7.326","114.271"
"8","GS","Rodrigo Sales","11","2:12.212","32:38.218","Green","Track","7.660","12.341","6.922","13.015","10.312","2.742","0.703","11.159","24.662","26.192","9.024","7.480","116.384"
"57","GS","Christian Hohenadel","14","1:58.710","32:46.052","Green","Pit","5.716","10.366","5.832","11.930","8.994","2.203","0.591","10.144","21.258","21.296","9.534","10.846","138.440"
"69","GS","Corey Fergus","14","1:50.271","32:46.516","Green","Track","5.440","9.894","5.554","11.428","8.794","2.206","0.587","9.750","20.774","21.421","8.172","6.251","139.384"
"65","GS","Tim Probert","8","1:57.691","33:01.400","Green","Track","5.883","10.599","5.990","12.583","9.459","2.275","0.606","10.432","22.133","22.303","8.423","7.005","135.014"
"98","TCR","Mark Wilkins","13","1:52.337","33:07.933","Green","Track","5.700","9.828","5.708","11.576","9.057","2.300","0.631","10.359","20.878","21.209","8.129","6.962","129.664"
"5","TCR","Roy Block","13","2:06.311","33:11.066","Green","Track","6.675","11.471","6.694","13.039","9.525","2.419","0.740","11.743","23.290","24.963","8.522","7.230","110.565"
"21","TCR","Harry Gottsacker","13","4:41.412","33:19.423","Green","Track","166.013","13.937","6.321","12.162","9.386","2.345","0.627","10.391","22.469","22.500","8.491","6.770","130.492"
"81","TCR","Marco Cirone","14","1:54.979","33:29.502","Green","Track","5.746","10.265","5.755","12.456","9.431","2.324","0.622","10.225","21.575","21.569","8.631","6.380","131.540"
"2","GS","Tyler Cooke","14","1:51.636","33:30.849","Green","Track","5.584","10.174","5.637","0.000","0.000","2.217","0.598","10.237","21.456","21.009","8.061","6.475","136.820"
"88","GS","Henry Schmitt","13","1:52.366","33:31.948","Green","Track","5.755","10.152","5.878","11.393","8.734","2.242","0.657","10.653","21.508","21.062","8.026","6.306","124.533"
"73","TCR","Mat Pombo","8","1:52.957","33:35.591","Green","Track","5.577","10.007","5.791","11.811","9.249","2.337","0.631","10.313","21.234","21.683","7.832","6.492","129.664"
"82","GS","Devin Jones","16","1:59.630","33:42.755","Green","Pit","5.628","9.847","6.126","11.570","9.130","2.395","0.712","10.672","21.279","21.614","9.423","11.234","114.913"
"39","GS","Tyler McQuarrie","14","1:50.549","34:15.207","Green","Track","5.398","10.084","5.799","11.499","8.827","2.207","0.606","10.251","21.109","20.625","7.989","6.155","135.014"
"89","TCR","Chad Gilsinger","13","1:57.112","34:21.667","Green","Track","5.960","10.327","6.062","12.054","9.416","2.356","0.660","11.061","22.486","21.639","8.067","7.024","123.967"
"12","TCR","Russell McDonough","10","4:04.959","34:23.824","Green","Pit","5.689","10.628","6.126","12.191","9.338","2.315","0.618","10.081","21.559","22.514","9.470","134.430","132.392"
"31","GS","Fred Roberts","14","2:03.184","34:25.139","Green","Track","5.874","11.018","6.074","12.593","9.802","2.637","0.730","11.392","23.759","23.660","8.598","7.047","112.080"
"13","GS","Orey Fidani","15","2:04.311","34:37.180","Green","Pit","5.448","10.455","6.230","11.716","9.037","2.361","0.685","10.659","21.663","21.601","10.858","13.598","119.443"
"61","TCR","Gavin Ernstone","12","2:06.391","34:42.802","Green","Track","6.537","11.554","6.661","12.681","9.701","2.496","0.778","11.950","23.768","24.481","8.812","6.972","105.165"
"8","GS","Rodrigo Sales","12","2:08.753","34:46.971","Green","Track","6.291","12.036","6.402","12.810","9.579","2.668","0.735","11.945","24.768","24.685","9.324","7.510","111.317"
"3","TCR","Alex Popow","12","2:23.459","34:50.600","Green","Track","19.014","15.939","7.271","12.572","10.283","2.846","0.743","11.442","23.684","24.089","8.486","7.090","110.119"
"65","GS","Tim Probert","9","1:57.418","34:58.818","Green","Track","5.968","10.822","6.098","12.399","9.066","2.230","0.615","10.731","22.040","22.324","8.321","6.804","133.038"
"98","TCR","Mark Wilkins","14","2:00.917","35:08.850","Green","Pit","5.725","9.922","5.802","11.981","9.360","2.334","0.662","10.701","21.207","21.858","9.345","12.020","123.592"
"5","TCR","Roy Block","14","2:03.131","35:14.197","Green","Track","6.118","11.227","6.074","12.608","9.633","2.384","0.689","11.267","22.750","23.760","9.176","7.445","118.749"
"21","TCR","Harry Gottsacker","14","1:55.576","35:14.999","Green","Track","5.845","10.386","5.946","12.013","9.285","2.335","0.625","10.564","21.766","21.726","8.294","6.791","130.909"
"2","GS","Tyler Cooke","15","1:52.056","35:22.905","Green","Track","5.572","10.039","5.737","0.000","0.000","2.241","0.598","10.061","21.365","21.230","7.912","6.421","136.820"
"81","TCR","Marco Cirone","15","1:57.436","35:26.938","Green","Track","5.736","10.531","5.834","12.373","9.607","2.332","0.623","10.565","22.165","22.042","8.613","7.015","131.329"
"96","GS","Robby Foley","14","4:42.681","35:29.027","Green","Pit","5.497","9.834","5.509","11.183","8.722","2.193","0.587","9.900","20.997","21.589","10.773","175.897","139.384"
"88","GS","Henry Schmitt","14","2:03.577","35:35.525","Green","Pit","5.883","10.408","6.236","11.667","8.943","2.317","0.688","10.968","21.760","22.324","10.369","12.014","118.922"
"73","TCR","Mat Pombo","9","2:03.241","35:38.832","Green","Pit","5.572","9.961","5.950","11.893","9.401","2.348","0.634","10.294","21.421","21.889","10.432","13.446","129.051"
"84","TCR","Brian Henderson","10","5:03.499","36:00.243","Green","Track","184.508","12.641","6.687","12.332","9.384","2.374","0.725","12.078","23.861","23.278","9.039","6.592","112.853"
"39","GS","Tyler McQuarrie","15","1:51.216","36:06.423","Green","Track","5.269","9.950","5.832","11.413","8.804","2.198","0.604","10.254","21.294","21.179","8.254","6.165","135.461"
"69","GS","Corey Fergus","15","3:28.228","36:14.744","Green","Pit","5.443","10.024","5.872","11.505","8.724","2.255","0.689","10.491","22.014","21.387","9.948","99.876","118.749"
"89","TCR","Chad Gilsinger","14","1:54.005","36:15.672","Green","Track","5.762","10.048","5.763","11.802","9.340","2.358","0.632","10.314","21.988","21.106","7.914","6.978","129.459"
"31","GS","Fred Roberts","15","2:02.601","36:27.740","Green","Track","5.958","11.126","5.827","12.611","9.997","2.792","0.796","11.992","22.702","23.386","8.560","6.854","102.787"
"61","TCR","Gavin Ernstone","13","2:08.072","36:50.874","Green","Track","6.341","11.214","6.626","12.577","10.150","2.857","0.850","12.738","24.886","23.830","8.822","7.181","96.257"
"3","TCR","Mark Kvamme","13","2:06.994","36:57.594","Green","Track","6.061","11.763","5.807","13.264","10.148","2.707","0.727","11.565","23.730","24.882","8.962","7.378","112.542"
"8","GS","Rodrigo Sales","13","2:10.655","36:57.626","Green","Track","6.019","11.854","6.562","13.177","9.600","3.045","0.889","11.881","25.859","25.002","8.827","7.940","92.034"
"65","GS","Tim Probert","10","1:59.406","36:58.224","Green","Track","5.775","10.806","5.963","12.021","9.042","2.248","0.614","10.653","22.545","24.019","8.574","7.146","133.254"
"12","TCR","Russell McDonough","11","2:38.483","37:02.307","Green","Track","15.902","16.067","7.564","14.335","11.109","3.038","0.851","12.984","29.430","29.878","9.463","7.862","96.144"
"21","TCR","Harry Gottsacker","15","1:58.787","37:13.786","Green","Track","6.132","10.898","6.383","12.453","9.381","2.343","0.630","10.380","22.277","22.788","8.316","6.806","129.870"
"2","GS","Tyler Cooke","16","1:52.187","37:15.092","Green","Track","5.445","10.011","5.492","0.000","0.000","2.218","0.601","10.183","21.882","21.310","8.087","6.484","136.137"
"5","TCR","Roy Block","15","2:07.651","37:21.848","Green","Track","6.087","11.520","6.331","13.348","9.912","2.464","0.684","11.543","24.372","24.857","8.900","7.633","119.617"
"57","GS","Bryce Ward","15","4:39.786","37:25.838","Green","Track","161.169","13.170","6.686","13.168","9.363","2.646","0.833","11.918","22.564","23.024","8.028","7.217","98.221"
"13","GS","Scott Hargrove","16","2:55.409","37:32.589","Green","Track","64.069","12.856","6.475","12.295","9.300","2.363","0.676","10.373","21.219","21.360","7.890","6.533","121.033"
"96","GS","Bill Auberlen","15","2:04.788","37:33.815","Green","Track","13.911","12.848","6.101","11.992","9.189","2.248","0.663","10.145","21.386","21.626","8.034","6.645","123.406"
"84","TCR","Brian Henderson","11","1:57.727","37:57.970","Green","Track","5.776","11.533","6.510","11.763","9.146","2.335","0.627","10.597","22.273","22.230","8.492","6.445","130.492"
"39","GS","Tyler McQuarrie","16","1:59.213","38:05.636","Green","Pit","5.353","9.691","5.953","12.296","8.857","2.200","0.623","10.531","21.925","21.697","9.205","10.882","131.329"
"89","TCR","Chad Gilsinger","15","1:56.085","38:11.757","Green","Track","5.761","10.265","5.784","11.900","9.372","2.357","0.632","10.646","22.570","21.626","8.161","7.011","129.459"
"69","GS","Jesse Lazare","16","2:16.243","38:30.987","Green","Track","16.880","13.968","7.903","12.474","9.470","2.597","0.772","11.076","23.510","23.080","8.125","6.388","105.982"
"31","GS","Fred Roberts","16","2:06.422","38:34.162","Green","Track","5.912","11.838","6.762","12.671","9.528","2.613","0.740","11.533","24.497","24.693","8.691","6.944","110.565"
"61","TCR","Gavin Ernstone","14","2:04.172","38:55.046","Green","Track","6.363","11.224","6.644","12.568","9.485","2.404","0.729","11.585","23.494","23.644","8.785","7.247","112.233"
"82","GS","James Clay","17","5:12.905","38:55.660","Green","Track","196.177","14.113","6.263","11.995","9.635","2.466","0.678","10.502","22.658","22.777","8.535","7.106","120.676"
"88","GS","Henry Schmitt","15","3:20.411","38:55.936","Green","Track","85.132","13.794","6.895","11.721","9.138","2.438","0.712","11.210","21.702","22.463","8.422","6.784","114.913"
"3","TCR","Mark Kvamme","14","2:03.246","39:00.840","Green","Track","6.238","11.552","6.727","12.831","9.973","2.588","0.716","11.322","22.925","22.468","8.710","7.196","114.271"
"65","GS","Tim Probert","11","2:04.022","39:02.246","Green","Track","6.537","11.221","6.898","12.863","9.482","2.599","0.760","11.701","23.132","23.315","8.513","7.001","107.656"
"8","GS","Rodrigo Sales","14","2:10.470","39:08.096","Green","Track","7.787","11.711","6.790","13.118","9.634","2.842","0.746","12.031","24.938","24.446","9.128","7.299","109.676"
"2","GS","Tyler Cooke","17","1:53.096","39:08.188","Green","Track","5.578","10.051","5.687","0.000","0.000","2.320","0.618","9.845","21.517","21.846","8.154","6.663","132.392"
"12","TCR","Russell McDonough","12","2:10.417","39:12.724","Green","Track","6.504","11.717","6.597","13.007","9.583","2.508","0.721","11.979","25.390","25.700","9.216","7.495","113.479"
"21","TCR","Harry Gottsacker","16","1:59.010","39:12.796","Green","Track","5.740","9.909","5.721","12.004","10.159","2.640","0.690","10.652","21.731","23.804","8.842","7.118","118.577"
"81","TCR","Marco Cirone","16","3:56.068","39:23.006","Green","Pit","6.038","11.153","6.784","12.683","9.649","2.359","0.656","10.917","22.405","23.402","10.098","119.924","124.723"
"5","TCR","Roy Block","16","2:03.758","39:25.606","Green","Track","6.155","12.045","6.150","12.576","9.728","2.406","0.683","11.032","23.335","23.651","8.813","7.184","119.792"
"96","GS","Bill Auberlen","16","1:53.740","39:27.555","Green","Track","5.613","10.483","5.788","11.880","9.040","2.204","0.614","10.060","21.693","21.586","8.000","6.779","133.254"
"57","GS","Bryce Ward","16","2:05.184","39:31.022","Green","Track","6.558","11.102","6.482","12.754","9.239","2.495","0.751","11.750","23.759","24.693","8.399","7.202","108.946"
"13","GS","Scott Hargrove","17","2:02.044","39:34.633","Green","Track","5.724","10.140","5.940","11.883","9.043","2.358","0.673","10.319","22.182","29.482","8.049","6.251","121.572"
"33","GS","Russell Ward","14","9:05.029","39:38.760","Green","Track","424.353","13.910","7.061","12.691","9.781","2.547","0.700","11.331","23.768","23.511","8.496","6.880","116.883"
"84","TCR","Todd Lamb","12","1:54.115","39:52.085","Green","Track","5.468","10.201","5.890","11.522","9.166","2.342","0.631","10.606","21.703","21.928","8.391","6.267","129.664"
"89","TCR","Chad Gilsinger","16","1:53.615","40:05.372","Green","Track","5.694","10.337","5.788","11.883","9.403","2.363","0.632","10.312","21.498","20.986","7.915","6.804","129.459"
"69","GS","Jesse Lazare","17","1:53.327","40:24.314","Green","Track","5.770","10.582","5.832","11.736","8.935","2.280","0.631","10.169","21.511","21.373","8.084","6.424","129.664"
"31","GS","Fred Roberts","17","2:00.315","40:34.477","Green","Track","5.706","11.079","6.208","12.569","9.377","2.419","0.676","10.826","22.818","23.036","8.569","7.032","121.033"
"88","GS","Henry Schmitt","16","1:57.579","40:53.515","Green","Track","6.489","10.887","6.782","11.983","9.050","2.360","0.665","11.034","21.672","22.295","8.070","6.292","123.035"
"61","TCR","Gavin Ernstone","15","2:05.387","41:00.433","Green","Track","6.345","11.211","6.583","12.496","9.640","2.609","0.731","11.746","23.744","24.077","8.817","7.388","111.926"
"65","GS","Tim Probert","12","2:02.513","41:04.759","Green","Track","6.031","11.138","6.580","12.834","9.335","2.319","0.664","10.679","23.414","23.976","8.524","7.019","123.220"
"2","GS","Tyler Cooke","18","1:56.677","41:04.865","Green","Track","5.700","10.011","5.546","11.669","8.929","2.224","0.621","10.262","22.538","23.708","8.636","6.833","131.752"
"98","TCR","Michael Lewis","15","6:00.846","41:09.696","Green","Track","238.017","15.123","8.532","13.005","9.620","2.488","0.707","11.378","23.432","23.303","8.366","6.875","115.726"
"8","GS","Rodrigo Sales","15","2:05.098","41:13.194","Green","Track","6.423","11.558","6.332","12.580","9.451","2.742","0.713","11.559","23.970","23.809","8.811","7.150","114.752"
"21","TCR","Harry Gottsacker","17","2:00.601","41:13.397","Green","Track","5.751","10.232","5.825","12.293","9.433","2.350","0.643","10.734","23.912","23.569","8.870","6.989","127.244"
"39","GS","Tyler McQuarrie","17","3:09.161","41:14.797","Green","Track","78.326","11.978","6.237","0.000","0.000","2.209","0.603","10.595","21.770","21.971","8.256","6.298","135.685"
"12","TCR","Russell McDonough","13","2:08.718","41:21.442","Green","Track","7.059","11.385","6.134","13.128","9.531","2.497","0.685","11.591","25.521","25.271","8.703","7.213","119.443"
"82","GS","James Clay","18","2:26.247","41:21.907","Green","Track","6.163","11.161","5.835","11.580","8.875","2.266","0.607","9.916","21.508","52.862","8.420","7.054","134.791"
"96","GS","Bill Auberlen","17","1:54.849","41:22.404","Green","Track","5.537","10.325","5.711","12.061","9.238","2.235","0.608","9.953","21.718","22.081","8.473","6.909","134.569"
"13","GS","Scott Hargrove","18","1:56.849","41:31.482","Green","Track","5.586","9.910","5.920","11.657","9.113","2.309","0.660","10.905","23.316","22.014","8.418","7.041","123.967"
"5","TCR","Roy Block","17","2:05.997","41:31.603","Green","Track","5.854","11.858","6.221","12.716","9.634","2.421","0.701","11.682","24.538","23.795","8.851","7.726","116.716"
"57","GS","Bryce Ward","17","2:01.961","41:32.983","Green","Track","6.374","11.102","6.180","12.256","9.044","2.296","0.657","11.364","23.369","23.992","8.268","7.059","124.533"
"33","GS","Russell Ward","15","2:02.319","41:41.079","Green","Track","5.869","11.605","6.283","12.249","9.291","2.388","0.638","11.439","23.921","23.458","8.504","6.674","128.242"
"81","TCR","Remo Ruscitti","17","2:19.221","41:42.227","Green","Track","18.352","13.783","7.608","12.944","9.391","2.377","0.699","11.075","23.760","23.667","8.518","7.047","117.050"
"84","TCR","Todd Lamb","13","2:02.597","41:54.682","Green","Pit","5.704","10.187","6.207","11.979","9.382","2.361","0.657","10.587","21.956","22.524","9.849","11.204","124.533"
"69","GS","Jesse Lazare","18","1:52.204","42:16.518","Green","Track","5.497","9.811","5.682","11.617","8.955","2.236","0.645","10.279","21.738","21.411","7.936","6.397","126.850"
"73","TCR","Mat Pombo","10","6:44.090","42:22.922","Green","Track","292.784","12.771","6.109","11.725","9.373","2.355","0.647","10.248","21.486","22.224","8.038","6.330","126.458"
"31","GS","Fred Roberts","18","1:59.766","42:34.243","Green","Track","5.862","10.732","6.096","12.581","9.380","2.489","0.693","11.118","22.737","22.834","8.347","6.897","118.064"
"88","GS","Henry Schmitt","17","1:52.415","42:45.930","Green","Track","5.676","10.118","6.134","11.502","8.791","2.252","0.659","10.568","21.370","21.036","7.928","6.381","124.155"
"2","GS","Tyler Cooke","19","1:56.375","43:01.240","Green","Track","5.613","10.392","5.695","0.000","0.000","2.238","0.650","10.898","23.740","21.842","8.148","6.283","125.874"
"61","TCR","Gavin Ernstone","16","2:04.518","43:04.951","Green","Track","6.392","11.272","6.281","12.315","9.538","2.354","0.676","11.017","24.278","24.184","8.719","7.492","121.033"
"65","GS","Tim Probert","13","2:01.027","43:05.786","Green","Track","6.468","11.142","5.895","12.135","9.205","2.335","0.654","10.818","22.455","24.434","8.470","7.016","125.104"
"98","TCR","Michael Lewis","16","1:56.696","43:06.392","Green","Track","5.837","10.825","6.085","12.104","9.280","2.349","0.634","10.949","21.932","21.934","8.054","6.713","129.051"
"39","GS","Tyler McQuarrie","18","1:53.193","43:07.990","Green","Track","5.728","10.788","6.027","0.000","0.000","2.239","0.619","10.423","21.200","21.065","8.189","6.255","132.178"
"21","TCR","Harry Gottsacker","18","1:58.955","43:12.352","Green","Track","6.171","10.929","5.907","12.203","9.700","2.420","0.646","10.939","21.915","23.307","8.119","6.699","126.654"
"8","GS","Rodrigo Sales","16","2:04.960","43:18.154","Green","Track","7.041","12.207","6.272","12.191","9.478","2.686","0.690","11.398","24.278","23.126","8.532","7.061","118.577"
"82","GS","James Clay","19","1:56.584","43:18.491","Green","Track","5.873","10.952","5.626","11.160","9.035","2.321","0.625","10.050","22.357","22.907","8.634","7.044","130.909"
"13","GS","Scott Hargrove","19","1:50.910","43:22.392","Green","Track","5.840","9.927","5.767","11.582","8.821","2.210","0.640","10.225","20.822","21.084","7.795","6.197","127.841"
"3","TCR","Mark Kvamme","15","4:22.937","43:23.777","Green","Pit","6.334","11.028","6.031","12.250","9.921","2.576","0.695","11.421","0.000","0.000","10.807","141.487","117.724"
"12","TCR","Russell McDonough","14","2:05.327","43:26.769","Green","Track","6.537","12.627","6.195","13.155","9.641","2.503","0.677","10.603","23.191","24.058","8.743","7.397","120.854"
"57","GS","Bryce Ward","18","2:00.412","43:33.395","Green","Track","6.301","10.967","6.036","12.382","9.224","2.358","0.633","10.911","23.322","22.479","8.317","7.482","129.255"
"5","TCR","Roy Block","18","2:04.539","43:36.142","Green","Track","6.542","10.933","6.345","12.670","10.042","2.691","0.763","11.111","23.451","24.131","8.342","7.518","107.232"
"33","GS","Russell Ward","16","1:58.845","43:39.924","Green","Track","5.788","11.399","5.881","12.556","9.306","2.313","0.643","10.803","22.931","21.979","8.745","6.501","127.244"
"81","TCR","Remo Ruscitti","18","1:59.673","43:41.900","Green","Track","6.131","11.090","6.094","12.417","9.202","2.309","0.679","10.956","22.790","22.875","8.316","6.814","120.498"
"89","TCR","Chad Gilsinger","17","3:48.219","43:53.591","Green","Pit","5.839","10.279","5.984","12.239","9.479","2.370","0.635","10.517","21.938","21.702","9.415","117.822","128.848"
"69","GS","Jesse Lazare","19","1:51.293","44:07.811","Green","Track","5.534","9.817","5.670","11.531","8.900","2.225","0.598","9.984","21.739","20.900","8.026","6.369","136.820"
"73","TCR","Mat Pombo","11","1:52.766","44:15.688","Green","Track","5.637","10.184","5.754","11.496","9.415","2.361","0.633","10.053","21.332","21.619","8.090","6.192","129.255"
"31","GS","Fred Roberts","19","1:57.895","44:32.138","Green","Track","5.571","10.910","6.043","12.441","9.332","2.372","0.648","10.907","22.321","22.323","8.328","6.699","126.263"
"88","GS","Henry Schmitt","18","1:52.654","44:38.584","Green","Track","5.747","10.445","6.014","11.661","8.824","2.275","0.692","10.552","21.217","21.080","8.003","6.144","118.234"
"84","TCR","Todd Lamb","14","2:58.841","44:53.523","Green","Track","64.413","12.894","7.129","12.843","9.268","2.353","0.635","10.560","21.632","21.792","8.832","6.490","128.848"
"2","GS","Tyler Cooke","20","1:53.104","44:54.344","Green","Track","5.339","9.936","5.511","0.000","0.000","2.216","0.637","10.491","21.822","21.324","8.427","7.004","128.443"
"65","GS","Tim Probert","14","1:58.765","45:04.551","Green","Track","6.092","11.010","6.511","12.555","9.038","2.336","0.646","10.451","22.325","22.344","8.272","7.185","126.654"
"98","TCR","Michael Lewis","17","2:01.576","45:07.968","Green","Track","5.951","10.937","6.711","12.743","9.610","2.563","0.755","12.205","22.990","22.583","8.015","6.513","108.368"
"39","GS","Tyler McQuarrie","19","2:02.006","45:09.996","Green","Pit","5.582","10.459","6.927","12.090","8.994","2.275","0.664","10.602","21.531","22.439","9.556","10.887","123.220"
"61","TCR","Gavin Ernstone","17","2:06.399","45:11.350","Green","Track","6.337","11.089","6.463","12.815","9.970","2.648","0.743","11.658","23.683","24.606","9.038","7.349","110.119"
"82","GS","James Clay","20","1:57.176","45:15.667","Green","Track","5.975","10.849","5.614","12.070","9.115","2.344","0.627","10.252","22.923","22.149","8.351","6.907","130.492"
"13","GS","Scott Hargrove","20","1:53.445","45:15.837","Green","Track","5.408","9.776","6.145","11.734","9.158","2.474","0.711","11.277","21.312","20.812","8.141","6.497","115.075"
"21","TCR","Harry Gottsacker","19","2:05.045","45:17.397","Green","Pit","5.587","9.966","6.001","12.307","9.745","2.421","0.690","10.887","22.317","23.740","10.359","11.025","118.577"
"8","GS","Rodrigo Sales","17","2:04.186","45:22.340","Green","Track","6.705","11.639","6.186","12.121","9.288","2.518","0.667","11.583","24.565","23.380","8.341","7.193","122.666"
"12","TCR","Russell McDonough","15","2:08.442","45:35.211","Green","Track","6.183","11.150","6.069","13.564","11.191","3.204","0.945","12.695","24.092","23.740","8.648","6.961","86.580"
"57","GS","Bryce Ward","19","2:02.644","45:36.039","Green","Track","6.326","11.524","6.293","12.720","9.039","2.302","0.623","11.325","23.749","23.195","8.482","7.066","131.329"
"5","TCR","Roy Block","19","2:02.488","45:38.630","Green","Track","6.353","11.722","6.370","12.478","9.672","2.381","0.681","11.072","22.886","23.300","8.467","7.106","120.144"
"33","GS","Russell Ward","17","1:59.293","45:39.217","Green","Track","5.716","10.839","6.389","12.496","9.386","2.501","0.653","10.634","22.688","22.709","8.677","6.605","125.296"
"81","TCR","Remo Ruscitti","19","1:58.221","45:40.121","Green","Track","5.771","10.487","6.121","11.941","9.223","2.339","0.699","11.668","22.695","22.196","8.313","6.768","117.050"
"96","GS","Bill Auberlen","18","4:25.865","45:48.269","Green","Pit","5.946","10.952","5.940","11.787","9.386","2.421","0.693","10.419","22.366","21.876","9.139","154.940","118.064"
"89","TCR","Chad Gilsinger","18","2:05.308","45:58.899","Green","Track","15.070","12.038","6.064","11.938","9.420","2.368","0.635","10.009","21.462","21.469","7.896","6.939","128.848"
"73","TCR","Mat Pombo","12","1:53.263","46:08.951","Green","Track","5.616","10.074","5.727","11.969","9.496","2.366","0.633","9.838","21.506","21.701","8.108","6.229","129.255"
"31","GS","Fred Roberts","20","1:56.630","46:28.768","Green","Track","5.727","10.617","5.864","12.339","9.133","2.328","0.642","10.554","22.085","22.382","8.198","6.761","127.443"
"88","GS","Henry Schmitt","19","1:52.320","46:30.904","Green","Track","5.522","10.329","5.929","11.431","8.788","2.235","0.667","10.607","21.524","21.037","8.076","6.175","122.666"
"84","TCR","Todd Lamb","15","1:53.569","46:47.092","Green","Track","5.620","10.086","6.120","11.787","9.178","2.341","0.627","10.199","21.402","21.452","8.568","6.189","130.492"
"2","GS","Tyler Cooke","21","1:57.727","46:52.071","Green","Track","5.764","9.876","5.954","0.000","0.000","2.257","0.653","10.600","21.788","24.753","8.825","6.604","125.296"
"65","GS","Tim Probert","15","1:56.870","47:01.421","Green","Track","5.866","10.914","5.975","11.993","8.893","2.236","0.629","10.602","22.380","22.450","8.255","6.677","130.077"
"98","TCR","Michael Lewis","18","1:54.383","47:02.351","Green","Track","5.712","10.360","6.047","12.246","9.326","2.340","0.629","10.496","21.194","21.611","7.885","6.537","130.077"
"13","GS","Scott Hargrove","21","1:51.704","47:07.541","Green","Track","5.783","10.549","5.875","11.522","8.842","2.200","0.620","10.112","21.493","20.852","7.915","5.941","131.965"
"69","GS","Jesse Lazare","20","3:08.477","47:16.288","Green","Pit","5.616","10.348","6.412","12.471","9.811","2.963","0.860","12.349","22.605","22.076","10.708","72.258","95.137"
"61","TCR","Gavin Ernstone","18","2:05.436","47:16.786","Green","Track","6.142","10.807","6.107","12.381","9.552","2.436","0.684","11.054","23.847","24.028","10.996","7.402","119.617"
"82","GS","James Clay","21","2:01.884","47:17.551","Green","Track","6.248","11.333","6.083","11.846","9.224","2.423","0.668","10.682","23.302","23.037","9.554","7.484","122.482"
"8","GS","Rodrigo Sales","18","2:01.661","47:24.001","Green","Track","5.916","11.372","6.103","12.419","9.076","2.449","0.641","10.775","24.144","23.213","8.581","6.972","127.641"
"57","GS","Bryce Ward","20","1:58.820","47:34.859","Green","Track","6.116","11.035","5.981","12.768","9.077","2.278","0.605","10.735","22.855","22.102","8.152","7.116","135.237"
"33","GS","Russell Ward","18","1:59.111","47:38.328","Green","Track","6.039","11.272","5.865","12.058","9.042","2.320","0.646","10.516","23.015","23.101","8.476","6.761","126.654"
"81","TCR","Remo Ruscitti","20","1:58.378","47:38.499","Green","Track","5.797","11.349","6.026","11.960","9.293","2.332","0.699","10.587","22.322","23.107","8.344","6.562","117.050"
"12","TCR","Russell McDonough","16","2:05.704","47:40.915","Green","Track","5.855","10.881","6.209","13.238","10.411","2.605","0.695","10.860","23.504","25.572","8.654","7.220","117.724"
"96","GS","Bill Auberlen","19","2:01.887","47:50.156","Green","Track","13.862","11.902","5.941","11.718","9.172","2.237","0.600","9.616","21.155","21.010","7.890","6.784","136.364"
"89","TCR","Chad Gilsinger","19","1:54.669","47:53.568","Green","Track","5.700","10.242","5.868","11.901","9.406","2.358","0.631","10.118","21.494","21.530","8.392","7.029","129.664"
"73","TCR","Mat Pombo","13","1:52.251","48:01.202","Green","Track","5.518","9.871","5.785","11.692","9.462","2.362","0.633","10.145","21.171","21.255","8.074","6.283","129.255"
"31","GS","Fred Roberts","21","1:56.716","48:25.484","Green","Track","5.819","10.840","5.958","12.218","9.289","2.435","0.681","10.784","21.836","22.026","8.163","6.667","120.144"
"88","GS","Henry Schmitt","20","2:02.506","48:33.410","Green","Pit","5.817","10.558","5.979","11.656","9.306","2.446","0.751","11.146","21.824","22.175","9.232","11.616","108.946"
"84","TCR","Todd Lamb","16","1:53.299","48:40.391","Green","Track","5.666","9.923","5.960","11.475","9.339","2.351","0.630","10.176","21.435","21.356","8.589","6.399","129.870"
"2","GS","Tyler Cooke","22","1:50.993","48:43.064","Green","Track","5.667","9.993","5.579","0.000","0.000","2.218","0.593","9.712","21.483","21.018","7.904","6.454","137.973"
"65","GS","Tim Probert","16","2:03.555","49:04.976","Green","Pit","5.721","10.848","5.844","11.935","9.033","2.232","0.623","10.411","22.409","22.998","10.041","11.460","131.329"
"98","TCR","Michael Lewis","19","2:03.046","49:05.397","Green","Pit","5.621","10.267","5.875","12.062","9.154","2.338","0.628","10.517","22.135","22.894","10.326","11.229","130.284"
"13","GS","Scott Hargrove","22","2:00.900","49:08.441","Green","Pit","5.377","9.778","5.652","11.747","9.125","2.221","0.610","10.226","20.634","21.688","10.895","12.947","134.128"
"61","TCR","Gavin Ernstone","19","2:01.744","49:18.530","Green","Track","6.149","11.053","6.152","12.227","9.457","2.367","0.643","10.485","23.105","23.810","8.824","7.472","127.244"
"8","GS","Rodrigo Sales","19","2:01.303","49:25.304","Green","Track","5.987","11.553","6.050","12.231","9.166","2.450","0.645","11.033","23.610","23.099","8.568","6.911","126.850"
"82","GS","James Clay","22","2:08.707","49:26.258","Green","Pit","6.215","11.149","6.296","12.472","9.335","2.390","0.682","10.502","22.871","23.562","10.516","12.717","119.968"
"69","GS","Jesse Lazare","21","2:14.025","49:30.313","Green","Track","16.810","13.657","6.241","11.890","8.973","2.223","0.633","10.780","22.103","26.418","8.148","6.149","129.255"
"57","GS","Bryce Ward","21","1:59.283","49:34.142","Green","Track","6.068","11.387","6.221","12.332","9.045","2.236","0.597","10.777","22.782","22.332","8.272","7.234","137.049"
"81","TCR","Remo Ruscitti","21","1:55.619","49:34.118","Green","Track","5.751","11.290","5.928","11.836","9.272","2.310","0.620","10.204","21.565","21.912","8.236","6.695","131.965"
"33","GS","Russell Ward","19","1:58.588","49:36.916","Green","Track","5.538","11.902","6.252","12.136","9.086","2.300","0.635","10.604","21.959","22.295","8.559","7.322","128.848"
"12","TCR","Russell McDonough","17","1:58.184","49:39.099","Green","Track","5.807","10.986","6.122","12.516","9.361","2.383","0.639","10.359","22.194","22.645","8.287","6.885","128.041"
"96","GS","Bill Auberlen","20","1:52.545","49:42.701","Green","Track","5.489","10.269","5.667","12.018","9.342","2.233","0.595","9.650","21.341","21.254","7.933","6.754","137.510"
"73","TCR","Mat Pombo","14","2:02.639","50:03.841","Green","Pit","5.638","9.951","5.776","11.765","9.168","2.342","0.680","10.407","22.746","21.535","10.085","12.546","120.321"
"31","GS","Fred Roberts","22","1:56.793","50:22.277","Green","Track","5.681","10.955","5.754","12.246","9.163","2.323","0.627","10.496","21.843","22.640","8.111","6.954","130.492"
"5","TCR","Roy Block","20","4:44.114","50:22.744","Green","Pit","6.097","13.183","7.345","12.994","10.263","2.557","0.711","11.383","23.156","24.649","11.851","159.925","115.075"
"84","TCR","Todd Lamb","17","1:52.785","50:33.176","Green","Track","5.595","9.804","5.844","11.499","9.195","2.334","0.626","9.979","21.526","21.209","8.766","6.408","130.700"
"89","TCR","Chad Gilsinger","20","2:58.486","50:52.054","Green","Pit","5.636","10.040","5.593","16.702","10.567","2.709","0.749","10.709","23.918","23.498","10.300","58.065","109.237"
"8","GS","Rodrigo Sales","20","2:04.631","51:29.935","Green","Track","5.695","11.371","6.021","12.286","9.017","2.420","0.767","12.138","25.506","23.566","8.786","7.058","106.673"
"81","TCR","Remo Ruscitti","22","1:57.754","51:31.872","Green","Track","5.693","10.418","5.812","11.889","9.143","2.292","0.614","10.021","21.945","24.032","8.856","7.039","133.254"
"21","TCR","Mason Filippi","20","6:14.772","51:32.169","Green","Track","249.023","12.271","6.746","13.196","9.820","2.580","0.788","12.790","25.702","25.345","8.884","7.627","103.830"
"33","GS","Russell Ward","20","1:58.257","51:35.173","Green","Track","6.004","11.140","5.877","12.141","9.014","2.281","0.628","10.512","22.461","22.920","8.532","6.747","130.284"
"57","GS","Bryce Ward","22","2:01.866","51:36.008","Green","Track","6.757","11.264","6.154","12.290","9.002","2.221","0.603","10.927","23.084","22.817","8.249","8.498","135.685"
"96","GS","Bill Auberlen","21","1:53.842","51:36.543","Green","Track","5.576","10.332","5.853","11.852","9.273","2.219","0.613","9.922","21.791","21.656","7.898","6.857","133.472"
"88","GS","Henry Schmitt","21","3:05.260","51:38.670","Green","Track","72.480","12.635","6.564","11.625","9.405","2.321","0.683","10.719","22.633","21.249","7.925","7.021","119.792"
"12","TCR","Russell McDonough","18","2:03.017","51:42.116","Green","Track","6.111","11.213","5.935","12.343","9.373","2.354","0.627","10.153","26.124","23.144","8.508","7.132","130.492"
"2","GS","Tyler Cooke","23","3:17.383","52:00.447","Green","Pit","5.513","9.880","5.502","0.000","0.000","2.215","0.596","9.673","21.259","20.983","10.082","91.102","137.279"
"84","TCR","Todd Lamb","18","1:52.057","52:25.233","Green","Track","5.587","9.789","5.723","11.416","9.205","2.339","0.627","10.403","21.193","21.033","8.461","6.281","130.492"
"31","GS","Fred Roberts","23","2:04.078","52:26.355","Green","Pit","5.800","10.796","5.755","12.325","9.207","2.355","0.656","10.708","21.987","22.718","9.810","11.961","124.723"
"65","GS","Tim Probert","17","3:26.486","52:31.462","Green","Track","91.249","13.829","6.712","12.751","9.250","2.262","0.638","10.527","22.283","22.170","8.116","6.699","128.242"
"5","TCR","Tim Lewis Jr","21","2:25.306","52:48.050","Green","Track","17.557","14.677","7.638","13.874","10.171","2.740","0.836","12.693","24.843","24.260","8.720","7.297","97.869"
"69","GS","Jesse Lazare","22","3:18.108","52:48.421","Green","Pit","5.497","9.962","5.699","11.616","9.129","2.530","0.759","11.677","24.438","26.077","10.689","80.035","107.797"
"13","GS","Scott Hargrove","23","3:48.486","52:56.927","Green","Track","117.677","11.332","6.291","11.746","9.409","2.310","0.621","10.572","21.047","23.630","8.000","5.851","131.752"
"89","TCR","Chad Gilsinger","21","2:06.562","52:58.616","Green","Track","15.157","11.965","6.620","12.271","9.453","2.363","0.640","10.431","21.322","21.653","8.132","6.555","127.841"
"81","TCR","Remo Ruscitti","23","1:55.187","53:27.059","Green","Track","5.689","10.279","5.899","11.826","9.123","2.287","0.615","11.579","21.561","21.726","8.000","6.603","133.038"
"96","GS","Bill Auberlen","22","1:54.738","53:31.281","Green","Track","5.688","10.230","5.796","12.439","9.104","2.197","0.605","10.480","22.257","21.343","7.937","6.662","135.237"
"8","GS","Rodrigo Sales","21","2:02.050","53:31.985","Green","Track","5.834","11.250","5.874","12.246","8.973","2.323","0.632","12.540","23.844","22.755","8.606","7.173","129.459"
"21","TCR","Mason Filippi","21","2:03.492","53:35.661","Green","Track","6.378","10.943","6.391","12.875","9.495","2.360","0.646","11.422","24.305","23.356","8.341","6.980","126.654"
"12","TCR","Russell McDonough","19","1:59.247","53:41.363","Green","Track","5.834","10.854","6.360","12.201","9.462","2.424","0.648","10.334","22.793","22.617","8.381","7.339","126.263"
"57","GS","Bryce Ward","23","2:06.757","53:42.765","Green","Track","10.091","12.169","7.314","12.783","9.274","2.415","0.644","11.168","22.746","22.425","8.370","7.358","127.047"
"33","GS","Russell Ward","21","2:08.396","53:43.569","Green","Pit","5.845","11.048","5.833","12.124","9.208","2.318","0.620","11.119","24.299","23.756","10.584","11.642","131.965"
"88","GS","Henry Schmitt","22","2:05.858","53:44.528","Green","Pit","6.001","10.578","5.993","11.534","9.149","2.427","0.731","11.080","22.270","23.890","10.522","11.683","111.926"
"98","TCR","Michael Lewis","20","4:40.575","53:45.972","Green","Track","171.324","11.467","6.403","12.010","9.297","2.343","0.653","10.698","21.188","21.110","7.663","6.419","125.296"
"2","GS","Tyler Cooke","24","2:01.003","54:01.450","Green","Track","13.903","11.698","6.040","0.000","0.000","2.236","0.598","9.829","21.330","20.680","7.931","6.195","136.820"
"84","TCR","Todd Lamb","19","2:00.955","54:26.188","Green","Pit","5.573","9.916","6.599","11.731","9.417","2.361","0.632","10.448","21.673","21.547","9.571","11.487","129.459"
"65","GS","Tim Probert","18","1:55.045","54:26.507","Green","Track","5.687","10.290","5.703","12.112","9.077","2.221","0.597","10.357","21.816","22.240","8.179","6.766","137.049"
"13","GS","Scott Hargrove","24","1:51.214","54:48.141","Green","Track","5.336","10.071","5.736","11.571","8.741","2.185","0.586","9.778","21.588","21.544","8.016","6.062","139.621"
"5","TCR","Tim Lewis Jr","22","2:03.311","54:51.361","Green","Track","6.156","11.290","6.232","12.559","9.626","2.569","0.788","11.691","23.341","23.551","8.576","6.932","103.830"
"89","TCR","Chad Gilsinger","22","1:53.623","54:52.239","Green","Track","5.466","10.120","5.684","12.010","9.422","2.358","0.629","10.097","21.407","21.440","8.312","6.678","130.077"
"69","GS","Jesse Lazare","23","2:14.983","55:03.404","Green","Track","16.803","13.034","6.319","11.843","8.938","2.343","0.756","11.799","26.504","22.009","8.391","6.244","108.225"
"81","TCR","Remo Ruscitti","24","1:53.269","55:20.328","Green","Track","5.557","10.183","5.795","12.005","9.154","2.301","0.616","9.849","21.238","21.452","8.046","7.073","132.822"
"8","GS","Rodrigo Sales","22","2:00.323","55:32.308","Green","Track","5.988","11.233","5.839","12.492","8.939","2.331","0.618","10.889","23.038","22.773","8.684","7.499","132.392"
"31","GS","Fred Roberts","24","3:06.878","55:33.233","Green","Track","57.520","13.127","7.081","16.965","10.826","2.787","0.852","11.841","23.974","24.058","9.236","8.611","96.031"
"21","TCR","Mason Filippi","22","1:59.735","55:35.396","Green","Track","5.958","10.969","6.108","12.468","9.354","2.329","0.622","10.885","23.054","22.538","8.219","7.231","131.540"
"12","TCR","Russell McDonough","20","1:57.715","55:39.078","Green","Track","6.054","10.990","5.970","12.354","9.354","2.330","0.621","10.154","22.413","22.084","8.345","7.046","131.752"
"98","TCR","Michael Lewis","21","1:54.665","55:40.637","Green","Track","5.561","9.960","5.930","11.767","9.233","2.328","0.660","10.368","22.595","21.971","8.042","6.250","123.967"
"57","GS","Bryce Ward","24","2:01.916","55:44.681","Green","Track","6.256","11.157","6.181","12.435","9.076","2.245","0.606","10.829","22.604","24.767","8.650","7.110","135.014"
"33","GS","Russell Ward","22","2:08.040","55:51.609","Green","Track","13.679","12.954","6.275","12.682","9.095","2.248","0.619","10.477","22.261","22.681","8.573","6.496","132.178"
"2","GS","Tyler Cooke","25","1:51.667","55:53.117","Green","Track","5.612","9.997","5.513","0.000","0.000","2.231","0.596","9.792","21.254","21.142","8.066","6.953","137.279"
"65","GS","Tim Probert","19","1:55.012","56:21.519","Green","Track","5.704","10.378","5.784","12.013","8.914","2.214","0.597","10.285","22.082","22.051","8.227","6.763","137.049"
"96","GS","Bill Auberlen","23","2:54.327","56:25.608","Green","Pit","5.451","10.519","5.872","11.779","9.102","2.236","0.672","10.166","21.304","22.353","8.972","65.901","121.753"
"13","GS","Scott Hargrove","25","1:48.348","56:36.489","Green","Track","5.390","9.590","5.670","11.434","8.789","2.198","0.587","9.857","20.534","20.396","7.730","6.173","139.384"
"88","GS","Henry Schmitt","23","2:57.652","56:42.180","Green","Track","66.666","12.703","6.575","11.488","8.960","2.296","0.680","11.179","21.601","21.179","8.102","6.223","120.321"
"89","TCR","Chad Gilsinger","23","1:54.547","56:46.786","Green","Track","5.673","10.478","5.842","12.088","9.403","2.359","0.629","10.250","21.357","21.608","8.305","6.555","130.077"
"5","TCR","Tim Lewis Jr","23","2:01.234","56:52.595","Green","Track","5.937","10.795","6.359","12.769","9.597","2.462","0.700","11.021","22.760","23.045","8.591","7.198","116.883"
"69","GS","Jesse Lazare","24","1:51.835","56:55.239","Green","Track","5.528","9.869","5.631","11.618","8.878","2.202","0.617","10.401","21.509","21.072","8.097","6.413","132.606"
"81","TCR","Remo Ruscitti","25","1:54.260","57:14.588","Green","Track","5.805","10.605","5.889","11.800","9.492","2.333","0.625","9.747","20.986","22.007","8.243","6.728","130.909"
"8","GS","Rodrigo Sales","23","1:58.430","57:30.738","Green","Track","5.561","11.291","5.772","12.365","9.012","2.338","0.618","10.646","23.117","22.427","8.415","6.868","132.392"
"21","TCR","Mason Filippi","23","1:58.772","57:34.168","Green","Track","5.756","10.584","5.974","12.692","9.631","2.354","0.631","10.719","22.523","22.638","8.188","7.082","129.664"
"31","GS","Fred Roberts","25","2:06.236","57:39.469","Green","Track","6.507","12.050","7.144","13.041","9.766","2.750","0.783","11.483","24.354","23.158","8.209","6.991","104.493"
"12","TCR","Russell McDonough","21","2:02.009","57:41.087","Green","Track","5.787","10.722","6.482","13.071","9.569","2.505","0.718","11.330","22.770","23.601","8.328","7.126","113.953"
"98","TCR","Michael Lewis","22","2:02.530","57:43.167","Green","Pit","5.544","9.927","5.860","12.443","9.263","2.331","0.636","10.883","23.097","21.822","9.680","11.044","128.645"
"57","GS","Bryce Ward","25","1:58.649","57:43.330","Green","Track","5.913","11.060","6.036","12.311","9.162","2.264","0.603","10.840","22.603","22.713","8.171","6.973","135.685"
"33","GS","Russell Ward","23","1:55.626","57:47.235","Green","Track","5.622","10.763","5.605","12.617","9.142","2.268","0.606","10.527","22.023","21.660","8.282","6.511","135.014"
"2","GS","Tyler Cooke","26","2:00.979","57:54.096","Green","Pit","5.855","10.146","6.059","0.000","0.000","2.255","0.656","10.426","22.117","21.774","10.018","10.949","124.723"
"65","GS","Tim Probert","20","1:55.872","58:17.391","Green","Track","5.781","10.269","5.659","12.131","9.035","2.230","0.607","10.131","22.653","22.078","8.312","6.986","134.791"
"96","GS","Bill Auberlen","24","2:02.867","58:28.475","Green","Track","13.810","11.814","5.909","11.873","9.204","2.242","0.598","9.860","21.327","21.496","8.029","6.705","136.820"
"13","GS","Scott Hargrove","26","2:02.031","58:38.520","Green","Pit","5.354","9.756","6.658","12.187","10.352","2.811","0.778","10.581","20.624","21.960","9.421","11.549","105.165"
"89","TCR","Chad Gilsinger","24","1:53.986","58:40.772","Green","Track","5.556","9.955","5.665","12.154","9.537","2.383","0.637","10.348","21.131","21.654","8.284","6.682","128.443"
"88","GS","Henry Schmitt","24","2:02.516","58:44.696","Green","Pit","5.721","10.402","5.947","11.808","8.845","2.274","0.689","11.218","22.006","22.288","9.768","11.550","118.749"
"5","TCR","Tim Lewis Jr","24","2:00.204","58:52.799","Green","Track","6.123","11.003","6.113","12.230","9.634","2.485","0.719","11.006","22.777","22.763","8.552","6.799","113.794"
"81","TCR","Remo Ruscitti","26","1:52.854","59:07.442","Green","Track","5.496","10.332","5.683","12.033","9.196","2.315","0.622","9.644","20.982","21.763","8.091","6.697","131.540"
"69","GS","Jesse Lazare","25","2:30.608","59:25.847","Green","Pit","6.068","11.563","6.362","12.257","9.124","2.427","0.749","11.435","22.963","23.329","10.665","33.666","109.237"
"21","TCR","Mason Filippi","24","1:59.222","59:33.390","Green","Track","5.856","10.608","5.930","12.264","9.505","2.359","0.632","10.801","22.095","23.627","8.341","7.204","129.459"
"31","GS","Fred Roberts","26","1:58.719","59:38.188","Green","Track","5.725","10.638","5.994","12.478","9.314","2.493","0.712","11.136","22.579","22.649","8.134","6.867","114.913"
"12","TCR","Russell McDonough","22","1:58.991","59:40.078","Green","Track","5.873","10.377","5.947","11.989","9.374","2.408","0.671","10.917","24.461","21.989","8.072","6.913","121.935"
"57","GS","Bryce Ward","26","1:58.961","59:42.291","Green","Track","5.770","11.167","6.120","12.054","9.009","2.239","0.605","10.685","23.195","22.922","8.056","7.139","135.237"
"33","GS","Russell Ward","24","1:57.547","59:44.782","Green","Track","5.561","10.850","5.704","12.227","9.161","2.292","0.622","10.393","21.884","22.947","8.805","7.101","131.540"
"8","GS","Rodrigo Sales","24","2:24.200","59:54.938","Green","Pit","5.870","12.917","7.468","13.142","10.935","2.997","0.860","11.562","27.135","26.918","11.136","13.260","95.137"
"65","GS","Tim Probert","21","1:54.238","1:00:11.629","Finish","Track","5.923","10.358","5.744","11.398","8.859","2.213","0.608","10.357","21.709","22.025","8.211","6.833","134.569"
"96","GS","Bill Auberlen","25","1:52.523","1:00:20.998","Finish","Track","5.485","10.734","5.755","11.579","9.129","2.229","0.602","9.684","21.094","21.441","8.082","6.709","135.911"
"5","TCR","Tim Lewis Jr","25","1:58.481","1:00:51.280","Finish","Track","5.810","10.555","6.015","12.026","9.494","2.424","0.698","11.003","22.663","22.608","8.411","6.774","117.218"
"81","TCR","Remo Ruscitti","27","1:52.769","1:01:00.211","Finish","Track","5.550","10.390","5.796","11.812","9.154","2.312","0.619","9.747","21.006","21.823","7.879","6.681","132.178"
"21","TCR","Mason Filippi","25","1:58.873","1:01:32.263","Finish","Track","5.987","10.627","6.062","12.534","9.555","2.363","0.632","11.119","22.263","22.573","8.071","7.087","129.459"
"12","TCR","Ryan Nash","23","1:55.462","1:01:35.540","Finish","Track","5.674","10.107","5.836","11.908","9.332","2.327","0.627","10.389","22.193","22.038","8.396","6.635","130.492"
"31","GS","Fred Roberts","27","2:03.737","1:01:41.925","Finish","Pit","5.717","10.643","5.758","12.237","9.324","2.365","0.650","10.652","21.957","21.973","9.767","12.694","125.874"
"57","GS","Bryce Ward","27","1:59.767","1:01:42.058","Finish","Track","5.847","11.410","6.172","12.375","9.199","2.330","0.647","10.989","22.490","22.473","8.653","7.182","126.458"
"33","GS","Russell Ward","25","1:57.674","1:01:42.456","Finish","Track","5.720","10.777","5.960","12.315","9.162","2.354","0.626","10.270","22.197","22.660","8.736","6.897","130.700"
