"Car","Class","Driver","Lap","Lap Time","Session Time","Flag","Location","S01","S02","S03","S04","S05","S06","S07","S08","S09","S10","S11","SP3"
"98","TCR","Michael Lewis","1","2:22.595","2:22.595","Green","Track","0.000","10.492","15.002","4.631","0.606","16.231","30.724","20.301","19.662","6.585","3.890","135.576"
"37","TCR","Shelby Blackstock","1","2:24.362","2:24.362","Green","Track","16.379","10.914","16.021","4.749","0.686","18.158","25.663","16.717","19.861","6.493","3.856","119.765"
"23","TCR","Jared Salinsky","1","2:26.837","2:26.837","Green","Track","0.000","11.778","17.692","5.197","0.697","19.102","26.944","17.290","20.681","6.993","3.946","117.875"
"73","TCR","Mike LaMarra","1","2:27.685","2:27.685","Green","Track","16.042","11.122","16.142","4.987","0.712","17.923","25.809","16.875","20.960","6.864","3.951","115.392"
"52","TCR","Colin Mullan","1","2:29.840","2:29.840","Green","Track","16.858","12.326","15.852","4.709","0.703","18.507","26.997","16.177","19.573","6.389","3.817","116.869"
"84","TCR","Brian Henderson","1","2:32.371","2:32.371","Green","Pit","0.000","11.192","15.600","4.709","0.605","17.137","25.170","17.010","20.849","9.357","18.793","135.800"
"5","TCR","Tim Lewis Jr","1","2:37.696","2:37.696","Green","Track","15.948","12.199","17.497","4.965","0.689","18.554","26.007","16.605","20.925","6.750","3.839","119.244"
"89","TCR","Ryan Eversley","1","2:48.318","2:48.318","Green","Track","0.000","14.920","19.377","5.246","0.663","18.472","27.046","18.051","21.097","6.931","3.991","123.920"
"3","TCR","Alex Popow","1","2:59.281","2:59.281","Green","Track","20.710","15.604","18.200","5.531","0.715","17.298","25.432","23.119","21.605","6.555","3.830","114.908"
"61","TCR","Gavin Ernstone","1","3:05.673","3:05.673","Green","Track","14.634","11.238","17.033","5.046","0.651","16.409","25.456","16.564","20.371","7.103","4.012","126.204"
"12","TCR","Ryan Nash","1","3:16.720","3:16.720","Green","Track","14.629","13.462","17.120","4.724","0.618","18.549","25.945","16.730","20.589","7.183","3.934","132.944"
"54","TCR","Michael Johnson","1","3:31.269","3:31.269","Green","Track","0.000","15.042","24.929","7.969","1.037","21.567","27.156","16.735","20.311","7.058","4.014","79.228"
"98","TCR","Michael Lewis","2","2:27.513","4:50.108","Red","Pit","3.728","9.753","14.529","4.555","0.591","15.687","24.017","19.185","29.327","10.467","15.674","139.017"
"23","TCR","Jared Salinsky","2","2:26.786","4:53.623","Red","Pit","3.768","9.784","14.373","4.466","0.573","15.426","24.382","19.098","26.603","12.486","15.827","143.384"
"73","TCR","Mike LaMarra","2","2:29.882","4:57.567","Red","Pit","3.763","10.255","14.517","4.509","0.580","15.410","24.683","19.019","26.773","12.195","18.178","141.654"
"52","TCR","Colin Mullan","2","2:30.072","4:59.912","Red","Pit","3.723","10.037","14.480","5.359","0.908","17.851","24.482","17.580","24.315","11.965","19.372","90.484"
"5","TCR","Tim Lewis Jr","2","2:26.980","5:04.676","Red","Pit","3.771","10.377","14.648","4.511","0.581","16.146","25.097","17.000","21.857","11.304","21.688","141.410"
"84","TCR","Brian Henderson","2","2:36.090","5:08.461","Red","Pit","14.625","10.481","15.149","4.638","0.597","15.651","26.326","18.484","22.737","9.100","18.302","137.620"
"89","TCR","Chad Gilsinger","2","2:21.584","5:09.902","Red","Pit","3.857","10.753","15.049","4.584","0.587","16.568","25.289","16.219","21.087","9.612","17.979","139.964"
"3","TCR","Alex Popow","2","2:26.540","5:25.821","Red","Pit","3.733","9.915","14.377","4.510","0.583","17.607","28.511","19.164","22.869","9.013","16.258","140.925"
"54","TCR","Michael Johnson","2","2:31.117","6:02.386","Red","Pit","3.791","11.165","18.019","5.554","0.691","19.199","25.183","19.448","23.159","8.818","16.090","118.899"
"12","TCR","Ryan Nash","2","4:40.530","7:57.250","Green","Pit","3.742","10.055","15.317","6.470","0.861","20.513","30.625","19.328","22.180","10.172","141.267","95.423"
"61","TCR","Gavin Ernstone","2","4:53.958","7:59.631","Green","Track","3.779","10.073","14.633","4.724","0.709","18.959","26.670","17.195","21.426","10.088","0.000","115.880"
"73","TCR","Mike LaMarra","3","4:36.904","9:34.471","Green","Track","157.748","11.453","15.441","4.673","0.599","15.925","24.823","16.079","19.663","6.627","3.873","137.160"
"52","TCR","Colin Mullan","3","4:38.180","9:38.092","Green","Track","158.587","10.171","14.747","4.558","0.585","15.261","24.859","16.137","23.056","6.404","3.815","140.443"
"84","TCR","Todd Lamb","3","4:32.295","9:40.756","Green","Track","154.361","10.349","15.015","4.567","0.586","16.856","24.365","16.231","19.543","6.545","3.877","140.203"
"89","TCR","Chad Gilsinger","3","4:39.375","9:49.277","Green","Track","154.699","11.540","15.787","4.685","0.601","16.665","24.802","18.579","21.679","6.486","3.852","136.704"
"54","TCR","Michael Johnson","3","3:53.684","9:56.070","Green","Track","107.727","10.953","16.602","4.716","0.595","16.667","27.796","17.900","20.259","6.605","3.864","138.083"
"23","TCR","Jared Salinsky","3","5:03.393","9:57.016","Green","Track","178.292","11.169","15.355","4.751","0.621","16.923","27.486","17.521","20.848","6.588","3.839","132.301"
"5","TCR","Tim Lewis Jr","3","4:52.995","9:57.671","Green","Pit","157.193","10.635","15.425","4.604","0.595","18.534","24.792","16.858","20.301","7.493","16.565","138.083"
"98","TCR","Michael Lewis","3","5:14.335","10:04.443","Green","Track","195.144","10.314","14.896","4.590","0.591","15.896","25.008","16.522","21.133","6.413","3.828","139.017"
"3","TCR","Alex Popow","3","4:39.381","10:05.202","Green","Pit","142.801","10.826","15.663","5.414","0.679","17.093","25.117","16.498","20.310","8.037","16.943","121.000"
"12","TCR","Ryan Nash","3","2:12.966","10:10.216","Green","Track","14.568","10.745","14.909","4.523","0.578","16.788","24.360","16.181","19.852","6.628","3.834","142.144"
"61","TCR","Gavin Ernstone","3","2:22.421","10:22.052","Green","Track","14.594","13.263","20.943","5.022","0.627","16.113","24.700","16.709","19.826","6.686","3.938","131.035"
"73","TCR","Mike LaMarra","4","1:59.364","11:33.835","Green","Track","3.718","9.905","14.537","4.568","0.587","15.653","24.387","16.002","19.717","6.439","3.851","139.964"
"52","TCR","Colin Mullan","4","1:58.154","11:36.246","Green","Track","3.673","9.669","14.385","4.526","0.580","15.111","24.229","16.239","19.495","6.403","3.844","141.654"
"84","TCR","Brian Henderson","4","1:58.336","11:39.092","Green","Track","3.740","9.698","14.511","4.557","0.587","15.169","24.358","16.142","19.335","6.389","3.850","139.964"
"89","TCR","Chad Gilsinger","4","1:58.826","11:48.103","Green","Track","3.709","9.813","14.449","4.544","0.582","15.603","24.287","16.039","19.372","6.533","3.895","141.167"
"54","TCR","Michael Johnson","4","1:57.780","11:53.850","Green","Track","3.678","9.718","14.110","4.381","0.561","15.310","24.151","15.958","19.429","6.576","3.908","146.451"
"23","TCR","Jared Salinsky","4","1:58.557","11:55.573","Green","Track","3.709","9.939","14.290","4.445","0.568","15.262","24.332","16.110","19.558","6.492","3.852","144.646"
"98","TCR","Michael Lewis","4","1:56.984","12:01.427","Green","Track","3.668","9.512","14.394","4.519","0.582","14.712","23.743","15.972","19.565","6.471","3.846","141.167"
"12","TCR","Ryan Nash","4","1:59.905","12:10.121","Green","Track","3.696","9.962","14.328","4.414","0.564","16.604","24.283","16.177","19.594","6.472","3.811","145.672"
"5","TCR","Tim Lewis Jr","4","2:19.672","12:17.343","Green","Track","15.608","10.497","15.173","5.406","0.742","19.372","26.603","16.286","19.686","6.497","3.802","110.727"
"61","TCR","Gavin Ernstone","4","2:00.734","12:22.786","Green","Track","3.733","10.073","14.758","4.541","0.580","15.682","24.434","16.413","19.944","6.648","3.928","141.654"
"3","TCR","Alex Popow","4","2:22.319","12:27.521","Green","Track","21.653","10.350","14.624","4.513","0.577","15.533","26.746","18.023","20.022","6.454","3.824","142.390"
"73","TCR","Mike LaMarra","5","1:59.240","13:33.075","Green","Track","3.710","9.863","14.498","4.541","0.585","15.250","24.412","16.287","19.704","6.522","3.868","140.443"
"52","TCR","Colin Mullan","5","1:58.295","13:34.541","Green","Track","3.703","9.743","14.362","4.509","0.580","14.873","24.466","16.160","19.592","6.447","3.860","141.654"
"84","TCR","Brian Henderson","5","1:58.110","13:37.202","Green","Track","3.727","9.710","14.427","4.530","0.586","15.125","24.413","16.091","19.392","6.279","3.830","140.203"
"89","TCR","Chad Gilsinger","5","1:58.363","13:46.466","Green","Track","3.722","9.742","14.397","4.515","0.581","15.173","24.215","16.249","19.466","6.442","3.861","141.410"
"54","TCR","Michael Johnson","5","1:57.386","13:51.236","Green","Track","3.704","9.683","14.062","4.355","0.559","15.106","24.090","16.033","19.477","6.464","3.853","146.975"
"23","TCR","Jared Salinsky","5","1:57.884","13:53.457","Green","Track","3.697","9.642","14.181","4.416","0.566","15.163","24.086","16.107","19.656","6.515","3.855","145.157"
"98","TCR","Michael Lewis","5","1:56.888","13:58.315","Green","Track","3.677","9.661","14.441","4.502","0.581","14.621","23.841","16.003","19.354","6.372","3.835","141.410"
"12","TCR","Ryan Nash","5","1:58.796","14:08.917","Green","Track","3.678","9.780","14.198","4.398","0.564","15.866","24.231","16.144","19.557","6.550","3.830","145.672"
"5","TCR","Tim Lewis Jr","5","1:57.893","14:15.236","Green","Track","3.694","9.760","0.000","0.000","0.576","15.566","24.171","15.935","19.345","6.424","3.799","142.637"
"61","TCR","Gavin Ernstone","5","2:00.181","14:22.967","Green","Track","3.732","10.049","0.000","0.000","0.580","15.454","24.407","16.324","19.665","6.684","3.959","141.654"
"73","TCR","Mike LaMarra","6","2:00.960","15:34.035","Finish","Track","3.705","9.892","14.546","4.559","0.587","15.326","24.318","16.507","19.864","7.471","4.185","139.964"
"84","TCR","Brian Henderson","6","2:01.984","15:39.186","Finish","Track","3.691","9.722","14.468","4.535","0.587","15.283","24.295","16.270","19.528","8.831","4.774","139.964"
"89","TCR","Chad Gilsinger","6","2:21.004","16:07.470","Finish","Pit","3.697","9.795","14.476","4.532","0.583","15.427","24.174","16.302","19.763","14.927","17.328","140.925"
"54","TCR","Michael Johnson","6","2:19.411","16:10.647","Finish","Pit","3.668","9.743","14.165","4.365","0.561","15.272","24.082","16.118","19.362","13.595","18.480","146.451"
"23","TCR","Jared Salinsky","6","2:23.944","16:17.401","Finish","Pit","3.677","9.791","14.319","4.439","0.569","15.377","24.165","16.008","19.734","12.850","23.015","144.392"
"98","TCR","Michael Lewis","6","2:22.722","16:21.037","Finish","Pit","3.670","9.702","14.463","4.508","0.581","14.746","23.834","15.995","19.445","17.607","18.171","141.410"
"46","GS","Owen Trinkler","1","31:43.473","31:43.473","Green","Track","0.000","10.614","14.608","4.377","0.559","15.845","23.964","15.487","19.451","6.290","3.706","146.975"
"56","GS","Jeff Mosing","1","31:45.772","31:45.772","Green","Track","0.000","10.348","14.883","4.430","0.569","15.897","24.119","15.820","19.840","6.403","3.730","144.392"
"88","GS","Henry Schmitt","1","31:52.424","31:52.424","Green","Track","0.000","11.217","15.736","4.410","0.566","17.150","24.920","15.985","20.398","6.775","3.781","145.157"
"97","GS","Rob Ecklin Jr.","1","31:55.930","31:55.930","Green","Track","0.000","11.186","15.975","4.499","0.611","18.228","25.339","16.187","20.219","6.725","3.743","134.467"
"11","GS","Thomas Collingwood","1","32:03.635","32:03.635","Green","Track","0.000","11.770","17.053","4.614","0.579","18.465","25.917","16.641","21.164","7.163","3.884","141.898"
"35","GS","James Cox","1","32:07.700","32:07.700","Green","Track","14.338","11.330","16.372","4.483","0.569","17.648","25.977","17.331","20.840","6.907","3.799","144.392"
"60","GS","Nate Stacy","1","32:08.729","32:08.729","Green","Track","14.565","11.607","16.831","4.813","0.670","18.057","26.042","16.153","20.557","6.792","3.775","122.626"
"65","GS","Tim Probert","1","32:09.414","32:09.414","Green","Track","0.000","11.907","16.739","4.619","0.635","18.183","24.926","16.121","20.663","6.669","3.784","129.384"
"13","GS","Scott Hargrove","1","32:14.667","32:14.667","Green","Track","14.957","12.042","16.200","4.795","0.745","18.153","26.427","17.809","20.949","7.077","3.936","110.281"
"71","GS","Frank DePew","1","32:26.575","32:26.575","Green","Track","14.649","12.989","18.922","4.955","0.655","18.910","26.834","17.028","21.984","7.105","3.858","125.434"
"4","GS","Ted Giovanis","1","32:29.962","32:29.962","Green","Track","0.000","12.683","17.221","4.947","0.626","17.817","25.320","16.248","20.482","7.072","3.870","131.245"
"40","GS","James Pesek","1","32:41.193","32:41.193","Green","Track","14.578","12.430","18.269","5.023","0.655","20.194","27.466","16.919","21.814","7.237","3.921","125.434"
"59","GS","Rod Randall","1","33:07.605","33:07.605","Green","Pit","12.007","12.416","16.725","4.584","0.579","16.887","26.572","16.550","21.853","10.784","15.894","141.898"
"82","GS","James Clay","1","33:16.772","33:16.772","Green","Track","21.076","17.035","23.125","7.508","1.039","20.458","24.957","16.248","19.707","6.392","3.683","79.075"
"57","GS","Christian Hohenadel","1","33:20.452","33:20.452","Green","Track","0.000","16.011","15.670","4.540","0.647","17.955","24.512","16.330","21.637","6.666","3.764","126.985"
"2","GS","Kenton Koch","1","33:22.055","33:22.055","Green","Track","14.551","14.257","22.613","7.336","1.144","20.778","25.386","16.094","22.846","6.528","3.788","71.817"
"8","GS","Gunnar Jeannette","1","33:23.682","33:23.682","Green","Track","14.598","13.188","22.508","7.756","0.958","20.757","26.863","16.330","21.673","6.925","3.839","85.761"
"96","GS","Vin Barletta","1","33:26.030","33:26.030","Green","Track","21.956","15.847","22.841","7.444","1.159","21.159","28.781","16.881","22.219","7.101","3.840","70.888"
"39","GS","Tyler McQuarrie","1","33:32.555","33:32.555","Green","Track","0.000","13.637","20.673","5.711","0.729","18.028","29.410","18.499","25.038","6.636","3.789","112.701"
"7","GS","Trent Hindman","1","33:34.317","33:34.317","Green","Track","0.000","10.916","15.156","5.074","0.736","18.107","26.887","21.432","21.981","6.781","3.845","111.629"
"93","GS","Mark Siegel","1","33:34.467","33:34.467","Green","Track","0.000","15.982","16.427","4.922","0.727","17.915","30.201","17.538","25.828","7.284","3.943","113.011"
"75","GS","Kuno Wittmer","1","33:37.626","33:37.626","Green","Track","0.000","11.446","18.072","6.565","0.864","19.144","28.861","16.020","21.901","6.414","3.707","95.092"
"33","GS","Indy Dontje","1","33:38.467","33:38.467","Green","Track","0.000","11.487","17.093","5.005","0.675","18.412","29.325","19.336","23.924","6.706","3.786","121.717"
"46","GS","Owen Trinkler","2","1:55.486","33:38.959","Green","Track","3.549","9.459","13.868","4.276","0.549","15.030","23.542","15.544","19.659","6.331","3.679","149.652"
"69","GS","Jesse Lazare","1","33:39.698","33:39.698","Green","Track","16.054","15.363","17.180","6.483","0.724","18.488","32.426","19.453","24.105","6.909","3.725","113.479"
"56","GS","Jeff Mosing","2","1:56.525","33:42.297","Green","Track","3.563","9.697","13.989","4.278","0.549","15.183","23.747","15.778","19.545","6.446","3.750","149.652"
"88","GS","Henry Schmitt","2","1:57.561","33:49.985","Green","Track","3.585","9.863","13.662","4.187","0.536","15.911","23.931","15.762","19.843","6.534","3.747","153.282"
"97","GS","Rob Ecklin Jr.","2","1:57.817","33:53.747","Green","Track","3.579","9.773","13.635","4.239","0.545","16.028","24.457","15.627","19.723","6.527","3.684","150.751"
"11","GS","Thomas Collingwood","2","1:59.920","34:03.555","Green","Track","3.663","9.881","14.080","4.271","0.545","15.938","24.423","16.263","20.154","6.853","3.849","150.751"
"35","GS","James Cox","2","1:56.926","34:04.626","Green","Track","3.597","9.811","13.736","4.230","0.541","15.767","23.875","15.755","19.365","6.495","3.754","151.865"
"60","GS","Nate Stacy","2","1:56.474","34:05.203","Green","Track","3.598","9.673","13.723","4.219","0.542","15.454","23.838","15.735","19.417","6.530","3.745","151.585"
"65","GS","Tim Probert","2","1:57.132","34:06.546","Green","Track","3.620","9.799","13.973","4.267","0.546","15.739","23.912","15.719","19.610","6.244","3.703","150.475"
"13","GS","Scott Hargrove","2","2:11.505","34:26.172","Green","Track","3.745","9.987","14.056","4.286","0.598","16.618","24.396","16.175","31.383","6.493","3.768","137.390"
"4","GS","Ted Giovanis","2","1:59.558","34:29.520","Green","Track","3.672","9.875","13.909","4.295","0.553","15.894","24.633","16.185","20.037","6.647","3.858","148.570"
"40","GS","James Pesek","2","2:03.452","34:44.645","Green","Track","3.713","10.146","14.493","4.363","0.558","16.803","25.284","16.344","21.002","6.889","3.857","147.239"
"82","GS","James Clay","2","1:56.466","35:13.238","Green","Track","3.529","9.658","13.749","4.233","0.544","15.296","23.927","15.678","19.429","6.673","3.750","151.028"
"57","GS","Christian Hohenadel","2","1:54.891","35:15.343","Green","Track","3.576","9.591","13.788","4.243","0.544","15.145","23.368","15.558","19.093","6.273","3.712","151.028"
"2","GS","Kenton Koch","2","1:56.904","35:18.959","Green","Track","3.599","9.716","14.049","4.340","0.557","15.508","23.840","15.784","19.333","6.388","3.790","147.503"
"8","GS","Gunnar Jeannette","2","1:59.779","35:23.461","Green","Track","3.619","9.976","14.089","4.327","0.554","16.384","24.659","16.010","19.630","6.708","3.823","148.302"
"96","GS","Vin Barletta","2","2:01.402","35:27.432","Green","Track","3.618","10.179","14.229","4.282","0.548","16.867","24.883","16.143","20.184","6.678","3.791","149.925"
"39","GS","Tyler McQuarrie","2","1:55.658","35:28.213","Green","Track","3.586","9.647","13.905","4.288","0.548","15.134","23.582","15.626","19.191","6.421","3.730","149.925"
"7","GS","Trent Hindman","2","1:58.648","35:32.965","Green","Track","3.677","9.847","14.023","4.271","0.544","15.667","24.023","15.914","20.483","6.450","3.749","151.028"
"46","GS","Owen Trinkler","3","1:56.706","35:35.665","Green","Track","3.507","9.526","13.706","4.221","0.542","15.328","24.121","16.053","19.697","6.313","3.692","151.585"
"75","GS","Kuno Wittmer","2","2:00.806","35:38.432","Green","Track","3.517","9.601","13.564","4.151","0.534","15.310","24.950","17.798","21.317","6.377","3.687","153.856"
"93","GS","Mark Siegel","2","2:05.115","35:39.582","Green","Track","3.818","10.485","14.072","4.305","0.547","16.408","26.613","17.016","21.119","6.887","3.845","150.199"
"33","GS","Indy Dontje","2","2:05.424","35:43.891","Green","Track","3.592","9.628","13.897","4.647","0.684","16.223","31.155","16.126","19.455","6.315","3.702","120.116"
"69","GS","Jesse Lazare","2","2:04.944","35:44.642","Green","Track","3.564","9.775","13.532","4.261","0.651","16.626","27.509","19.377","19.611","6.373","3.665","126.204"
"88","GS","Henry Schmitt","3","1:57.272","35:47.257","Green","Track","3.536","9.882","13.715","4.160","0.533","15.640","24.198","15.782","19.649","6.483","3.694","154.145"
"59","GS","Rod Randall","2","2:42.608","35:50.213","Green","Track","39.427","12.957","15.436","4.427","0.561","16.465","26.279","16.344","20.182","6.759","3.771","146.451"
"97","GS","Rob Ecklin Jr.","3","1:57.259","35:51.006","Green","Track","3.507","9.595","13.626","4.204","0.540","15.918","24.237","15.640","19.674","6.607","3.711","152.146"
"56","GS","Jeff Mosing","3","2:11.565","35:53.862","Green","Pit","3.561","9.643","13.863","4.241","0.544","15.384","23.997","15.806","20.241","8.815","15.470","151.028"
"35","GS","James Cox","3","1:55.948","36:00.574","Green","Track","3.576","9.653","13.714","4.206","0.539","15.367","23.641","15.687","19.335","6.505","3.725","152.429"
"60","GS","Nate Stacy","3","1:56.037","36:01.240","Green","Track","3.576","9.620","13.678","4.212","0.542","15.282","23.753","15.749","19.244","6.621","3.760","151.585"
"65","GS","Tim Probert","3","1:57.371","36:03.917","Green","Track","3.524","9.773","14.003","4.271","0.548","15.568","24.285","15.810","19.500","6.335","3.754","149.925"
"11","GS","Thomas Collingwood","3","2:02.607","36:06.162","Green","Track","3.657","9.729","14.119","4.504","0.693","17.333","24.733","17.158","20.138","6.736","3.807","118.556"
"71","GS","Frank DePew","2","3:41.146","36:07.721","Green","Pit","3.772","10.645","14.971","4.451","0.566","16.878","28.740","16.983","22.084","10.561","91.495","145.157"
"13","GS","Scott Hargrove","3","1:57.259","36:23.431","Green","Track","3.563","9.628","13.898","4.232","0.543","15.589","24.122","15.840","19.470","6.539","3.835","151.306"
"4","GS","Ted Giovanis","3","1:58.847","36:28.367","Green","Track","3.650","9.943","13.974","4.299","0.553","16.036","24.330","15.880","19.906","6.521","3.755","148.570"
"40","GS","James Pesek","3","2:01.113","36:45.758","Green","Track","3.685","10.111","14.332","4.377","0.560","16.387","24.698","15.969","20.498","6.707","3.789","146.713"
"82","GS","James Clay","3","1:55.457","37:08.695","Green","Track","3.566","9.498","13.584","4.221","0.543","15.212","23.760","15.647","19.207","6.494","3.725","151.306"
"57","GS","Christian Hohenadel","3","1:54.880","37:10.223","Green","Track","3.538","9.646","13.796","4.237","0.544","14.850","23.545","15.686","19.070","6.262","3.706","151.028"
"2","GS","Kenton Koch","3","1:56.286","37:15.245","Green","Track","3.604","9.533","13.939","4.338","0.557","15.097","23.912","15.775","19.223","6.507","3.801","147.503"
"8","GS","Gunnar Jeannette","3","1:58.017","37:21.478","Green","Track","3.613","9.794","14.076","4.343","0.558","15.705","24.041","15.859","19.651","6.575","3.802","147.239"
"39","GS","Tyler McQuarrie","3","1:55.202","37:23.415","Green","Track","3.541","9.492","13.839","4.286","0.548","15.002","23.604","15.724","19.073","6.373","3.720","149.925"
"96","GS","Vin Barletta","3","1:59.902","37:27.334","Green","Track","3.580","9.993","14.806","4.346","0.553","15.831","24.633","15.906","19.976","6.516","3.762","148.570"
"7","GS","Trent Hindman","3","1:56.571","37:29.536","Green","Track","3.552","9.705","14.001","4.267","0.546","15.069","23.941","15.951","19.369","6.426","3.744","150.475"
"46","GS","Owen Trinkler","4","1:55.411","37:31.076","Green","Track","3.525","9.598","13.898","4.257","0.547","15.065","23.658","15.604","19.245","6.314","3.700","150.199"
"75","GS","Kuno Wittmer","3","1:55.019","37:33.451","Green","Track","3.510","9.488","13.568","4.128","0.533","14.885","23.875","15.643","19.330","6.366","3.693","154.145"
"33","GS","Indy Dontje","3","1:54.969","37:38.860","Green","Track","3.533","9.452","13.671","4.216","0.540","15.003","23.457","15.443","19.543","6.402","3.709","152.146"
"93","GS","Mark Siegel","3","2:00.589","37:40.171","Green","Track","3.634","9.996","13.977","4.313","0.552","15.955","24.546","16.028","20.904","6.863","3.821","148.839"
"69","GS","Jesse Lazare","3","1:55.976","37:40.618","Green","Track","3.457","9.880","13.622","4.115","0.530","15.070","24.221","15.741","19.252","6.411","3.677","155.017"
"88","GS","Henry Schmitt","4","1:58.961","37:46.218","Green","Track","3.476","10.824","13.904","4.170","0.534","16.051","24.084","15.841","19.789","6.584","3.704","153.856"
"97","GS","Rob Ecklin Jr.","4","1:58.585","37:49.591","Green","Track","3.522","9.794","14.114","4.262","0.544","16.482","24.240","15.645","19.703","6.572","3.707","151.028"
"59","GS","Rod Randall","3","2:03.356","37:53.569","Green","Track","3.594","10.186","14.283","4.276","0.547","17.991","25.284","16.274","20.246","6.891","3.784","150.199"
"60","GS","Nate Stacy","4","1:56.888","37:58.128","Green","Track","3.566","9.609","13.714","4.225","0.543","15.695","24.039","15.848","19.288","6.605","3.756","151.306"
"65","GS","Tim Probert","4","1:56.638","38:00.555","Green","Track","3.573","9.455","13.907","4.278","0.550","15.450","24.073","15.770","19.500","6.346","3.736","149.380"
"11","GS","Thomas Collingwood","4","1:59.596","38:05.758","Green","Track","3.589","9.834","14.078","4.270","0.545","15.829","24.484","16.080","19.907","7.084","3.896","150.751"
"56","GS","Jeff Mosing","4","2:16.916","38:10.778","Green","Track","14.245","11.799","18.014","5.069","0.650","16.508","25.027","15.825","19.736","6.332","3.711","126.399"
"13","GS","Scott Hargrove","4","1:56.947","38:20.378","Green","Track","3.597","9.677","13.768","4.201","0.540","15.478","23.994","15.882","19.359","6.599","3.852","152.146"
"4","GS","Ted Giovanis","4","1:59.248","38:27.615","Green","Track","3.595","9.640","13.814","4.276","0.550","15.843","24.614","15.999","19.973","7.022","3.922","149.380"
"40","GS","James Pesek","4","1:59.437","38:45.195","Green","Track","3.630","9.859","14.047","4.309","0.552","15.887","24.600","15.934","20.241","6.609","3.769","148.839"
"57","GS","Christian Hohenadel","4","1:55.056","39:05.279","Green","Track","3.544","9.556","13.682","4.225","0.543","14.990","23.447","15.638","19.125","6.509","3.797","151.306"
"82","GS","James Clay","4","1:57.504","39:06.199","Green","Track","3.567","9.597","13.622","4.222","0.543","15.199","23.886","17.281","19.417","6.461","3.709","151.306"
"2","GS","Kenton Koch","4","1:56.679","39:11.924","Green","Track","3.604","9.589","13.974","4.343","0.558","15.232","23.809","15.819","19.384","6.558","3.809","147.239"
"39","GS","Tyler McQuarrie","4","1:55.805","39:19.220","Green","Track","3.538","9.540","13.850","4.274","0.545","14.996","23.722","16.017","19.282","6.317","3.724","150.751"
"8","GS","Rodrigo Sales","4","1:59.186","39:20.664","Green","Track","3.605","9.790","14.066","4.347","0.558","15.542","24.486","16.321","19.877","6.762","3.832","147.239"
"71","GS","Frank DePew","3","3:17.013","39:24.734","Green","Pit","14.541","10.591","15.333","4.475","0.569","17.016","26.038","16.414","21.707","11.485","58.844","144.392"
"7","GS","Trent Hindman","4","1:56.707","39:26.243","Green","Track","3.550","9.620","13.852","4.236","0.541","15.110","23.917","15.898","19.658","6.548","3.777","151.865"
"96","GS","Vin Barletta","4","1:59.745","39:27.079","Green","Track","3.567","10.080","13.804","4.210","0.542","15.940","24.542","16.147","20.493","6.650","3.770","151.585"
"75","GS","Kuno Wittmer","4","1:55.719","39:29.170","Green","Track","3.522","9.568","13.559","4.113","0.530","15.056","23.958","15.634","19.623","6.435","3.721","155.017"
"33","GS","Indy Dontje","4","1:55.055","39:33.915","Green","Track","3.533","9.506","13.694","4.230","0.543","14.944","23.466","15.542","19.373","6.492","3.732","151.306"
"46","GS","Owen Trinkler","5","2:03.614","39:34.690","Green","Track","3.523","9.597","13.853","4.248","0.546","15.044","23.765","15.735","25.169","8.020","4.114","150.475"
"69","GS","Jesse Lazare","4","1:58.494","39:39.112","Green","Track","3.495","9.629","14.198","4.145","0.551","15.915","24.310","16.090","19.452","6.741","3.968","149.109"
"93","GS","Mark Siegel","4","2:00.219","39:40.390","Green","Track","3.615","9.911","13.940","4.292","0.549","15.976","24.709","16.431","20.095","6.860","3.841","149.652"
"88","GS","Henry Schmitt","5","1:57.769","39:43.987","Green","Track","3.505","9.768","13.564","4.144","0.532","15.775","24.217","15.981","19.966","6.591","3.726","154.434"
"97","GS","Rob Ecklin Jr.","5","1:57.684","39:47.275","Green","Track","3.523","9.667","13.731","4.227","0.543","15.915","24.130","15.659","19.963","6.612","3.714","151.306"
"59","GS","Rod Randall","4","2:01.552","39:55.121","Green","Track","3.609","10.292","14.281","4.317","0.551","16.278","25.272","16.237","20.072","6.851","3.792","149.109"
"65","GS","Tim Probert","5","1:57.052","39:57.607","Green","Track","3.568","9.881","13.955","4.292","0.551","15.342","23.812","15.779","19.717","6.411","3.744","149.109"
"11","GS","Thomas Collingwood","5","1:59.333","40:05.091","Green","Track","3.647","9.867","14.096","4.286","0.547","15.745","24.399","16.080","20.153","6.701","3.812","150.199"
"56","GS","Jeff Mosing","5","1:55.431","40:06.209","Green","Track","3.536","9.480","13.840","4.249","0.546","15.015","23.644","15.687","19.288","6.388","3.758","150.475"
"13","GS","Scott Hargrove","5","1:56.849","40:17.227","Green","Track","3.608","9.627","13.764","4.209","0.540","15.456","23.919","15.900","19.443","6.579","3.804","152.146"
"4","GS","Ted Giovanis","5","1:58.788","40:26.403","Green","Track","3.659","9.623","13.841","4.282","0.553","15.998","24.425","15.949","20.179","6.518","3.761","148.570"
"40","GS","James Pesek","5","1:59.853","40:45.048","Green","Track","3.614","9.911","13.875","4.293","0.551","16.100","24.564","16.050","20.401","6.704","3.790","149.109"
"57","GS","Christian Hohenadel","5","1:55.269","41:00.548","Green","Track","3.609","9.568","13.721","4.255","0.547","15.003","23.353","15.609","19.099","6.682","3.823","150.199"
"82","GS","James Clay","5","1:55.304","41:01.503","Green","Track","3.532","9.646","13.463","4.155","0.533","15.011","23.858","15.627","19.193","6.552","3.734","154.145"
"39","GS","Tyler McQuarrie","5","1:55.217","41:14.437","Green","Track","3.549","9.442","13.813","4.302","0.549","14.991","23.722","15.620","19.042","6.428","3.759","149.652"
"8","GS","Rodrigo Sales","5","1:58.915","41:19.579","Green","Track","3.622","9.904","14.032","4.338","0.556","15.794","24.304","15.908","19.860","6.775","3.822","147.768"
"7","GS","Trent Hindman","5","1:56.302","41:22.545","Green","Track","3.566","9.617","13.863","4.268","0.545","15.049","23.888","15.902","19.347","6.490","3.767","150.751"
"96","GS","Vin Barletta","5","1:57.838","41:24.917","Green","Track","3.583","10.054","13.670","4.198","0.539","15.593","24.425","15.763","19.637","6.616","3.760","152.429"
"33","GS","Indy Dontje","5","1:54.709","41:28.624","Green","Track","3.552","9.499","13.676","4.238","0.544","15.146","23.471","15.464","19.159","6.270","3.690","151.028"
"46","GS","Owen Trinkler","6","2:03.098","41:37.788","Green","Track","3.854","9.864","13.765","4.246","0.544","15.823","24.977","17.820","22.105","6.375","3.725","151.028"
"93","GS","Mark Siegel","5","1:58.863","41:39.253","Green","Track","3.609","9.843","13.949","4.321","0.549","16.001","24.267","15.876","19.913","6.708","3.827","149.652"
"88","GS","Henry Schmitt","6","1:57.519","41:41.506","Green","Track","3.533","9.842","13.564","4.146","0.531","15.799","24.080","15.867","19.802","6.604","3.751","154.725"
"97","GS","Rob Ecklin Jr.","6","1:57.581","41:44.856","Green","Track","3.504","9.821","13.675","4.241","0.545","15.882","24.245","15.653","19.581","6.682","3.752","150.751"
"75","GS","Kuno Wittmer","5","2:19.251","41:48.421","Green","Pit","3.726","10.661","15.054","4.645","0.620","17.398","25.483","17.251","20.911","7.456","16.046","132.515"
"65","GS","Tim Probert","6","1:58.744","41:56.351","Green","Track","3.562","9.485","13.838","4.271","0.549","16.602","24.837","16.006","19.456","6.368","3.770","149.652"
"59","GS","Rod Randall","5","2:04.072","41:59.193","Green","Track","3.675","10.334","14.494","4.355","0.561","16.849","25.973","16.561","20.566","6.916","3.788","146.451"
"56","GS","Jeff Mosing","6","2:02.610","42:08.819","Green","Track","3.553","10.069","14.254","4.913","0.666","17.869","25.101","16.182","19.848","6.419","3.736","123.362"
"13","GS","Scott Hargrove","6","2:02.838","42:20.065","Green","Track","3.576","9.718","13.783","4.221","0.543","16.662","27.552","16.465","19.901","6.605","3.812","151.306"
"69","GS","Jesse Lazare","5","2:41.144","42:20.256","Green","Pit","3.632","9.591","13.556","4.135","0.534","16.212","25.381","17.229","20.061","8.220","42.593","153.856"
"4","GS","Ted Giovanis","6","1:59.343","42:25.746","Green","Track","3.585","9.567","13.821","4.297","0.555","16.713","24.406","15.886","20.207","6.537","3.769","148.034"
"11","GS","Thomas Collingwood","6","2:26.944","42:32.035","Green","Pit","3.618","9.903","14.436","4.373","0.581","18.289","27.298","16.887","23.410","10.964","17.185","141.410"
"40","GS","James Pesek","6","2:03.827","42:48.875","Green","Track","3.633","9.967","14.266","4.413","0.636","17.934","25.131","16.306","20.903","6.831","3.807","129.181"
"57","GS","Christian Hohenadel","6","2:15.477","43:16.025","Green","Pit","3.613","9.754","13.739","4.271","0.590","19.089","24.249","15.661","19.716","9.362","15.433","139.253"
"39","GS","Tyler McQuarrie","6","2:09.539","43:23.976","Green","Pit","3.564","9.424","13.849","4.323","0.555","15.105","23.844","15.997","19.772","7.663","15.443","148.034"
"33","GS","Indy Dontje","6","1:56.095","43:24.719","Green","Track","3.533","9.433","13.665","4.232","0.543","15.371","23.531","15.497","19.862","6.655","3.773","151.306"
"96","GS","Vin Barletta","6","2:00.366","43:25.283","Green","Track","3.545","10.122","13.842","4.212","0.541","15.717","24.560","16.276","20.812","6.967","3.772","151.865"
"71","GS","Frank DePew","4","4:05.096","43:29.830","Green","Pit","14.521","10.962","14.801","4.405","0.598","110.655","26.176","16.248","21.490","8.981","16.259","137.390"
"46","GS","Owen Trinkler","7","1:55.410","43:33.198","Green","Track","3.547","9.460","13.821","4.275","0.549","15.093","23.606","15.640","19.257","6.431","3.731","149.652"
"93","GS","Mark Siegel","6","1:58.957","43:38.210","Green","Track","3.626","9.863","14.064","4.379","0.556","15.839","24.307","15.932","19.879","6.711","3.801","147.768"
"88","GS","Henry Schmitt","7","1:57.289","43:38.795","Green","Track","3.515","9.782","13.728","4.156","0.531","15.586","24.232","15.801","19.614","6.634","3.710","154.725"
"97","GS","Rob Ecklin Jr.","7","1:57.463","43:42.319","Green","Track","3.539","9.793","13.708","4.230","0.544","15.852","24.056","15.703","19.768","6.572","3.698","151.028"
"65","GS","Tim Probert","7","1:57.455","43:53.806","Green","Track","3.583","9.576","13.914","4.304","0.554","15.525","23.958","15.789","19.914","6.547","3.791","148.302"
"59","GS","Rod Randall","6","2:04.527","44:03.720","Green","Track","3.652","10.391","14.661","4.357","0.556","16.642","25.778","16.436","21.165","7.070","3.819","147.768"
"13","GS","Scott Hargrove","7","1:59.081","44:19.146","Green","Track","3.591","9.684","13.831","4.234","0.542","15.550","24.186","16.056","19.582","7.715","4.110","151.585"
"56","GS","Jeff Mosing","7","2:12.158","44:20.977","Green","Pit","3.560","9.645","13.864","4.273","0.549","15.343","23.995","15.863","20.769","8.852","15.445","149.652"
"4","GS","Ted Giovanis","7","1:59.071","44:24.817","Green","Track","3.596","9.762","13.871","4.291","0.551","15.884","24.431","15.925","20.405","6.583","3.772","149.109"
"7","GS","Trent Hindman","6","3:27.226","44:49.771","Finish","Pit","3.566","9.844","14.036","4.292","0.547","15.513","27.028","31.236","55.973","16.632","28.559","150.199"
"46","GS","Owen Trinkler","8","1:56.167","45:29.365","Finish","Track","3.555","9.495","13.826","4.271","0.549","14.999","23.736","15.736","19.311","6.848","3.841","149.652"
"88","GS","Henry Schmitt","8","2:21.748","46:00.543","Finish","Pit","3.513","10.151","13.723","4.134","0.527","17.205","24.849","16.839","21.666","11.541","17.600","155.900"
"97","GS","Rob Ecklin Jr.","8","2:19.732","46:02.051","Finish","Pit","3.522","9.678","14.683","4.341","0.555","17.922","25.704","15.762","20.188","14.109","13.268","148.034"
"93","GS","Mark Siegel","7","2:24.894","46:03.104","Finish","Pit","3.628","9.969","13.981","4.340","0.554","23.182","26.564","16.421","20.460","10.073","15.722","148.302"
"59","GS","Rod Randall","7","2:04.218","46:07.938","Finish","Track","3.625","10.333","14.477","4.355","0.557","16.829","25.562","16.820","20.843","7.008","3.809","147.503"
"65","GS","Tim Probert","8","2:14.521","46:08.327","Finish","Pit","3.594","9.613","13.892","4.306","0.553","15.630","23.912","15.784","19.636","11.198","16.403","148.570"
"4","GS","Ted Giovanis","8","1:59.181","46:23.998","Finish","Track","3.602","9.880","13.898","4.287","0.555","16.164","24.353","16.045","20.075","6.543","3.779","148.034"
"33","GS","Indy Dontje","7","3:07.924","46:32.643","Finish","Pit","3.683","11.174","19.010","6.358","0.884","22.364","36.725","26.541","33.575","11.952","15.658","92.940"
"60","GS","Nate Stacy","5","8:46.262","46:44.390","Finish","Pit","3.577","9.723","13.752","4.236","0.544","15.414","24.017","16.020","20.385","7.995","410.599","151.028"
"2","GS","Kenton Koch","5","7:37.481","46:49.405","Finish","Pit","3.598","9.605","13.948","4.347","0.558","15.238","24.029","16.549","20.457","7.535","341.617","147.239"
"35","GS","James Cox","4","10:56.130","46:56.704","Finish","Pit","3.548","9.615","13.723","4.221","0.541","17.601","26.282","16.191","21.356","10.022","533.030","151.865"
"40","GS","James Pesek","7","4:11.134","47:00.009","Finish","Pit","3.674","10.341","14.884","4.444","0.582","17.020","26.537","17.813","21.714","11.531","122.594","141.167"
"71","GS","Frank DePew","5","3:38.955","47:08.785","Finish","Pit","14.521","10.946","16.002","4.443","0.565","17.820","27.002","16.536","21.484","10.578","79.058","145.414"
"8","GS","Rodrigo Sales","6","5:53.143","47:12.722","Finish","Pit","3.624","9.782","14.063","4.368","0.561","16.322","25.301","16.507","22.774","8.781","231.060","146.451"
"69","GS","Jesse Lazare","6","4:56.294","47:16.550","Finish","Pit","14.614","10.184","14.081","4.179","0.539","15.668","28.988","76.418","25.614","11.307","94.702","152.429"
