"Car","Class","Driver","Lap","Lap Time","Session Time","Flag","Location","S01","S02","S03","S04","S05","S06","S07","S08","S09","S10","S11","SP6","SPI"
"26","LMP3","Matthew Bell","1","2:08.908","2:08.908","Green","Track","497.279","9.812","26.137","15.684","28.320","9.587","18.614","0.566","10.466","1.473","2.801","149.775","117.262"
"23","LMP3","Anthony Simone","1","2:11.394","2:11.394","Green","Track","494.849","10.660","27.546","15.751","27.205","9.077","18.558","0.535","10.677","1.466","2.751","158.454","117.822"
"70","LMP3","Jonatan Jorge","1","2:18.703","2:18.703","Green","Track","477.974","10.265","27.276","16.922","27.858","9.317","18.985","0.568","11.074","1.502","2.821","149.248","114.998"
"40","LMP3","David Grant","1","2:20.202","2:20.202","Green","Track","483.520","12.767","28.748","16.767","28.224","9.428","18.739","0.552","11.371","1.518","2.852","153.574","113.786"
"51","LMP3","Rob Hodes","1","2:28.661","2:28.661","Green","Track","478.853","14.019","30.205","17.148","30.033","9.953","19.723","0.553","11.261","1.511","2.841","153.296","114.313"
"12","LMP3","Tim Moser","1","2:35.663","2:35.663","Green","Track","366.646","11.388","30.018","17.879","30.757","10.600","19.246","0.568","11.991","1.572","2.920","149.248","109.877"
"54","LMP3","Dylan Murry","1","2:35.823","2:35.823","Green","Track","365.688","11.321","29.654","18.048","30.774","10.516","18.931","0.565","11.989","1.549","2.866","150.040","111.509"
"33","LMP3","Lance Willsey","1","2:45.029","2:45.029","Green","Pit","379.502","12.685","29.489","17.843","31.118","10.246","19.708","0.562","12.499","3.180","10.547","150.841","54.317"
"43","LMP3","Stevan McAleer","1","2:48.053","2:48.053","Green","Track","289.480","12.866","31.080","18.609","31.960","10.369","20.280","0.614","12.606","1.696","3.297","138.066","101.844"
"75","LMP3","Cameron Cassels","1","2:48.198","2:48.198","Green","Track","221.218","11.314","32.372","17.909","29.314","11.219","19.659","0.557","11.090","1.489","2.821","152.195","116.002"
"11","LMP3","Nico Rondet","1","2:50.020","2:50.020","Green","Track","206.546","11.885","29.595","16.753","28.788","12.061","19.552","0.550","11.560","1.517","2.852","154.132","113.861"
"64","LMP3","Naveen Rao","1","2:50.373","2:50.373","Green","Pit","461.338","12.334","31.613","18.111","32.232","12.046","20.089","0.598","14.748","3.953","10.137","141.760","43.695"
"9","LMP3","Gerry Kraut","1","2:51.105","2:51.105","Green","Track","163.229","9.866","26.337","15.860","27.848","9.334","19.306","0.667","12.276","1.496","2.800","127.096","115.459"
"7","LMP3","Blake Mount","1","2:53.749","2:53.749","Green","Track","215.210","12.566","31.767","17.688","31.448","10.281","19.821","0.589","12.820","1.571","2.898","143.927","109.947"
"10","LMP3","Joe Robillard","1","3:02.260","3:02.260","Green","Pit","282.585","12.282","32.196","18.639","31.755","11.018","20.976","0.634","14.204","3.937","10.713","133.711","43.873"
"25","LMP3","Ross Chouest","1","3:05.046","3:05.046","Green","Pit","469.664","12.463","30.788","17.378","31.141","9.778","19.305","0.554","12.749","4.010","10.226","153.019","43.074"
"60","LMP3","Bruce Hamilton","1","3:07.117","3:07.117","Green","Track","300.879","11.277","28.126","16.582","29.757","10.392","19.773","0.558","12.359","1.532","2.854","151.922","112.746"
"19","LMP3","Bradley Baker","1","3:22.968","3:22.968","Green","Track","438.985","12.751","28.599","16.931","28.611","9.411","18.735","0.558","11.599","1.558","2.914","151.922","110.865"
"47","LMP3","Rodrigo Pflucker","1","3:30.342","3:30.342","Green","Track","22.450","11.747","28.185","16.633","27.403","9.725","19.091","0.540","10.908","1.492","2.788","156.987","115.769"
"52","LMP3","Scott Huffaker","1","3:47.074","3:47.074","Green","Track","285.970","11.183","28.181","16.953","29.099","9.698","19.235","0.560","11.317","1.525","2.864","151.380","113.264"
"86","LMP3","Dave House","1","3:48.835","3:48.835","Green","Pit","34.447","14.482","31.613","17.967","30.645","10.768","20.866","0.614","14.663","4.426","12.936","138.066","39.026"
"26","LMP3","Matthew Bell","2","1:59.448","4:08.356","Green","Track","5.968","5.358","24.435","15.231","26.239","8.880","18.261","0.550","10.275","1.466","2.785","154.132","117.822"
"23","LMP3","Anthony Simone","2","2:00.517","4:11.911","Green","Track","0.000","0.000","24.516","0.000","0.000","8.738","18.430","0.531","10.609","1.456","2.737","159.647","118.631"
"70","LMP3","Jonatan Jorge","2","2:01.829","4:20.532","Green","Track","6.077","5.733","25.077","15.556","26.715","8.816","18.280","0.545","10.731","1.491","2.808","155.546","115.847"
"40","LMP3","David Grant","2","2:02.533","4:22.735","Green","Track","6.050","5.815","25.135","15.544","26.802","8.984","18.607","0.550","10.710","1.504","2.832","154.132","114.845"
"2","LMP3","Jon Brownson","1","4:40.054","4:40.054","Green","Track","22.660","11.775","28.841","16.680","28.935","9.683","19.159","0.555","11.708","1.571","2.914","152.744","109.947"
"51","LMP3","Rob Hodes","2","2:11.935","4:40.596","Green","Track","6.044","6.258","28.141","17.211","29.794","9.439","19.260","0.547","10.906","1.508","2.827","154.978","114.541"
"12","LMP3","Tim Moser","2","2:05.547","4:41.210","Green","Track","6.286","5.873","25.332","15.750","27.684","9.304","19.103","0.564","11.309","1.509","2.833","150.306","114.465"
"54","LMP3","Dylan Murry","2","2:05.551","4:41.374","Green","Track","6.419","6.154","25.304","15.837","27.444","9.216","19.002","0.551","11.321","1.495","2.808","153.852","115.537"
"75","LMP3","Cameron Cassels","2","2:03.350","4:51.548","Green","Track","6.155","6.113","25.676","15.615","26.952","8.995","18.349","0.549","10.667","1.480","2.799","154.413","116.708"
"11","LMP3","Nico Rondet","2","2:03.534","4:53.554","Green","Track","6.130","6.151","25.565","15.680","26.976","9.114","18.391","0.547","10.681","1.485","2.814","154.978","116.315"
"43","LMP3","Stevan McAleer","2","2:11.692","4:59.745","Green","Track","6.933","6.908","28.058","0.000","0.000","9.750","19.808","0.594","11.587","1.472","2.766","142.715","117.342"
"9","LMP3","Gerry Kraut","2","2:13.073","5:04.178","Green","Pit","0.000","0.000","26.436","15.465","26.649","8.925","18.138","0.537","11.534","3.498","10.066","157.864","49.379"
"74","LMP3","Colin Thompson","1","5:06.471","5:06.471","Green","Track","23.393","11.005","31.184","17.677","29.981","9.832","19.102","0.546","11.334","1.493","2.807","155.261","115.691"
"7","LMP3","Blake Mount","2","2:15.258","5:09.007","Green","Track","6.218","6.211","26.279","23.410","28.630","9.402","18.969","0.548","11.264","1.506","2.821","154.695","114.693"
"60","LMP3","Bruce Hamilton","2","2:08.966","5:16.083","Green","Track","6.192","6.568","26.410","15.954","28.764","9.563","19.128","0.542","11.489","1.524","2.832","156.407","113.338"
"19","LMP3","Bradley Baker","2","2:05.324","5:28.292","Green","Track","6.370","6.246","25.978","15.796","27.455","9.244","18.526","0.552","10.773","1.524","2.860","153.574","113.338"
"47","LMP3","Rodrigo Pflucker","2","2:00.562","5:30.904","Green","Track","5.878","5.913","24.700","15.239","26.645","8.906","18.075","0.535","10.445","1.467","2.759","158.454","117.742"
"25","LMP3","Ross Chouest","2","2:28.853","5:33.899","Green","Track","22.775","10.792","26.265","15.965","28.525","9.531","18.984","0.552","11.077","1.531","2.856","153.574","112.820"
"4","LMP3","Leo Lamelas","1","5:42.029","5:42.029","Green","Track","23.545","10.854","29.302","16.870","29.210","9.569","18.620","0.554","10.707","1.492","2.824","153.019","115.769"
"52","LMP3","Scott Huffaker","2","2:03.804","5:50.878","Green","Track","6.156","6.041","25.256","15.846","27.314","9.045","18.437","0.550","10.809","1.511","2.839","154.132","114.313"
"26","LMP3","Matthew Bell","3","1:58.314","6:06.670","Green","Track","5.900","5.169","24.356","15.158","26.077","8.749","18.042","0.546","10.106","1.449","2.762","155.261","119.204"
"23","LMP3","Anthony Simone","3","2:00.273","6:12.184","Green","Track","5.805","5.524","24.502","0.000","0.000","8.828","18.320","0.530","10.485","1.453","2.752","159.949","118.876"
"70","LMP3","Jonatan Jorge","3","2:02.323","6:22.855","Green","Track","5.940","5.506","26.656","15.315","26.532","8.903","18.074","0.545","10.573","1.483","2.796","155.546","116.472"
"86","LMP3","Dave House","2","2:42.282","6:31.117","Green","Track","27.760","13.524","29.390","16.918","28.871","9.703","19.456","0.560","11.518","1.609","2.973","151.380","107.351"
"33","LMP3","Lance Willsey","2","3:57.916","6:42.945","Green","Track","107.404","11.356","27.806","16.863","28.334","9.566","18.993","0.600","12.552","1.547","2.895","141.288","111.653"
"2","LMP3","Jon Brownson","2","2:05.514","6:45.568","Green","Track","6.213","5.925","25.631","15.920","27.769","9.252","18.602","0.551","11.233","1.542","2.876","153.852","112.015"
"51","LMP3","Rob Hodes","3","2:05.754","6:46.350","Green","Track","6.151","6.074","25.848","15.810","27.541","9.299","18.727","0.542","11.404","1.520","2.838","156.407","113.636"
"54","LMP3","Dylan Murry","3","2:05.098","6:46.472","Green","Track","6.097","6.000","25.485","16.010","27.267","9.260","18.640","0.573","11.474","1.500","2.792","147.945","115.152"
"12","LMP3","Tim Moser","3","2:08.289","6:49.499","Green","Track","6.058","5.890","25.682","16.903","28.022","9.235","18.759","0.669","12.715","1.519","2.837","126.716","113.711"
"75","LMP3","Cameron Cassels","3","2:02.981","6:54.529","Green","Track","5.954","5.598","24.912","15.450","26.568","8.951","18.364","0.573","12.110","1.588","2.913","147.945","108.770"
"11","LMP3","Nico Rondet","3","2:01.210","6:54.764","Green","Track","5.979","5.721","24.611","15.270","26.510","8.978","18.234","0.542","11.055","1.504","2.806","156.407","114.845"
"40","LMP3","David Grant","3","2:33.601","6:56.336","Green","Track","5.967","5.525","25.186","15.472","27.051","9.022","18.243","0.545","41.580","1.839","3.171","155.546","93.925"
"43","LMP3","Stevan McAleer","3","2:03.387","7:03.132","Green","Track","0.000","0.000","24.998","0.000","0.000","8.952","18.320","0.615","12.654","1.557","2.860","137.842","110.936"
"74","LMP3","Colin Thompson","2","2:03.809","7:10.280","Green","Track","5.964","5.871","25.441","15.669","27.273","9.182","18.909","0.547","10.712","1.468","2.773","154.978","117.662"
"7","LMP3","Blake Mount","3","2:04.935","7:13.942","Green","Track","6.035","5.934","25.646","15.427","27.690","9.227","18.937","0.547","11.169","1.505","2.818","154.978","114.769"
"60","LMP3","Bruce Hamilton","3","2:07.927","7:24.010","Green","Track","6.087","6.459","26.196","16.077","28.308","9.611","18.805","0.541","11.506","1.515","2.822","156.696","114.011"
"9","LMP3","Gerry Kraut","3","2:21.323","7:25.501","Green","Track","22.389","9.165","25.311","15.410","26.579","8.965","18.226","0.533","10.516","1.469","2.760","159.048","117.582"
"47","LMP3","Rodrigo Pflucker","3","2:02.692","7:33.596","Green","Track","5.840","5.662","25.273","15.171","26.818","9.643","18.387","0.533","11.136","1.468","2.761","159.048","117.662"
"19","LMP3","Bradley Baker","3","2:05.918","7:34.210","Green","Track","6.163","6.116","25.669","15.704","27.565","9.501","18.682","0.555","11.615","1.511","2.837","152.744","114.313"
"25","LMP3","Ross Chouest","3","2:05.224","7:39.123","Green","Track","6.082","5.943","25.658","15.621","27.787","9.336","18.881","0.553","10.982","1.525","2.856","153.296","113.264"
"10","LMP3","Joe Robillard","2","4:38.387","7:40.647","Green","Track","147.054","10.855","28.806","16.544","29.871","9.967","18.962","0.543","11.478","1.502","2.805","156.119","114.998"
"4","LMP3","Leo Lamelas","2","2:01.346","7:43.375","Green","Track","6.024","5.667","25.084","15.502","26.819","8.991","18.163","0.552","10.296","1.461","2.787","153.574","118.225"
"52","LMP3","Scott Huffaker","3","2:03.019","7:53.897","Green","Track","6.023","5.686","25.879","15.784","26.908","8.967","18.286","0.548","10.639","1.486","2.813","154.695","116.236"
"26","LMP3","Matthew Bell","4","1:58.261","8:04.931","Green","Track","5.858","5.047","24.281","15.186","25.899","8.766","18.053","0.547","10.370","1.467","2.787","154.978","117.742"
"23","LMP3","Anthony Simone","4","1:59.548","8:11.732","Green","Track","0.000","0.000","24.554","0.000","0.000","8.872","18.472","0.531","10.484","1.449","2.727","159.647","119.204"
"70","LMP3","Jonatan Jorge","4","2:00.311","8:23.166","Green","Track","5.925","5.460","24.653","15.342","26.435","8.902","18.214","0.546","10.569","1.476","2.789","155.261","117.024"
"86","LMP3","Dave House","3","2:09.003","8:40.120","Green","Track","6.241","6.117","26.655","15.708","28.293","9.616","19.282","0.558","11.971","1.607","2.955","151.922","107.484"
"64","LMP3","Naveen Rao","2","5:54.005","8:44.378","Green","Track","217.349","12.929","30.273","17.283","30.093","9.751","19.472","0.559","11.754","1.592","2.950","151.651","108.497"
"33","LMP3","Lance Willsey","3","2:04.797","8:47.742","Green","Track","6.219","5.906","25.886","15.927","27.182","9.225","18.580","0.551","10.942","1.525","2.854","153.852","113.264"
"2","LMP3","Jon Brownson","3","2:03.563","8:49.131","Green","Track","6.061","5.905","25.305","15.817","27.171","9.206","18.569","0.547","10.666","1.499","2.817","154.978","115.228"
"54","LMP3","Dylan Murry","4","2:02.956","8:49.428","Green","Track","5.942","5.911","24.919","15.725","27.089","9.178","18.667","0.537","10.707","1.485","2.796","157.864","116.315"
"12","LMP3","Tim Moser","4","2:04.488","8:53.987","Green","Track","6.061","5.809","25.255","15.942","27.367","9.306","18.890","0.548","10.984","1.503","2.823","154.695","114.922"
"51","LMP3","Rob Hodes","4","2:11.522","8:57.872","Green","Track","6.000","6.455","25.829","20.699","28.193","9.387","18.866","0.549","11.208","1.507","2.829","154.413","114.617"
"11","LMP3","Nico Rondet","4","2:03.276","8:58.040","Green","Track","6.093","6.029","24.703","16.352","26.767","9.050","18.271","0.536","11.203","1.489","2.783","158.158","116.002"
"75","LMP3","Cameron Cassels","4","2:12.056","9:06.585","Green","Track","6.361","6.367","26.885","17.208","28.481","9.117","20.570","0.823","11.983","1.469","2.792","103.005","117.582"
"40","LMP3","David Grant","4","2:13.818","9:10.154","Green","Track","6.965","6.793","26.681","15.712","27.710","9.115","23.949","0.655","11.889","1.509","2.840","129.424","114.465"
"74","LMP3","Colin Thompson","3","2:01.929","9:12.209","Green","Track","5.853","5.713","24.923","15.404","27.126","9.058","18.459","0.538","10.618","1.471","2.766","157.570","117.422"
"43","LMP3","Stevan McAleer","4","2:10.699","9:13.831","Green","Track","5.985","5.911","25.887","0.000","0.000","9.795","20.159","0.623","11.448","1.475","2.780","136.072","117.103"
"7","LMP3","Blake Mount","4","2:04.527","9:18.469","Green","Track","6.002","5.917","25.678","15.390","27.477","9.313","18.826","0.546","11.057","1.503","2.818","155.261","114.922"
"9","LMP3","Scott Andrews","4","2:01.592","9:27.093","Green","Track","5.821","5.704","25.585","0.000","0.000","8.779","18.440","0.533","10.515","1.470","2.764","159.048","117.502"
"60","LMP3","Bruce Hamilton","4","2:07.223","9:31.233","Green","Track","6.018","6.362","26.040","16.394","28.154","9.498","18.676","0.538","11.252","1.496","2.795","157.570","115.459"
"47","LMP3","Rodrigo Pflucker","4","1:58.807","9:32.403","Green","Track","5.814","5.511","24.439","15.195","26.029","8.868","17.949","0.532","10.266","1.457","2.747","159.347","118.550"
"19","LMP3","Bradley Baker","4","2:03.143","9:37.353","Green","Track","6.069","5.796","25.294","15.520","27.155","9.071","18.391","0.549","10.947","1.511","2.840","154.413","114.313"
"4","LMP3","Neil Alberico","3","2:00.337","9:43.712","Green","Track","5.928","5.346","24.469","15.711","26.524","8.853","18.244","0.549","10.448","1.471","2.794","154.413","117.422"
"25","LMP3","Ross Chouest","4","2:06.050","9:45.173","Green","Track","6.104","5.905","25.465","15.783","27.561","9.422","19.381","0.653","11.367","1.543","2.866","129.820","111.942"
"10","LMP3","Joe Robillard","3","2:06.315","9:46.962","Green","Track","6.050","5.988","25.822","0.000","0.000","9.233","18.693","0.538","11.214","1.526","2.830","157.570","113.190"
"52","LMP3","Scott Huffaker","4","2:00.647","9:54.544","Green","Track","5.971","5.673","24.794","15.528","26.534","8.827","18.157","0.548","10.345","1.476","2.794","154.695","117.024"
"26","LMP3","Matthew Bell","5","1:57.805","10:02.736","Green","Track","5.892","5.104","24.082","15.180","25.946","8.741","18.021","0.547","10.058","1.461","2.773","154.978","118.225"
"55","LMP3","Timo Reger","1","10:13.614","10:13.614","Green","Pit","22.772","10.878","28.515","16.836","29.191","9.909","19.583","0.558","11.828","3.231","406.513","151.922","53.459"
"70","LMP3","Jonatan Jorge","5","2:00.189","10:23.355","Green","Track","5.907","5.529","24.647","15.326","26.329","8.876","18.210","0.545","10.555","1.477","2.788","155.546","116.945"
"86","LMP3","Dave House","4","2:07.681","10:47.801","Green","Track","6.210","6.303","25.944","15.658","28.174","9.555","19.247","0.555","11.507","1.598","2.930","152.744","108.090"
"54","LMP3","Dylan Murry","5","2:02.089","10:51.517","Green","Track","5.961","5.721","24.702","15.353","26.845","9.321","18.368","0.537","10.953","1.509","2.819","157.864","114.465"
"64","LMP3","Naveen Rao","3","2:07.539","10:51.917","Green","Track","6.250","6.131","26.150","16.288","28.013","9.320","18.832","0.557","11.353","1.624","3.021","152.195","106.359"
"33","LMP3","Lance Willsey","4","2:04.201","10:51.943","Green","Track","6.060","5.670","25.548","15.649","27.175","9.245","18.592","0.548","11.363","1.516","2.835","154.695","113.936"
"2","LMP3","Jon Brownson","4","2:03.655","10:52.786","Green","Track","5.961","6.070","25.551","15.470","27.274","9.168","18.466","0.542","10.872","1.491","2.790","156.407","115.847"
"12","LMP3","Tim Moser","5","2:03.907","10:57.894","Green","Track","6.081","5.719","25.293","15.683","27.286","9.121","18.716","0.545","11.140","1.505","2.818","155.546","114.769"
"11","LMP3","Nico Rondet","5","2:04.190","11:02.230","Green","Track","5.904","6.201","24.987","15.780","26.789","9.043","19.611","0.573","11.015","1.491","2.796","147.945","115.847"
"51","LMP3","Rob Hodes","5","2:06.825","11:04.697","Green","Track","6.011","6.459","26.105","15.850","27.771","9.349","19.114","0.551","11.224","1.535","2.856","153.852","112.526"
"75","LMP3","Cameron Cassels","5","2:00.061","11:06.646","Green","Track","5.927","5.567","24.703","15.207","26.358","8.906","18.297","0.544","10.304","1.469","2.779","155.832","117.582"
"40","LMP3","David Grant","5","2:02.147","11:12.301","Green","Track","5.978","5.689","24.894","15.323","26.748","8.919","18.802","0.549","10.909","1.506","2.830","154.413","114.693"
"74","LMP3","Colin Thompson","4","2:01.211","11:13.420","Green","Track","5.831","5.522","25.152","15.527","26.876","8.875","18.212","0.535","10.464","1.462","2.755","158.454","118.145"
"43","LMP3","Stevan McAleer","5","2:00.152","11:13.983","Green","Track","5.878","5.616","24.732","0.000","0.000","8.897","18.187","0.528","10.448","1.457","2.745","160.554","118.550"
"7","LMP3","Blake Mount","5","2:03.557","11:22.026","Green","Track","6.054","5.923","25.154","15.498","27.493","9.192","18.459","0.545","10.931","1.497","2.811","155.546","115.382"
"23","LMP3","Anthony Simone","5","3:10.430","11:22.162","Green","Pit","0.000","0.000","24.749","0.000","0.000","8.879","18.335","0.531","10.757","2.611","72.040","159.647","66.154"
"9","LMP3","Scott Andrews","5","1:59.679","11:26.772","Green","Track","5.822","5.600","24.460","0.000","0.000","8.852","18.274","0.533","10.354","1.461","2.752","159.048","118.225"
"47","LMP3","Rodrigo Pflucker","5","2:01.273","11:33.676","Green","Track","5.815","5.542","25.537","15.883","26.441","8.839","17.949","0.535","10.449","1.494","2.789","158.454","115.614"
"60","LMP3","Bruce Hamilton","5","2:06.077","11:37.310","Green","Track","5.972","6.135","25.776","15.941","28.256","9.245","18.806","0.540","11.122","1.493","2.791","156.987","115.691"
"19","LMP3","Bradley Baker","5","2:03.523","11:40.876","Green","Track","6.057","5.744","25.409","15.548","27.130","9.120","18.621","0.550","10.969","1.520","2.855","154.132","113.636"
"10","LMP3","Joe Robillard","4","2:06.833","11:53.795","Green","Track","6.050","5.925","25.714","0.000","0.000","9.169","19.230","0.546","11.241","1.511","2.816","155.261","114.313"
"52","LMP3","Scott Huffaker","5","2:00.962","11:55.506","Green","Track","5.947","5.633","24.531","15.414","26.407","8.823","18.313","0.545","11.027","1.502","2.820","155.546","114.998"
"25","LMP3","Ross Chouest","5","2:10.692","11:55.865","Green","Track","6.070","5.978","25.575","17.071","29.917","9.690","19.479","0.560","11.522","1.706","3.124","151.380","101.247"
"26","LMP3","Matthew Bell","6","2:08.720","12:11.456","Green","Pit","5.876","5.124","24.291","15.222","26.015","8.788","18.523","0.549","11.017","3.239","10.076","154.413","53.327"
"70","LMP3","Jonatan Jorge","6","1:59.552","12:22.907","Green","Track","5.892","5.407","24.455","15.165","26.351","8.824","18.105","0.546","10.555","1.474","2.778","155.261","117.183"
"54","LMP3","Dylan Murry","6","2:02.177","12:53.694","Green","Track","5.987","5.846","24.660","15.410","27.038","9.092","18.631","0.545","10.724","1.467","2.777","155.546","117.742"
"86","LMP3","Dave House","5","2:07.185","12:54.986","Green","Track","6.148","6.220","25.861","15.678","28.140","9.320","19.507","0.551","11.334","1.549","2.877","153.852","111.509"
"33","LMP3","Lance Willsey","5","2:03.336","12:55.279","Green","Track","5.962","5.804","25.439","15.418","26.921","9.116","18.339","0.546","11.360","1.555","2.876","155.261","111.079"
"2","LMP3","Jon Brownson","5","2:04.924","12:57.710","Green","Track","6.150","6.010","25.515","16.967","27.362","9.009","18.465","0.544","10.599","1.495","2.808","155.832","115.537"
"64","LMP3","Naveen Rao","4","2:08.250","13:00.167","Green","Track","6.566","5.901","25.707","17.877","27.903","9.254","18.970","0.557","11.086","1.543","2.886","152.195","111.942"
"12","LMP3","Tim Moser","6","2:03.490","13:01.384","Green","Track","6.106","5.737","25.214","15.645","27.238","9.138","18.724","0.546","10.865","1.483","2.794","155.261","116.472"
"11","LMP3","Nico Rondet","6","2:00.982","13:03.212","Green","Track","5.957","5.766","24.670","15.471","26.515","8.909","18.246","0.543","10.650","1.476","2.779","156.119","117.024"
"51","LMP3","Rob Hodes","6","2:04.507","13:09.204","Green","Track","6.030","6.090","25.803","15.524","27.214","9.155","18.706","0.551","11.098","1.509","2.827","153.852","114.465"
"40","LMP3","David Grant","6","2:02.393","13:14.694","Green","Track","5.991","5.664","25.082","15.689","26.984","9.008","18.307","0.548","10.775","1.510","2.835","154.695","114.389"
"43","LMP3","Stevan McAleer","6","2:06.761","13:20.744","Green","Track","0.000","0.000","26.263","0.000","0.000","9.475","19.063","0.554","10.827","1.462","2.751","153.019","118.145"
"75","LMP3","Cameron Cassels","6","2:15.731","13:22.377","Green","Pit","5.904","5.549","24.911","15.589","27.988","10.042","19.764","0.627","12.071","3.020","10.266","135.204","57.194"
"7","LMP3","Blake Mount","6","2:03.786","13:25.812","Green","Track","6.018","5.991","25.466","15.330","27.311","9.176","18.621","0.545","11.032","1.494","2.802","155.546","115.614"
"47","LMP3","Rodrigo Pflucker","6","1:58.370","13:32.046","Green","Track","5.841","5.503","24.230","15.059","25.956","8.791","18.001","0.535","10.262","1.453","2.739","158.454","118.876"
"9","LMP3","Scott Andrews","6","2:08.510","13:35.282","Green","Pit","5.792","5.623","24.584","0.000","0.000","8.896","18.113","0.530","10.882","2.784","10.063","159.949","62.043"
"60","LMP3","Bruce Hamilton","6","2:05.321","13:42.631","Green","Track","5.950","6.108","26.011","15.568","27.448","9.454","18.822","0.539","11.135","1.493","2.793","157.278","115.691"
"19","LMP3","Bradley Baker","6","2:03.479","13:44.355","Green","Track","6.118","5.698","25.541","15.332","27.298","9.133","18.668","0.549","10.820","1.497","2.825","154.413","115.382"
"23","LMP3","Anthony Simone","6","2:22.542","13:44.704","Green","Track","22.861","9.977","25.422","0.000","0.000","8.861","18.311","0.535","10.548","1.463","2.741","158.454","118.064"
"10","LMP3","Joe Robillard","5","2:04.780","13:58.575","Green","Track","6.067","6.021","25.503","0.000","0.000","9.110","18.658","0.538","11.375","1.515","2.807","157.570","114.011"
"52","LMP3","Scott Huffaker","6","2:03.176","13:58.682","Green","Track","5.978","5.720","24.856","15.493","27.301","9.118","18.594","0.540","11.322","1.485","2.769","156.987","116.315"
"25","LMP3","Ross Chouest","6","2:06.773","14:02.638","Green","Track","6.299","6.164","25.914","16.118","27.893","9.291","19.089","0.551","11.086","1.525","2.843","153.852","113.264"
"70","LMP3","Jonatan Jorge","7","1:59.085","14:21.992","Green","Track","5.877","5.458","24.432","15.087","26.137","8.742","18.056","0.545","10.507","1.469","2.775","155.546","117.582"
"2","LMP3","Jon Brownson","6","2:04.165","15:01.875","Green","Track","5.983","5.903","25.417","15.453","27.614","9.436","18.869","0.542","10.612","1.507","2.829","156.407","114.617"
"86","LMP3","Dave House","6","2:08.971","15:03.957","Green","Track","6.069","6.177","25.781","16.572","28.062","9.491","19.190","0.598","12.536","1.577","2.918","141.760","109.529"
"64","LMP3","Naveen Rao","5","2:04.243","15:04.410","Green","Track","6.111","5.795","25.414","15.653","27.318","9.178","18.732","0.556","11.096","1.527","2.863","152.469","113.115"
"54","LMP3","Dylan Murry","7","2:11.156","15:04.850","Green","Pit","5.969","5.762","24.676","15.471","27.154","9.346","18.298","0.543","11.201","2.517","10.219","156.119","68.624"
"12","LMP3","Tim Moser","7","2:04.250","15:05.634","Green","Track","5.953","5.738","25.624","15.730","27.388","9.243","18.528","0.547","11.130","1.524","2.845","154.978","113.338"
"33","LMP3","Lance Willsey","6","2:12.632","15:07.911","Green","Track","6.064","6.153","25.669","20.356","27.874","9.163","20.571","0.621","11.719","1.561","2.881","136.510","110.652"
"51","LMP3","Rob Hodes","7","2:04.132","15:13.336","Green","Track","5.998","6.030","25.589","15.587","27.034","9.082","19.026","0.554","10.923","1.497","2.812","153.019","115.382"
"11","LMP3","Nico Rondet","7","2:12.420","15:15.632","Green","Pit","5.904","5.784","24.595","15.337","27.675","9.260","18.461","0.541","11.932","2.719","10.212","156.696","63.526"
"43","LMP3","Stevan McAleer","7","1:59.362","15:20.106","Green","Track","0.000","0.000","24.493","0.000","0.000","8.745","18.131","0.534","10.554","1.461","2.742","158.750","118.225"
"40","LMP3","David Grant","7","2:14.469","15:29.163","Green","Pit","5.985","5.495","24.997","15.482","26.731","8.942","18.265","0.550","13.692","4.000","10.330","154.132","43.182"
"47","LMP3","Rodrigo Pflucker","7","1:58.245","15:30.291","Green","Track","5.774","5.405","24.173","15.165","26.015","8.763","17.918","0.533","10.319","1.448","2.732","159.048","119.287"
"7","LMP3","Blake Mount","7","2:14.427","15:40.239","Green","Pit","6.003","5.972","25.414","15.407","27.592","9.276","18.679","0.547","11.856","3.286","10.395","154.978","52.565"
"23","LMP3","Anthony Simone","7","2:02.249","15:46.953","Green","Track","0.000","0.000","24.926","0.000","0.000","8.850","18.542","0.536","10.490","1.464","2.749","158.158","117.983"
"60","LMP3","Bruce Hamilton","7","2:06.985","15:49.616","Green","Track","5.962","6.221","25.915","16.122","28.618","9.300","18.988","0.539","11.040","1.493","2.787","157.278","115.691"
"19","LMP3","Bradley Baker","7","2:05.810","15:50.165","Green","Track","6.055","5.871","25.361","15.832","28.328","9.473","19.060","0.550","10.939","1.510","2.831","154.132","114.389"
"74","LMP3","Colin Thompson","5","4:41.064","15:54.484","Green","Pit","5.825","5.561","25.333","15.505","27.991","9.086","18.724","0.540","11.770","3.600","157.129","156.987","47.980"
"52","LMP3","Scott Huffaker","7","2:01.092","15:59.774","Green","Track","5.960","6.192","24.718","15.329","26.419","8.908","18.205","0.547","10.552","1.477","2.785","154.978","116.945"
"10","LMP3","Joe Robillard","6","2:04.647","16:03.222","Green","Track","5.992","6.646","25.436","0.000","0.000","9.217","18.535","0.538","10.973","1.487","2.777","157.570","116.158"
"25","LMP3","Ross Chouest","7","2:06.420","16:09.058","Green","Track","6.049","5.987","26.261","15.799","27.903","9.363","19.008","0.553","11.112","1.533","2.852","153.296","112.673"
"4","LMP3","Neil Alberico","4","7:01.114","16:44.826","Green","Pit","5.932","5.424","24.532","15.166","26.244","8.807","31.502","0.583","12.393","4.129","286.402","145.408","41.833"
"2","LMP3","Jon Brownson","7","2:04.303","17:06.178","Green","Track","6.008","5.852","25.337","15.743","27.346","9.032","18.437","0.546","11.611","1.534","2.857","155.261","112.599"
"86","LMP3","Dave House","7","2:06.249","17:10.206","Green","Track","6.119","6.091","25.812","15.439","27.927","9.391","19.218","0.554","11.183","1.585","2.930","153.019","108.976"
"64","LMP3","Naveen Rao","6","2:05.978","17:10.388","Green","Track","6.172","5.979","25.743","16.288","27.548","9.269","18.776","0.555","11.255","1.534","2.859","152.744","112.599"
"33","LMP3","Lance Willsey","7","2:03.286","17:11.197","Green","Track","6.024","5.570","25.712","15.488","26.950","9.279","18.699","0.552","10.730","1.485","2.797","153.574","116.315"
"12","LMP3","Tim Moser","8","2:09.627","17:15.261","Green","Track","6.046","5.834","25.267","16.211","27.439","9.260","23.023","0.648","11.472","1.552","2.875","130.822","111.293"
"26","LMP3","James McGuire","7","5:05.247","17:16.703","Green","Pit","154.915","12.024","30.380","18.022","30.100","10.378","20.587","0.619","14.331","3.732","10.159","136.951","46.283"
"51","LMP3","Rob Hodes","8","2:03.501","17:16.837","Green","Track","5.972","6.054","25.383","15.674","27.004","9.159","18.656","0.550","10.751","1.493","2.805","154.132","115.691"
"43","LMP3","Stevan McAleer","8","1:58.781","17:18.887","Green","Track","0.000","0.000","24.436","0.000","0.000","8.725","18.070","0.533","10.454","1.462","2.749","159.048","118.145"
"47","LMP3","Rodrigo Pflucker","8","2:03.608","17:33.899","Green","Track","5.754","5.354","27.539","16.300","26.289","9.075","18.111","0.536","10.451","1.453","2.746","158.158","118.876"
"23","LMP3","Anthony Simone","8","1:59.702","17:46.655","Green","Track","0.000","0.000","24.474","0.000","0.000","8.854","18.644","0.540","10.436","1.458","2.744","156.987","118.469"
"19","LMP3","Bradley Baker","8","2:06.743","17:56.908","Green","Track","6.064","5.880","26.137","15.616","27.788","9.381","18.906","0.550","11.910","1.588","2.923","154.132","108.770"
"52","LMP3","Scott Huffaker","8","2:00.050","17:59.824","Green","Track","5.913","5.616","24.636","15.213","26.351","8.827","18.240","0.548","10.471","1.463","2.772","154.695","118.064"
"10","LMP3","Joe Robillard","7","2:03.425","18:06.647","Green","Track","5.910","5.758","25.322","15.484","27.474","9.029","18.600","0.537","11.017","1.499","2.795","157.864","115.228"
"60","LMP3","Bruce Hamilton","8","2:17.075","18:06.691","Green","Pit","5.951","6.079","25.956","15.817","27.811","9.556","18.683","0.540","13.101","3.344","10.237","156.987","51.653"
"25","LMP3","Ross Chouest","8","2:06.589","18:15.647","Green","Track","6.078","6.027","26.042","15.952","27.952","9.337","19.125","0.555","11.155","1.521","2.845","152.744","113.562"
"74","LMP3","Colin Thompson","6","2:29.334","18:23.818","Green","Track","23.018","9.838","28.333","16.772","28.050","9.269","18.591","0.543","10.659","1.480","2.781","156.119","116.708"
"2","LMP3","Jon Brownson","8","2:03.077","19:09.255","Green","Track","6.017","5.953","25.156","15.694","27.492","8.975","18.505","0.546","10.430","1.494","2.815","155.261","115.614"
"4","LMP3","Neil Alberico","5","2:25.189","19:10.015","Green","Track","22.993","10.583","25.869","15.583","27.017","9.011","18.745","0.553","10.521","1.494","2.820","153.296","115.614"
"33","LMP3","Lance Willsey","8","2:04.878","19:16.075","Green","Track","6.020","5.923","25.656","15.587","27.521","9.390","19.150","0.551","10.784","1.489","2.807","153.852","116.002"
"64","LMP3","Naveen Rao","7","2:06.291","19:16.679","Green","Track","6.229","6.578","26.482","15.937","27.288","9.213","18.687","0.550","10.997","1.502","2.828","154.132","114.998"
"86","LMP3","Dave House","8","2:08.278","19:18.484","Green","Track","6.166","6.129","25.609","15.701","27.801","9.464","20.033","0.663","12.212","1.585","2.915","127.862","108.976"
"51","LMP3","Rob Hodes","9","2:03.635","19:20.472","Green","Track","5.932","5.929","25.244","15.394","27.658","9.182","18.677","0.550","10.787","1.485","2.797","154.132","116.315"
"43","LMP3","Stevan McAleer","9","2:10.914","19:29.801","Green","Pit","0.000","0.000","24.457","0.000","0.000","8.824","18.316","0.544","11.514","2.478","10.125","155.832","69.704"
"47","LMP3","Rodrigo Pflucker","9","2:00.537","19:34.436","Green","Track","5.771","5.441","24.369","15.192","25.899","8.744","17.970","0.535","12.124","1.595","2.897","158.454","108.293"
"12","LMP3","Tim Moser","9","2:25.560","19:40.821","Green","Pit","6.016","5.719","25.237","16.668","29.474","9.869","19.154","0.549","14.218","3.910","14.746","154.413","44.176"
"23","LMP3","Anthony Simone","9","1:59.431","19:46.086","Green","Track","0.000","0.000","24.498","0.000","0.000","8.939","18.438","0.533","10.366","1.448","2.729","159.048","119.287"
"9","LMP3","Scott Andrews","7","6:16.988","19:52.270","Green","Track","257.305","9.371","25.680","15.409","26.728","8.897","18.203","0.535","10.608","1.480","2.772","158.454","116.708"
"19","LMP3","Dean Baker","9","2:04.305","20:01.213","Green","Track","6.133","5.985","25.576","15.919","27.246","9.160","18.570","0.551","10.841","1.501","2.823","153.852","115.075"
"26","LMP3","James McGuire","8","2:45.440","20:02.143","Green","Pit","22.498","10.257","27.981","16.469","28.234","9.543","20.031","0.800","15.871","3.610","10.146","105.966","47.847"
"40","LMP3","David Grant","8","4:38.826","20:07.989","Green","Track","147.401","14.066","27.015","16.253","27.006","8.912","22.116","0.649","11.092","1.498","2.818","130.621","115.305"
"10","LMP3","Joe Robillard","8","2:03.486","20:10.133","Green","Track","5.969","5.909","25.270","15.553","26.981","9.104","18.706","0.537","11.178","1.496","2.783","157.864","115.459"
"52","LMP3","Scott Huffaker","9","2:12.812","20:12.636","Green","Pit","5.888","5.822","26.013","15.337","26.623","8.934","18.343","0.547","11.403","3.585","10.317","154.978","48.181"
"25","LMP3","Ross Chouest","9","2:05.914","20:21.561","Green","Track","6.084","5.952","25.795","15.950","27.718","9.295","18.835","0.550","11.324","1.547","2.864","154.132","111.653"
"74","LMP3","Colin Thompson","7","2:01.868","20:25.686","Green","Track","5.873","5.525","25.285","15.381","27.082","8.933","18.359","0.540","10.646","1.476","2.768","156.987","117.024"
"4","LMP3","Neil Alberico","6","2:07.319","21:17.334","Green","Track","5.947","5.744","27.793","17.605","27.166","8.980","18.516","0.553","10.684","1.502","2.829","153.296","114.998"
"33","LMP3","Lance Willsey","9","2:04.454","21:20.529","Green","Track","6.036","5.657","25.078","15.740","27.667","9.260","19.122","0.547","10.937","1.542","2.868","154.978","112.015"
"11","LMP3","Maurice Smith","8","6:05.696","21:21.328","Green","Track","234.637","11.631","29.108","16.843","28.016","9.411","19.138","0.561","11.909","1.548","2.894","151.110","111.581"
"64","LMP3","Naveen Rao","8","2:04.742","21:21.421","Green","Track","5.995","5.696","25.247","15.626","27.482","9.219","18.893","0.603","11.519","1.563","2.899","140.585","110.510"
"51","LMP3","Rob Hodes","10","2:03.739","21:24.211","Green","Track","5.950","6.122","25.537","15.579","26.842","9.102","18.831","0.547","10.922","1.499","2.808","154.978","115.228"
"75","LMP3","Cameron Cassels","7","8:28.771","21:51.148","Green","Track","383.474","9.992","28.387","16.123","27.941","9.087","18.348","0.552","10.622","1.465","2.780","153.574","117.903"
"9","LMP3","Scott Andrews","8","1:59.972","21:52.242","Green","Track","5.829","5.622","24.803","15.151","26.231","8.945","18.050","0.531","10.590","1.468","2.752","159.647","117.662"
"19","LMP3","Dean Baker","10","2:03.514","22:04.727","Green","Track","6.075","5.771","25.343","15.531","27.401","9.093","18.401","0.550","11.025","1.500","2.824","154.132","115.152"
"40","LMP3","David Grant","9","2:01.650","22:09.639","Green","Track","5.949","5.498","24.868","15.501","26.405","8.927","18.987","0.555","10.649","1.495","2.816","152.744","115.537"
"70","LMP3","Jonatan Jorge","8","7:48.569","22:10.561","Green","Pit","5.862","5.373","24.474","15.096","26.295","8.781","18.131","0.546","11.187","3.280","349.544","155.261","52.661"
"10","LMP3","Joe Robillard","9","2:02.781","22:12.914","Green","Track","5.895","5.782","25.276","15.439","26.815","9.110","18.553","0.534","11.111","1.484","2.782","158.750","116.393"
"74","LMP3","Colin Thompson","8","2:01.787","22:27.473","Green","Track","5.824","5.464","25.493","15.441","26.795","8.982","18.247","0.538","10.719","1.492","2.792","157.570","115.769"
"26","LMP3","James McGuire","9","2:29.758","22:31.901","Green","Track","22.474","10.635","27.440","16.524","27.954","9.447","19.061","0.558","11.249","1.543","2.873","151.922","111.942"
"60","LMP3","Tonis Kasemets","9","4:28.163","22:34.854","Green","Track","143.288","10.096","27.966","16.203","27.238","8.999","18.354","0.539","11.189","1.494","2.797","157.278","115.614"
"25","LMP3","Ross Chouest","10","2:15.899","22:37.460","Green","Pit","6.074","6.009","25.762","15.592","27.597","9.341","18.903","0.550","11.857","3.868","10.346","154.132","44.655"
"54","LMP3","Dylan Murry","8","7:34.071","22:38.921","Green","Track","333.923","10.422","25.438","15.301","26.521","9.021","18.169","0.544","10.504","1.458","2.770","155.832","118.469"
"33","LMP3","Lance Willsey","10","2:02.745","23:23.274","Green","Track","6.073","5.634","25.223","15.557","27.119","9.144","18.373","0.551","10.742","1.503","2.826","153.852","114.922"
"64","LMP3","Naveen Rao","9","2:03.288","23:24.709","Green","Track","6.018","5.723","25.488","15.665","26.985","9.173","18.512","0.553","10.817","1.511","2.843","153.296","114.313"
"11","LMP3","Maurice Smith","9","2:06.176","23:27.504","Green","Track","6.776","6.117","25.897","15.821","27.299","9.399","18.970","0.550","10.988","1.517","2.842","154.132","113.861"
"51","LMP3","Rob Hodes","11","2:13.925","23:38.136","Green","Pit","5.965","5.964","25.501","15.656","27.393","9.236","18.702","0.549","11.964","2.618","10.377","154.413","65.977"
"86","LMP3","Dave House","9","4:21.970","23:40.454","Green","Pit","6.122","6.254","25.939","15.430","27.672","9.310","19.854","0.607","15.592","3.970","131.220","139.659","43.508"
"47","LMP3","Rodrigo Pflucker","10","4:08.452","23:42.888","Green","Pit","5.941","5.533","26.676","15.480","26.191","8.888","18.106","0.535","11.925","3.373","125.804","158.454","51.209"
"2","LMP3","Jon Brownson","9","4:44.374","23:53.629","Green","Pit","6.019","5.814","24.954","15.789","27.390","9.157","18.598","0.545","11.637","3.503","160.968","155.546","49.308"
"75","LMP3","Cameron Cassels","8","2:03.039","23:54.187","Green","Track","5.934","5.569","24.937","15.774","28.008","9.187","18.378","0.550","10.453","1.468","2.781","154.132","117.662"
"9","LMP3","Scott Andrews","9","2:09.996","24:02.238","Green","Pit","5.781","5.586","24.702","15.367","26.357","8.813","18.219","0.533","11.226","3.347","10.065","159.048","51.607"
"19","LMP3","Dean Baker","11","2:03.139","24:07.866","Green","Track","6.096","5.832","25.290","15.312","27.095","9.183","18.590","0.552","10.872","1.497","2.820","153.574","115.382"
"40","LMP3","David Grant","10","2:00.761","24:10.400","Green","Track","5.955","5.366","24.832","15.246","26.576","8.909","18.308","0.549","10.699","1.501","2.820","154.413","115.075"
"23","LMP3","Anthony Simone","10","4:28.286","24:14.372","Green","Pit","5.741","5.487","24.939","0.000","0.000","8.812","18.134","0.537","10.775","2.808","149.891","157.864","61.513"
"10","LMP3","Joe Robillard","10","2:03.546","24:16.460","Green","Track","5.966","5.982","25.297","15.321","27.463","9.188","18.425","0.536","11.116","1.477","2.775","158.158","116.945"
"74","LMP3","Colin Thompson","9","2:00.567","24:28.040","Green","Track","5.853","5.479","24.840","15.381","26.638","8.876","18.211","0.539","10.505","1.474","2.771","157.278","117.183"
"70","LMP3","Jonatan Jorge","9","2:21.771","24:32.332","Green","Track","22.332","9.354","25.514","15.429","26.641","8.899","18.178","0.549","10.604","1.477","2.794","154.413","116.945"
"60","LMP3","Tonis Kasemets","10","2:02.231","24:37.085","Green","Track","5.994","5.736","25.207","15.444","26.579","9.238","18.642","0.540","10.645","1.456","2.750","156.987","118.631"
"26","LMP3","James McGuire","10","2:06.246","24:38.147","Green","Track","6.048","5.964","26.151","15.889","27.483","9.354","19.012","0.565","11.368","1.545","2.867","150.040","111.798"
"54","LMP3","Dylan Murry","9","2:00.444","24:39.365","Green","Track","5.919","5.708","24.635","15.225","26.260","9.056","18.184","0.540","10.668","1.475","2.774","156.987","117.103"
"7","LMP3","Blake Mount","8","9:43.948","25:24.187","Green","Track","453.390","12.487","27.732","15.928","28.948","9.444","19.191","0.557","11.800","1.568","2.903","152.195","110.158"
"33","LMP3","Lance Willsey","11","2:01.670","25:24.944","Green","Track","6.041","5.621","25.090","15.463","26.753","9.059","18.376","0.550","10.441","1.478","2.798","154.132","116.866"
"64","LMP3","Naveen Rao","10","2:02.913","25:27.622","Green","Track","6.023","5.674","25.144","15.540","27.081","9.115","18.456","0.551","10.983","1.511","2.835","153.852","114.313"
"11","LMP3","Maurice Smith","10","2:05.833","25:33.337","Green","Track","6.148","6.536","26.126","15.542","27.591","9.401","18.726","0.548","10.903","1.498","2.814","154.695","115.305"
"75","LMP3","Cameron Cassels","9","2:00.220","25:54.407","Green","Track","5.916","5.603","24.883","15.147","26.300","8.864","18.326","0.550","10.375","1.471","2.785","154.132","117.422"
"52","LMP3","Mike Guasch","10","5:44.708","25:57.344","Green","Pit","195.258","12.695","33.035","17.604","29.481","10.004","19.393","0.557","12.891","4.423","9.367","152.195","39.052"
"19","LMP3","Dean Baker","12","2:05.066","26:12.932","Green","Track","6.163","5.849","25.617","15.835","27.339","9.234","18.867","0.551","11.280","1.504","2.827","153.852","114.845"
"86","LMP3","Dave House","10","2:35.039","26:15.493","Green","Track","24.236","12.481","27.485","15.645","27.647","9.437","20.442","0.669","12.464","1.593","2.940","126.716","108.429"
"47","LMP3","Austin McCusker","11","2:37.150","26:20.038","Green","Track","22.923","11.933","27.370","23.018","28.950","9.084","18.480","0.542","10.618","1.470","2.762","156.407","117.502"
"40","LMP3","David Grant","11","2:14.250","26:24.650","Green","Pit","5.944","5.530","25.117","15.729","26.674","9.045","18.904","0.596","12.732","3.641","10.338","142.236","47.440"
"2","LMP3","Jon Brownson","10","2:38.497","26:32.126","Green","Track","24.577","13.119","28.651","16.731","29.462","9.433","19.544","0.556","11.957","1.566","2.901","152.469","110.298"
"70","LMP3","Jonatan Jorge","10","2:00.237","26:32.569","Green","Track","5.902","5.452","24.695","15.215","26.566","8.901","18.146","0.550","10.576","1.465","2.769","154.132","117.903"
"10","LMP3","Joe Robillard","11","2:17.038","26:33.498","Green","Pit","5.956","6.016","25.160","15.849","28.793","9.253","18.479","0.536","12.829","3.362","10.805","158.158","51.376"
"23","LMP3","Anthony Simone","11","2:21.057","26:35.429","Green","Track","22.857","9.740","25.146","0.000","0.000","8.757","18.109","0.536","10.416","1.470","2.753","158.158","117.502"
"60","LMP3","Tonis Kasemets","11","1:59.735","26:36.820","Green","Track","5.859","5.721","24.531","15.022","26.112","8.779","18.422","0.539","10.563","1.450","2.737","157.278","119.122"
"26","LMP3","James McGuire","11","2:04.969","26:43.116","Green","Track","6.009","5.791","25.658","16.157","27.307","9.144","19.215","0.559","10.789","1.507","2.833","151.651","114.617"
"54","LMP3","Dylan Murry","10","2:09.656","26:49.021","Green","Pit","5.891","5.722","24.804","15.367","26.484","9.024","18.206","0.544","10.937","2.449","10.228","155.832","70.530"
"33","LMP3","Lance Willsey","12","2:02.631","27:27.575","Green","Track","5.976","5.762","25.385","15.628","26.821","9.182","18.399","0.552","10.628","1.492","2.806","153.574","115.769"
"7","LMP3","Blake Mount","9","2:05.167","27:29.354","Green","Track","6.187","6.057","26.252","15.578","27.513","9.302","18.459","0.552","10.919","1.514","2.834","153.574","114.087"
"64","LMP3","Naveen Rao","11","2:02.491","27:30.113","Green","Track","6.010","5.721","25.201","15.312","26.826","9.110","18.583","0.553","10.835","1.507","2.833","153.296","114.617"
"11","LMP3","Maurice Smith","11","2:03.944","27:37.281","Green","Track","6.104","6.078","25.572","15.790","26.797","9.327","18.561","0.549","10.846","1.504","2.816","154.413","114.845"
"75","LMP3","James French","10","1:59.850","27:54.257","Green","Track","5.892","5.516","24.498","15.241","26.221","8.897","18.353","0.551","10.425","1.474","2.782","153.852","117.183"
"19","LMP3","Dean Baker","13","2:03.214","28:16.146","Green","Track","6.041","5.896","25.126","15.360","27.253","9.024","18.542","0.553","11.084","1.507","2.828","153.296","114.617"
"47","LMP3","Austin McCusker","12","2:01.472","28:21.510","Green","Track","5.838","5.556","24.680","15.467","26.422","8.956","18.622","0.557","11.009","1.532","2.833","152.195","112.746"
"86","LMP3","Dave House","11","2:06.032","28:21.525","Green","Track","6.152","6.060","25.785","15.821","27.596","9.365","19.118","0.558","11.043","1.592","2.942","151.922","108.497"
"70","LMP3","Jonatan Jorge","11","2:01.798","28:34.367","Green","Track","6.055","6.235","25.056","15.266","26.937","8.790","18.063","0.547","10.581","1.483","2.785","154.978","116.472"
"23","LMP3","Anthony Simone","12","2:00.254","28:35.683","Green","Track","0.000","0.000","24.563","15.606","26.440","9.088","18.209","0.536","10.355","1.450","2.729","158.158","119.122"
"60","LMP3","Tonis Kasemets","12","2:00.612","28:37.432","Green","Track","5.810","5.537","24.501","15.876","26.584","8.933","18.200","0.534","10.460","1.445","2.732","158.750","119.534"
"51","LMP3","Garett Grist","12","5:01.809","28:39.945","Green","Track","182.035","9.448","25.225","15.902","26.596","8.910","18.260","0.549","10.634","1.470","2.780","154.413","117.502"
"25","LMP3","Aaron Povoledo","11","6:05.315","28:42.775","Green","Track","235.086","10.064","26.303","15.906","28.390","10.629","23.039","0.589","11.006","1.493","2.810","143.927","115.691"
"2","LMP3","Jon Brownson","11","2:12.147","28:44.273","Green","Track","6.254","6.403","26.516","19.494","29.317","9.271","19.095","0.551","10.867","1.532","2.847","153.852","112.746"
"26","LMP3","James McGuire","12","2:03.332","28:46.448","Green","Track","5.994","5.634","25.323","15.615","27.478","9.074","18.637","0.553","10.731","1.488","2.805","153.296","116.080"
"12","LMP3","Kevin Woods","10","9:10.455","28:51.276","Green","Track","402.157","11.853","28.103","31.737","30.381","9.853","20.037","0.611","11.354","1.526","2.843","138.744","113.190"
"52","LMP3","Mike Guasch","11","3:08.450","29:05.794","Green","Pit","49.651","10.911","27.319","16.808","27.844","9.168","18.752","0.554","13.021","4.184","10.238","153.019","41.283"
"33","LMP3","Lance Willsey","13","2:02.198","29:29.773","Green","Track","6.077","5.673","25.260","15.346","26.630","9.027","18.639","0.549","10.702","1.488","2.807","154.413","116.080"
"7","LMP3","Blake Mount","10","2:03.162","29:32.516","Green","Track","6.022","5.769","25.090","15.481","27.196","9.181","18.592","0.548","10.959","1.505","2.819","154.695","114.769"
"74","LMP3","Colin Thompson","10","5:08.221","29:36.261","Green","Pit","5.912","5.978","26.507","16.139","28.515","9.209","18.482","0.539","11.972","3.833","181.135","157.278","45.063"
"64","LMP3","Naveen Rao","12","2:14.800","29:44.913","Green","Pit","6.000","5.698","25.604","15.589","26.955","9.065","18.436","0.549","13.180","3.643","10.081","154.413","47.413"
"11","LMP3","Maurice Smith","12","2:14.141","29:51.422","Green","Pit","6.165","6.082","25.661","15.476","26.927","9.210","18.511","0.545","12.862","2.934","9.768","155.546","58.871"
"75","LMP3","James French","11","2:11.321","30:05.578","Red","Pit","5.874","5.578","25.213","15.402","26.714","9.038","18.263","0.544","11.384","3.077","10.234","155.832","56.135"
"40","LMP3","Keith Grant","12","3:59.206","30:23.856","Red","Pit","102.503","11.204","26.387","15.806","26.970","9.111","18.463","0.546","13.848","4.022","10.346","155.261","42.946"
"19","LMP3","Dean Baker","14","2:17.404","30:33.550","Red","Pit","6.100","5.946","26.038","15.372","27.102","9.108","18.507","0.549","13.632","3.895","11.155","154.413","44.346"
"86","LMP3","Dave House","12","2:25.778","30:47.303","Red","Pit","6.172","6.195","26.113","15.778","27.614","9.358","19.130","0.555","16.188","5.002","13.673","152.744","34.532"
"47","LMP3","Austin McCusker","13","2:28.277","30:49.787","Red","Pit","5.935","5.781","25.465","15.261","26.469","8.892","18.264","0.535","12.796","3.958","24.921","158.454","43.640"
"60","LMP3","Tonis Kasemets","13","2:17.566","30:54.998","Red","Pit","5.795","5.576","24.466","15.132","26.102","9.027","21.038","0.815","14.773","3.900","10.942","104.016","44.289"
"51","LMP3","Garett Grist","13","2:18.337","30:58.282","Red","Pit","5.880","5.564","24.444","15.234","26.459","9.231","21.475","0.765","15.214","3.986","10.085","110.814","43.333"
"25","LMP3","Aaron Povoledo","12","2:19.121","31:01.896","Red","Pit","5.974","5.833","25.013","15.536","27.094","9.096","19.625","0.791","16.154","3.907","10.098","107.172","44.210"
"26","LMP3","James McGuire","13","2:19.278","31:05.726","Red","Pit","5.912","5.600","26.692","16.033","27.031","9.346","19.240","0.553","12.486","5.227","11.158","153.296","33.045"
"12","LMP3","Kevin Woods","11","2:31.943","31:23.219","Red","Pit","6.032","6.044","26.400","15.787","27.785","12.013","21.076","0.806","18.479","4.923","12.598","105.177","35.086"
"33","LMP3","Lance Willsey","14","2:17.504","31:47.277","Red","Pit","6.034","5.707","25.913","15.993","28.584","9.288","19.119","0.551","12.462","3.335","10.518","153.852","51.792"
"52","LMP3","Mike Guasch","12","2:46.583","31:52.377","Red","Pit","22.753","12.017","28.927","16.181","27.778","9.326","19.143","0.555","14.968","4.098","10.837","152.744","42.149"
"7","LMP3","Blake Mount","11","2:22.248","31:54.764","Red","Pit","5.956","5.821","25.726","16.558","29.022","9.476","19.065","0.622","14.847","4.281","10.874","136.291","40.347"
"74","LMP3","Colin Thompson","11","2:51.877","32:28.138","Red","Pit","23.037","12.395","31.218","17.871","30.033","10.028","19.523","0.596","13.401","3.528","10.247","142.236","48.959"
"4","LMP3","Neil Alberico","7","13:08.625","34:25.959","Green","Pit","6.003","5.708","25.455","15.466","27.099","9.044","18.330","0.551","12.552","3.478","664.939","153.852","49.663"
"70","LMP3","Jonatan Jorge","12","6:06.911","34:41.278","Green","Pit","5.861","5.464","24.556","15.327","26.289","8.919","18.101","0.609","13.629","4.300","243.856","139.200","40.169"
"40","LMP3","Keith Grant","13","5:53.413","36:17.269","Green","Track","227.713","10.501","25.728","15.450","26.916","9.232","21.651","0.676","11.138","1.536","2.872","125.403","112.453"
"47","LMP3","Austin McCusker","14","5:28.531","36:18.318","Green","Track","204.617","11.613","26.711","16.378","27.056","8.930","18.040","0.537","10.425","1.463","2.761","157.864","118.064"
"25","LMP3","Aaron Povoledo","13","5:19.186","36:21.082","Green","Track","194.996","9.607","26.453","16.692","27.233","9.639","18.921","0.548","10.764","1.501","2.832","154.695","115.075"
"86","LMP3","Dave House","13","5:35.863","36:23.166","Green","Track","206.073","12.565","28.178","16.172","28.065","9.320","19.136","0.550","11.324","1.567","2.913","154.132","110.228"
"11","LMP3","Maurice Smith","13","6:32.488","36:23.910","Green","Pit","256.903","10.527","27.376","16.149","27.184","9.206","18.500","0.546","12.647","3.399","10.051","155.261","50.817"
"52","LMP3","Mike Guasch","13","4:31.507","36:23.884","Green","Track","148.331","9.823","26.442","15.829","27.239","9.258","18.648","0.549","10.985","1.538","2.865","154.413","112.306"
"51","LMP3","Garett Grist","14","5:34.907","36:33.189","Green","Track","216.523","9.350","25.080","15.362","26.402","8.767","18.051","0.545","10.544","1.481","2.802","155.546","116.629"
"64","LMP3","Alex Barron","13","6:52.779","36:37.692","Green","Track","291.234","9.588","26.035","15.761","26.728","9.081","18.505","0.551","10.948","1.508","2.840","153.852","114.541"
"74","LMP3","Colin Thompson","12","4:10.943","36:39.081","Green","Pit","114.104","9.076","28.517","16.716","28.446","9.569","18.690","0.542","11.565","3.448","10.270","156.407","50.095"
"54","LMP3","Dylan Murry","11","9:50.616","36:39.637","Green","Track","470.476","9.819","25.579","15.604","26.556","9.031","18.170","0.532","10.602","1.470","2.777","159.347","117.502"
"33","LMP3","Lance Willsey","15","4:53.100","36:40.377","Green","Track","170.774","9.745","26.112","15.575","26.998","9.090","18.623","0.555","11.250","1.524","2.854","152.744","113.338"
"9","LMP3","Scott Andrews","10","12:46.288","36:48.526","Green","Track","640.057","9.686","27.134","16.008","27.171","9.937","20.755","0.583","10.737","1.461","2.759","145.408","118.225"
"4","LMP3","Neil Alberico","8","2:24.456","36:50.415","Green","Track","23.084","10.073","25.432","15.749","26.930","9.454","18.334","0.553","10.527","1.495","2.825","153.296","115.537"
"75","LMP3","James French","12","6:46.807","36:52.385","Green","Track","277.655","11.218","27.883","16.092","28.516","10.214","18.956","0.547","11.351","1.527","2.848","154.978","113.115"
"12","LMP3","Kevin Woods","12","5:33.462","36:56.681","Green","Track","207.945","10.672","26.079","15.779","27.179","9.189","19.301","0.711","12.264","1.509","2.834","119.230","114.465"
"19","LMP3","Dean Baker","15","6:25.150","36:58.700","Green","Track","259.519","10.987","27.037","15.952","27.573","9.107","18.537","0.548","11.553","1.502","2.835","154.695","114.998"
"2","LMP3","Jon Brownson","12","8:41.325","37:25.598","Green","Pit","6.073","6.130","271.208","18.813","37.294","12.329","27.971","0.954","17.425","4.065","119.063","88.860","42.491"
"60","LMP3","Tonis Kasemets","14","6:35.571","37:30.569","Green","Track","275.277","9.100","26.196","15.444","26.839","8.902","18.054","0.536","10.944","1.487","2.792","158.158","116.158"
"7","LMP3","Blake Mount","12","5:44.903","37:39.667","Green","Track","217.445","11.740","27.161","15.928","28.321","9.373","18.640","0.547","11.383","1.520","2.845","154.978","113.636"
"26","LMP3","James McGuire","14","7:02.371","38:08.097","Green","Track","297.153","10.190","27.015","16.081","27.782","9.423","18.940","0.552","10.889","1.507","2.839","153.574","114.617"
"40","LMP3","Keith Grant","14","2:01.063","38:18.332","Green","Track","6.012","5.402","24.758","15.316","26.791","8.983","18.348","0.545","10.584","1.497","2.827","155.546","115.382"
"25","LMP3","Aaron Povoledo","14","2:01.953","38:23.035","Green","Track","6.005","5.756","25.201","15.342","26.785","9.004","18.283","0.546","10.718","1.495","2.818","155.261","115.537"
"86","LMP3","Dave House","14","2:05.793","38:28.959","Green","Track","6.135","6.162","25.722","15.586","27.552","9.369","18.886","0.553","11.304","1.589","2.935","153.296","108.702"
"47","LMP3","Austin McCusker","15","2:10.703","38:29.021","Green","Pit","5.844","5.535","24.603","15.235","27.203","9.045","18.092","0.536","11.204","3.270","10.136","158.158","52.822"
"51","LMP3","Garett Grist","15","1:59.793","38:32.982","Green","Track","5.956","5.549","24.466","15.238","26.329","8.895","18.026","0.544","10.506","1.483","2.801","155.832","116.472"
"52","LMP3","Mike Guasch","14","2:19.023","38:42.907","Green","Pit","6.095","5.837","25.907","15.713","27.334","9.244","19.014","0.552","14.698","4.079","10.550","153.574","42.345"
"33","LMP3","Lance Willsey","16","2:02.898","38:43.275","Green","Track","6.043","5.734","25.224","15.541","27.206","9.190","18.470","0.548","10.625","1.496","2.821","154.695","115.459"
"9","LMP3","Scott Andrews","11","2:02.581","38:51.107","Green","Track","5.813","5.464","24.267","0.000","0.000","8.722","20.698","0.730","11.711","1.456","2.755","116.127","118.631"
"4","LMP3","Neil Alberico","9","2:03.668","38:54.083","Green","Track","5.978","5.438","24.875","15.186","26.374","9.276","19.025","0.686","12.397","1.546","2.887","123.575","111.725"
"54","LMP3","Dylan Murry","12","2:16.577","38:56.214","Green","Pit","5.949","5.719","24.502","15.344","32.019","9.863","18.380","0.543","11.586","2.492","10.180","156.119","69.313"
"75","LMP3","Cameron Cassels","13","2:10.250","39:02.635","Green","Track","6.166","6.412","26.601","15.940","27.748","11.832","19.443","0.551","11.189","1.522","2.846","153.852","113.487"
"19","LMP3","Dean Baker","16","2:05.315","39:04.015","Green","Track","6.046","5.822","25.515","15.332","27.105","10.050","19.615","0.552","10.881","1.531","2.866","153.574","112.820"
"12","LMP3","Kevin Woods","13","2:10.287","39:06.968","Green","Track","6.055","5.809","25.174","15.539","26.792","12.084","22.146","0.701","11.638","1.514","2.835","120.931","114.087"
"11","LMP3","Maurice Smith","14","2:48.748","39:12.658","Green","Pit","29.011","11.453","26.442","15.749","27.737","11.339","19.926","0.551","12.813","3.584","10.143","153.852","48.194"
"70","LMP3","Jonatan Jorge","13","4:33.429","39:14.707","Green","Pit","22.309","9.358","25.306","15.409","26.431","8.849","18.195","0.545","11.224","3.404","132.399","155.546","50.742"
"60","LMP3","Tonis Kasemets","15","1:59.096","39:29.665","Green","Track","5.896","5.583","24.538","15.132","26.020","8.755","17.920","0.535","10.497","1.462","2.758","158.454","118.145"
"7","LMP3","Blake Mount","13","2:03.052","39:42.719","Green","Track","6.074","5.862","25.213","15.387","27.136","9.066","18.467","0.549","10.965","1.509","2.824","154.413","114.465"
"2","LMP3","Jon Brownson","13","2:36.852","40:02.450","Finish","Track","22.436","11.655","27.790","17.025","29.845","9.821","19.455","0.680","13.505","1.645","2.995","124.666","105.001"
"26","LMP3","James McGuire","15","2:05.385","40:13.482","Finish","Track","5.988","5.588","25.532","15.836","27.073","9.319","18.916","0.552","12.121","1.562","2.898","153.574","110.581"
"40","LMP3","Keith Grant","15","2:03.226","40:21.558","Finish","Track","5.959","5.561","25.472","15.861","27.142","8.968","18.459","0.545","10.908","1.510","2.841","155.546","114.389"
"74","LMP3","Colin Thompson","13","3:45.213","40:24.294","Finish","Pit","84.985","10.293","28.174","16.734","27.294","9.385","18.965","0.667","13.769","3.682","11.265","127.096","46.911"
"25","LMP3","Aaron Povoledo","15","2:01.539","40:24.574","Finish","Track","5.956","5.684","25.045","15.551","26.567","8.930","18.289","0.544","10.668","1.494","2.811","155.832","115.614"
"86","LMP3","Dave House","15","2:05.545","40:34.504","Finish","Track","6.160","6.162","25.663","15.375","27.627","9.185","18.896","0.550","11.465","1.563","2.899","154.132","110.510"
"51","LMP3","Garett Grist","16","2:01.867","40:34.849","Finish","Track","5.916","5.459","24.373","15.263","26.233","9.210","18.709","0.549","11.790","1.524","2.841","154.413","113.338"
"64","LMP3","Alex Barron","14","3:58.901","40:36.593","Finish","Pit","6.067","5.676","24.728","15.849","36.867","22.290","65.377","2.732","37.980","5.198","16.137","31.030","33.230"
"33","LMP3","Lance Willsey","17","2:01.384","40:44.659","Finish","Track","6.046","5.711","24.974","15.214","26.679","9.023","18.455","0.548","10.428","1.497","2.809","154.695","115.382"
"9","LMP3","Scott Andrews","12","2:00.013","40:51.120","Finish","Track","5.784","5.657","24.805","0.000","0.000","8.773","18.221","0.531","10.491","1.457","2.746","159.647","118.550"
"47","LMP3","Austin McCusker","16","2:22.812","40:51.833","Finish","Track","22.811","10.256","26.310","15.270","26.346","8.795","18.028","0.532","10.284","1.450","2.730","159.347","119.122"
"4","LMP3","Neil Alberico","10","2:00.932","40:55.015","Finish","Track","6.071","5.616","24.850","15.306","26.468","9.126","18.264","0.549","10.435","1.468","2.779","154.413","117.662"
"75","LMP3","Cameron Cassels","14","2:05.125","41:07.760","Finish","Track","6.177","6.126","25.932","15.703","27.134","9.371","18.697","0.547","11.135","1.497","2.806","154.978","115.382"
"12","LMP3","Kevin Woods","14","2:04.412","41:11.380","Finish","Track","6.017","5.964","26.148","15.669","27.031","9.184","18.712","0.549","10.850","1.485","2.803","154.413","116.315"
"52","LMP3","Mike Guasch","15","2:45.068","41:27.975","Finish","Pit","24.303","11.725","27.645","15.862","27.667","9.160","19.194","0.553","14.073","4.652","10.234","153.296","37.130"
"60","LMP3","Tonis Kasemets","16","1:59.477","41:29.142","Finish","Track","5.873","5.582","24.481","15.109","26.262","8.811","18.158","0.535","10.469","1.453","2.744","158.454","118.876"
"7","LMP3","Blake Mount","14","2:04.561","41:47.280","Finish","Track","5.968","5.828","25.095","16.027","27.140","9.161","18.517","0.595","11.788","1.561","2.881","142.475","110.652"
"19","LMP3","Dean Baker","17","2:48.676","41:52.691","Finish","Track","6.085","5.938","25.332","57.018","29.174","9.308","18.680","0.552","12.082","1.587","2.920","153.574","108.839"
"11","LMP3","Maurice Smith","15","2:45.005","41:57.663","Finish","Pit","22.550","11.181","26.305","20.144","29.156","9.442","18.854","0.570","13.190","3.602","10.011","148.724","47.953"
"54","LMP3","Dylan Murry","13","3:10.243","42:06.457","Finish","Track","69.737","9.780","25.162","15.437","26.607","9.086","18.923","0.544","10.716","1.473","2.778","155.832","117.262"
