"Car","Class","Driver","Lap","Lap Time","Session Time","Flag","Location","S01","S02","S03","S04","S05","S06","S07","S08","S09","S10","S11","S12","S13","SPI"
"48","GTD","Corey Lewis","1","2:08.551","2:08.551","Green","Track","419.893","18.687","11.152","23.031","8.023","6.478","5.980","10.697","7.139","6.373","5.357","0.485","3.094","168.697"
"96","GTD","Robby Foley","1","2:13.919","2:13.919","Green","Track","0.000","20.738","12.836","22.988","7.966","6.466","6.124","10.696","7.090","6.319","5.369","0.490","3.133","166.976"
"8","GTD","Ezequiel Perez Companc","1","2:19.945","2:19.945","Green","Track","226.491","19.380","12.333","22.529","8.205","6.586","6.174","11.482","7.288","6.452","5.418","0.491","3.131","166.636"
"63","GTD","Cooper MacNeil","1","2:22.776","2:22.776","Green","Track","416.066","18.058","11.717","22.398","7.961","6.461","6.215","12.038","7.262","6.375","5.368","0.485","3.112","168.697"
"99","GTD","Alfred Renauer","1","2:27.860","2:27.860","Green","Track","367.857","19.544","12.073","23.517","8.147","6.501","6.619","11.695","7.245","6.423","5.432","0.492","3.145","166.297"
"19","GTD","Andrew Davis","1","2:30.561","2:30.561","Green","Track","371.921","19.105","11.700","22.161","8.378","6.616","5.997","10.910","7.262","6.469","5.432","0.491","3.129","166.636"
"71","GTD","JC Perez","1","2:31.736","2:31.736","Green","Track","116.180","19.400","11.194","22.170","8.108","6.512","6.313","11.529","7.260","6.428","5.421","0.493","3.141","165.960"
"44","GTD","Spencer Pumpelly","1","2:34.000","2:34.000","Green","Track","414.232","19.826","11.477","21.318","8.037","6.521","6.626","11.227","7.267","6.460","5.349","0.484","3.085","169.046"
"88","GTD","Roman DeAngelis","1","2:35.220","2:35.220","Green","Track","0.000","19.590","11.762","21.474","8.074","6.540","6.253","11.271","7.285","6.494","5.384","0.489","3.108","167.317"
"46","GTD","Giacomo Altoe","1","2:39.451","2:39.451","Green","Track","0.000","19.038","11.812","21.492","7.981","6.472","7.207","12.525","8.478","6.757","5.497","0.495","3.144","165.289"
"57","GTD","Ana Figueiredo","1","2:46.330","2:46.330","Green","Track","35.035","19.965","11.611","23.282","8.080","6.434","6.109","11.692","7.199","6.347","5.343","0.484","3.089","169.046"
"33","GTD","Ben Keating","1","3:07.357","3:07.357","Green","Track","33.093","20.345","13.146","23.142","7.985","6.432","6.062","11.346","7.186","6.349","5.325","0.483","3.076","169.396"
"51","GTD","Mathias Lauda","1","3:09.777","3:09.777","Green","Track","0.000","19.431","11.297","23.114","8.048","6.463","6.026","11.441","7.228","6.353","5.332","0.483","3.079","169.396"
"73","GTD","Patrick Lindsey","1","3:11.037","3:11.037","Green","Track","0.000","19.416","12.358","24.004","8.554","6.777","6.309","11.385","7.344","6.473","5.462","0.495","3.147","165.289"
"13","GTD","Marcos Gomes","1","3:24.474","3:24.474","Green","Track","494.013","24.016","11.515","21.904","7.927","6.377","5.952","10.674","7.139","6.296","5.327","0.482","3.072","169.747"
"12","GTD","Frank Montecalvo","1","3:35.806","3:35.806","Green","Track","35.913","20.220","12.840","22.806","8.146","7.265","6.310","10.969","7.178","6.363","5.367","0.487","3.108","168.004"
"86","GTD","Trent Hindman","1","3:42.100","3:42.100","Green","Track","32.877","19.863","14.589","22.521","7.947","6.421","6.044","10.850","7.165","6.330","5.352","0.483","3.069","169.396"
"47","GTD","Don Yount","1","3:48.134","3:48.134","Green","Track","303.242","19.965","12.341","23.933","8.309","6.596","6.101","11.695","7.425","6.478","5.423","0.493","3.132","165.960"
"14","GTD","Richard Heistand","1","3:55.919","3:55.919","Green","Track","43.812","36.363","20.670","31.572","9.035","6.994","6.669","11.268","7.473","6.721","5.599","0.508","3.235","161.059"
"48","GTD","Corey Lewis","2","1:51.401","3:59.952","Green","Track","11.791","14.166","9.803","20.125","7.857","6.401","8.046","10.968","7.050","6.326","5.316","0.480","3.072","170.455"
"8","GTD","Ezequiel Perez Companc","2","1:49.192","4:09.137","Green","Track","12.023","14.284","9.967","20.134","7.947","6.452","5.880","9.940","7.161","6.452","5.354","0.489","3.109","167.317"
"63","GTD","Cooper MacNeil","2","1:49.827","4:12.603","Green","Track","11.999","14.586","10.121","20.782","7.872","6.381","5.886","10.027","7.019","6.269","5.313","0.482","3.090","169.747"
"99","GTD","Alfred Renauer","2","1:50.065","4:17.925","Green","Track","11.489","15.272","10.204","20.466","7.866","6.412","5.895","9.991","7.104","6.359","5.392","0.488","3.127","167.660"
"96","GTD","Robby Foley","2","2:04.972","4:18.891","Green","Pit","11.506","14.514","10.033","20.420","7.839","6.547","6.008","10.699","7.072","7.038","9.823","0.000","0.000","0.000"
"19","GTD","Andrew Davis","2","1:48.653","4:19.214","Green","Track","11.795","14.352","9.882","20.011","7.991","6.475","5.875","9.735","7.175","6.405","5.371","0.486","3.100","168.350"
"44","GTD","Spencer Pumpelly","2","1:47.282","4:21.282","Green","Track","11.406","14.131","9.859","19.776","7.846","6.370","5.789","9.826","7.107","6.340","5.290","0.479","3.063","170.810"
"71","GTD","JC Perez","2","1:50.357","4:22.093","Green","Track","11.859","14.202","9.916","20.272","7.869","6.416","5.918","10.295","7.737","6.757","5.486","0.492","3.138","166.297"
"88","GTD","Roman DeAngelis","2","1:49.866","4:25.086","Green","Track","0.000","0.000","10.465","20.279","7.920","6.485","5.960","10.258","7.166","6.401","5.374","0.487","3.102","168.004"
"46","GTD","Giacomo Altoe","2","1:52.125","4:31.576","Green","Track","11.837","14.124","10.438","23.450","7.857","6.406","5.861","9.819","7.099","6.319","5.335","0.485","3.095","168.697"
"57","GTD","Ana Beatriz","2","1:50.764","4:37.094","Green","Track","11.643","14.878","10.087","20.884","7.956","6.429","5.898","10.707","7.112","6.324","5.295","0.480","3.071","170.455"
"29","GTD","Daniel Morad","1","4:54.560","4:54.560","Green","Track","506.916","18.545","11.995","23.363","8.788","7.968","6.892","11.489","7.671","6.584","5.522","0.498","3.162","164.294"
"9","GTD","Lars Kern","1","4:55.393","4:55.393","Green","Track","491.151","17.651","11.502","22.148","8.755","8.281","6.769","11.206","7.626","6.582","5.664","0.509","3.231","160.743"
"33","GTD","Ben Keating","2","1:49.948","4:57.305","Green","Track","11.750","14.660","10.410","21.015","7.742","6.345","5.822","10.190","6.979","6.245","5.266","0.478","3.046","171.168"
"51","GTD","Mathias Lauda","2","1:50.162","4:59.939","Green","Track","11.575","14.513","10.118","21.120","7.763","6.338","6.164","10.540","7.004","6.245","5.265","0.477","3.040","171.527"
"73","GTD","Patrick Lindsey","2","1:51.471","5:02.508","Green","Track","11.948","14.587","9.970","20.983","7.935","6.439","6.444","10.857","7.080","6.310","5.346","0.484","3.088","169.046"
"13","GTD","Marcos Gomes","2","1:48.006","5:12.480","Green","Track","12.385","14.227","9.882","20.001","7.733","6.312","5.798","9.690","6.949","6.197","5.290","0.480","3.062","170.455"
"12","GTD","Frank Montecalvo","2","1:47.419","5:23.225","Green","Track","11.527","14.371","9.814","19.861","7.795","6.368","5.799","9.747","6.981","6.267","5.329","0.483","3.077","169.396"
"11","GTD","Rolf Ineichen","1","5:28.995","5:28.995","Green","Track","0.000","18.910","13.122","22.116","7.998","6.470","5.951","10.569","7.118","6.341","5.337","0.482","3.087","169.747"
"86","GTD","Trent Hindman","2","1:50.480","5:32.580","Green","Track","11.529","14.369","9.984","20.134","7.803","6.379","7.088","11.001","7.031","6.283","5.335","0.482","3.062","169.747"
"47","GTD","Don Yount","2","1:50.553","5:38.687","Green","Track","12.125","14.493","10.065","20.736","7.930","6.465","5.919","10.372","7.118","6.365","5.368","0.486","3.111","168.350"
"14","GTD","Richard Heistand","2","1:50.077","5:45.996","Green","Track","12.078","14.780","9.854","20.151","7.826","6.399","5.839","10.637","7.189","6.361","5.379","0.487","3.097","168.004"
"48","GTD","Corey Lewis","3","1:47.096","5:47.048","Green","Track","11.281","13.988","9.726","20.043","7.813","6.363","5.800","9.922","6.975","6.335","5.313","0.480","3.057","170.455"
"8","GTD","Ezequiel Perez Companc","3","1:48.246","5:57.383","Green","Track","11.179","14.066","9.728","19.724","7.909","6.452","5.862","10.458","7.347","6.468","5.432","0.491","3.130","166.636"
"63","GTD","Cooper MacNeil","3","1:46.470","5:59.073","Green","Track","11.133","13.977","9.685","19.738","7.733","6.335","5.813","9.864","7.046","6.275","5.315","0.481","3.075","170.100"
"99","GTD","Alfred Renauer","3","1:46.932","6:04.857","Green","Track","11.209","14.069","9.685","19.716","7.834","6.380","5.828","9.776","7.083","6.364","5.388","0.487","3.113","168.004"
"19","GTD","Andrew Davis","3","1:47.043","6:06.257","Green","Track","11.320","14.108","9.775","19.610","7.917","6.435","5.833","9.571","7.118","6.395","5.384","0.486","3.091","168.350"
"44","GTD","Spencer Pumpelly","3","1:46.272","6:07.554","Green","Track","11.194","13.933","9.776","19.591","7.832","6.387","5.772","9.569","7.098","6.320","5.286","0.476","3.038","171.887"
"71","GTD","JC Perez","3","1:47.851","6:09.944","Green","Track","11.401","14.210","9.830","19.923","7.822","6.412","5.876","9.982","7.064","6.353","5.388","0.487","3.103","168.004"
"88","GTD","Ian James","3","1:50.725","6:15.811","Green","Track","11.200","14.187","9.819","19.868","7.900","6.452","5.841","12.174","7.647","6.548","5.463","0.493","3.133","165.960"
"46","GTD","Giacomo Altoe","3","1:47.045","6:18.621","Green","Track","11.078","13.949","9.707","19.670","7.789","6.373","5.814","10.125","7.263","6.371","5.348","0.481","3.077","170.100"
"57","GTD","Ana Beatriz","3","1:47.829","6:24.923","Green","Track","11.149","14.650","9.804","19.978","7.776","6.371","5.782","10.124","7.066","6.336","5.274","0.476","3.043","171.887"
"540","GTD","Marco Seefried","1","6:41.203","6:41.203","Green","Track","480.696","18.616","11.327","21.906","8.030","6.557","6.009","10.543","7.165","6.412","5.443","0.492","3.145","166.297"
"33","GTD","Ben Keating","3","1:47.273","6:44.578","Green","Track","11.204","14.219","9.717","19.789","7.730","6.338","6.005","10.171","7.029","6.328","5.235","0.472","3.036","173.344"
"51","GTD","Mathias Lauda","3","1:46.131","6:46.070","Green","Track","11.264","14.050","9.581","19.738","7.708","6.281","5.711","9.788","7.045","6.233","5.236","0.472","3.024","173.344"
"29","GTD","Daniel Morad","2","1:53.565","6:48.125","Green","Track","11.813","14.755","10.084","21.437","8.218","6.576","7.519","10.535","7.214","6.440","5.394","0.485","3.095","168.697"
"9","GTD","Lars Kern","2","1:53.333","6:48.726","Green","Track","11.476","15.234","10.954","20.108","7.906","6.751","8.209","10.310","7.108","6.348","5.366","0.483","3.080","169.396"
"73","GTD","Patrick Lindsey","3","1:46.767","6:49.275","Green","Track","11.322","14.014","9.709","19.718","7.774","6.358","5.869","9.910","7.041","6.281","5.276","0.474","3.021","172.612"
"13","GTD","Marcos Gomes","3","1:45.712","6:58.192","Green","Track","11.286","14.014","9.663","19.607","7.690","6.283","5.773","9.500","6.910","6.209","5.260","0.476","3.041","171.887"
"96","GTD","Robby Foley","3","2:50.458","7:09.349","Green","Track","66.948","18.600","10.880","20.599","7.846","6.519","6.215","10.412","7.061","6.348","5.387","0.492","3.151","166.297"
"12","GTD","Frank Montecalvo","3","1:46.631","7:09.856","Green","Track","11.226","14.339","9.708","19.693","7.769","6.351","5.764","9.723","7.026","6.283","5.253","0.475","3.021","172.249"
"11","GTD","Rolf Ineichen","2","1:46.968","7:15.963","Green","Track","11.606","14.071","9.807","19.722","7.769","6.366","5.782","9.733","7.029","6.284","5.272","0.476","3.051","171.887"
"86","GTD","Trent Hindman","3","1:46.422","7:19.002","Green","Track","11.327","14.235","9.648","19.626","7.784","6.339","5.784","9.668","6.981","6.245","5.276","0.477","3.032","171.527"
"47","GTD","Don Yount","3","1:48.503","7:27.190","Green","Track","11.580","14.218","9.785","20.373","7.895","6.442","5.857","10.091","7.083","6.299","5.316","0.481","3.083","170.100"
"14","GTD","Richard Heistand","3","1:46.473","7:32.469","Green","Track","11.214","14.022","9.728","19.864","7.776","6.350","5.795","9.671","6.973","6.263","5.294","0.478","3.045","171.168"
"48","GTD","Corey Lewis","4","1:46.801","7:33.849","Green","Track","11.353","14.079","9.674","19.744","7.749","6.321","5.801","9.933","7.037","6.319","5.283","0.476","3.032","171.887"
"63","GTD","Cooper MacNeil","4","1:46.321","7:45.394","Green","Track","11.150","14.064","9.683","19.602","7.733","6.324","5.797","9.907","7.022","6.231","5.275","0.477","3.056","171.527"
"8","GTD","Ezequiel Perez Companc","4","1:50.284","7:47.667","Green","Track","11.131","14.059","9.772","19.736","9.525","7.541","6.225","9.932","7.114","6.344","5.344","0.480","3.081","170.455"
"99","GTD","Alfred Renauer","4","1:47.234","7:52.091","Green","Track","11.191","14.111","9.686","19.842","7.867","6.384","5.805","9.965","7.171","6.324","5.329","0.481","3.078","170.100"
"19","GTD","Andrew Davis","4","1:46.781","7:53.038","Green","Track","11.133","14.178","9.763","19.645","7.927","6.429","5.827","9.520","7.141","6.354","5.316","0.480","3.068","170.455"
"44","GTD","Spencer Pumpelly","4","1:45.855","7:53.409","Green","Track","11.012","13.948","9.720","19.665","7.846","6.346","5.750","9.510","7.097","6.265","5.219","0.470","3.007","174.081"
"71","GTD","JC Perez","4","1:47.779","7:57.723","Green","Track","11.324","14.097","9.737","20.169","7.870","6.414","5.846","9.917","7.113","6.347","5.364","0.485","3.096","168.697"
"88","GTD","Ian James","4","1:47.500","8:03.311","Green","Track","11.200","14.127","9.772","19.874","7.857","6.442","5.833","9.983","7.150","6.374","5.337","0.481","3.070","170.100"
"46","GTD","Giacomo Altoe","4","1:45.475","8:04.096","Green","Track","10.909","13.892","9.678","19.393","7.774","6.352","5.772","9.644","7.033","6.273","5.251","0.475","3.029","172.249"
"57","GTD","Ana Beatriz","4","1:46.369","8:11.292","Green","Track","11.045","14.083","9.694","19.847","7.779","6.331","5.747","9.868","7.011","6.234","5.244","0.473","3.013","172.977"
"540","GTD","Marco Seefried","2","1:46.862","8:28.065","Green","Track","11.343","13.933","9.766","19.809","7.800","6.427","5.872","9.604","7.003","6.331","5.375","0.487","3.112","168.004"
"33","GTD","Ben Keating","4","1:45.324","8:29.902","Green","Track","11.024","13.998","9.526","19.654","7.672","6.303","5.734","9.573","6.950","6.200","5.206","0.472","3.012","173.344"
"51","GTD","Mathias Lauda","4","1:46.140","8:32.210","Green","Track","11.047","14.046","9.530","19.741","7.707","6.271","5.706","10.063","7.080","6.219","5.234","0.473","3.023","172.977"
"29","GTD","Daniel Morad","3","1:46.800","8:34.925","Green","Track","11.018","14.161","9.781","19.611","7.860","6.451","5.849","9.672","7.125","6.376","5.355","0.483","3.058","169.396"
"9","GTD","Lars Kern","3","1:46.286","8:35.012","Green","Track","11.313","13.917","9.669","19.617","7.728","6.352","5.821","9.773","7.022","6.273","5.282","0.476","3.043","171.887"
"73","GTD","Patrick Lindsey","4","1:52.237","8:41.512","Green","Track","12.482","15.277","10.683","21.225","7.873","6.383","5.846","10.272","7.049","6.290","5.316","0.478","3.063","171.168"
"13","GTD","Marcos Gomes","4","1:45.257","8:43.449","Green","Track","10.988","13.957","9.637","19.514","7.685","6.263","5.750","9.574","6.921","6.197","5.256","0.476","3.039","171.887"
"12","GTD","Frank Montecalvo","4","1:46.704","8:56.560","Green","Track","11.230","14.122","9.723","19.740","7.761","6.338","5.760","9.882","7.029","6.271","5.304","0.481","3.063","170.100"
"96","GTD","Robby Foley","4","1:52.216","9:01.565","Green","Track","11.512","15.168","9.994","20.348","7.927","6.779","6.058","10.086","7.294","6.802","5.830","0.555","3.863","147.420"
"11","GTD","Rolf Ineichen","3","1:45.816","9:01.779","Green","Track","11.158","13.860","9.659","19.644","7.728","6.328","5.751","9.648","7.028","6.260","5.251","0.475","3.026","172.249"
"86","GTD","Trent Hindman","4","1:45.396","9:04.398","Green","Track","11.088","13.990","9.653","19.466","7.718","6.309","5.770","9.472","6.953","6.222","5.261","0.475","3.019","172.249"
"47","GTD","Don Yount","4","1:48.176","9:15.366","Green","Track","11.549","14.087","9.737","19.921","7.864","6.426","5.865","10.422","7.109","6.318","5.315","0.481","3.082","170.100"
"14","GTD","Richard Heistand","4","1:46.214","9:18.683","Green","Track","11.100","13.968","9.695","19.880","7.776","6.328","5.748","9.678","6.978","6.258","5.286","0.478","3.041","171.168"
"48","GTD","Corey Lewis","5","1:46.040","9:19.889","Green","Track","11.044","14.007","9.613","19.966","7.745","6.320","5.741","9.607","6.932","6.223","5.260","0.483","3.099","169.396"
"8","GTD","Ezequiel Perez Companc","5","1:46.710","9:34.377","Green","Track","11.020","13.965","9.765","19.855","7.854","6.441","5.836","9.527","7.094","6.379","5.386","0.486","3.102","168.350"
"63","GTD","Cooper MacNeil","5","1:50.949","9:36.343","Green","Track","11.164","13.959","9.994","20.685","9.354","6.982","6.274","10.412","7.026","6.264","5.292","0.479","3.064","170.810"
"99","GTD","Alfred Renauer","5","1:46.669","9:38.760","Green","Track","11.124","13.950","9.685","19.841","7.830","6.351","5.780","9.841","7.058","6.316","5.332","0.480","3.081","170.455"
"19","GTD","Andrew Davis","5","1:47.766","9:40.804","Green","Track","11.170","14.055","9.805","20.236","8.017","6.455","5.822","9.731","7.164","6.382","5.361","0.483","3.085","169.396"
"44","GTD","Spencer Pumpelly","5","1:47.955","9:41.364","Green","Track","11.167","14.602","10.492","19.596","7.875","6.420","5.906","9.709","7.136","6.295","5.250","0.474","3.033","172.612"
"71","GTD","JC Perez","5","1:47.447","9:45.170","Green","Track","11.306","14.106","9.727","19.929","7.827","6.397","5.853","9.928","7.061","6.341","5.378","0.486","3.108","168.350"
"88","GTD","Ian James","5","1:47.662","9:50.973","Green","Track","0.000","0.000","9.795","19.916","7.858","6.443","5.840","9.960","7.147","6.371","5.367","0.488","3.099","167.660"
"46","GTD","Giacomo Altoe","5","1:52.237","9:56.333","Green","Track","10.893","14.061","10.894","23.919","7.870","6.396","5.820","10.037","7.112","6.324","5.337","0.483","3.091","169.396"
"57","GTD","Ana Beatriz","5","1:46.116","9:57.408","Green","Track","11.180","13.983","9.716","19.717","7.751","6.304","5.760","9.730","6.964","6.229","5.270","0.476","3.036","171.887"
"540","GTD","Marco Seefried","3","1:47.443","10:15.508","Green","Track","11.334","14.141","9.770","19.968","7.782","6.390","5.849","9.804","7.050","6.332","5.398","0.490","3.135","166.976"
"51","GTD","Mathias Lauda","5","1:45.852","10:18.062","Green","Track","11.100","13.920","9.561","19.847","7.728","6.274","5.728","9.749","6.974","6.196","5.246","0.477","3.052","171.527"
"29","GTD","Daniel Morad","4","1:46.366","10:21.291","Green","Track","10.962","13.915","9.770","19.646","7.870","6.443","5.827","9.527","7.081","6.369","5.373","0.487","3.096","168.004"
"9","GTD","Lars Kern","4","1:48.417","10:23.429","Green","Track","11.200","13.859","9.819","21.356","7.890","6.389","5.855","9.815","7.013","6.297","5.350","0.484","3.090","169.046"
"73","GTD","Patrick Lindsey","5","1:46.626","10:28.138","Green","Track","11.247","13.995","9.716","19.770","7.737","6.338","5.812","9.879","7.005","6.285","5.295","0.480","3.067","170.455"
"13","GTD","Marcos Gomes","5","1:45.441","10:28.890","Green","Track","11.026","13.893","9.634","19.563","7.689","6.252","5.733","9.641","6.950","6.199","5.242","0.475","3.144","172.249"
"12","GTD","Frank Montecalvo","5","1:46.968","10:43.528","Green","Track","11.107","14.273","9.711","20.074","7.804","6.352","5.788","9.822","6.947","6.245","5.304","0.481","3.060","170.100"
"11","GTD","Rolf Ineichen","4","1:45.872","10:47.651","Green","Track","11.153","13.772","9.688","19.726","7.762","6.361","5.747","9.603","7.020","6.260","5.264","0.477","3.039","171.527"
"86","GTD","Trent Hindman","5","1:45.884","10:50.282","Green","Track","11.116","13.977","9.660","19.711","7.729","6.321","5.783","9.591","6.968","6.229","5.285","0.478","3.036","171.168"
"47","GTD","Don Yount","5","1:49.006","11:04.372","Green","Track","11.522","14.255","10.228","20.227","7.878","6.428","5.836","10.326","7.093","6.309","5.327","0.483","3.094","169.396"
"14","GTD","Richard Heistand","5","1:46.368","11:05.051","Green","Track","11.034","14.035","9.698","20.059","7.743","6.309","5.746","9.708","6.984","6.256","5.272","0.477","3.047","171.527"
"48","GTD","Corey Lewis","6","1:46.162","11:06.051","Green","Track","11.160","13.911","9.622","19.794","7.745","6.306","5.725","9.871","6.966","6.270","5.280","0.475","3.037","172.249"
"96","GTD","Robby Foley","5","2:15.093","11:16.658","Green","Pit","15.290","15.191","10.924","22.180","8.469","6.827","6.617","11.028","7.574","6.823","10.694","0.000","0.000","0.000"
"8","GTD","Ezequiel Perez Companc","6","1:46.845","11:21.222","Green","Track","11.017","13.974","9.775","19.781","7.879","6.449","5.850","9.658","7.131","6.367","5.373","0.484","3.107","169.046"
"99","GTD","Alfred Renauer","6","1:47.015","11:25.775","Green","Track","11.161","14.074","9.676","19.857","7.846","6.381","5.805","9.846","7.101","6.354","5.344","0.483","3.087","169.396"
"19","GTD","Andrew Davis","6","1:47.319","11:28.123","Green","Track","11.236","14.144","9.825","19.760","7.936","6.428","5.834","9.656","7.187","6.388","5.355","0.484","3.086","169.046"
"44","GTD","Spencer Pumpelly","6","1:48.231","11:29.595","Green","Track","11.054","14.129","9.756","20.149","7.890","6.632","6.115","9.911","7.333","6.459","5.280","0.475","3.048","172.249"
"71","GTD","JC Perez","6","1:48.174","11:33.344","Green","Track","11.371","14.125","9.749","20.283","7.925","6.422","5.876","10.059","7.081","6.332","5.361","0.485","3.105","168.697"
"63","GTD","Cooper MacNeil","6","1:59.922","11:36.265","Green","Track","11.835","14.725","13.210","24.197","9.037","7.297","6.582","10.879","7.060","6.257","5.293","0.479","3.071","170.810"
"88","GTD","Ian James","6","1:47.650","11:38.623","Green","Track","11.333","14.217","9.792","19.869","7.890","6.418","5.830","9.977","7.087","6.347","5.329","0.483","3.078","169.396"
"46","GTD","Giacomo Altoe","6","1:46.073","11:42.406","Green","Track","10.985","14.020","9.777","19.523","7.774","6.356","5.786","9.705","7.039","6.275","5.292","0.479","3.062","170.810"
"57","GTD","Ana Beatriz","6","1:46.322","11:43.730","Green","Track","11.106","14.069","9.663","19.841","7.737","6.296","5.758","9.858","7.031","6.231","5.237","0.473","3.022","172.977"
"540","GTD","Marco Seefried","4","1:46.231","12:01.739","Green","Track","11.198","13.999","9.738","19.672","7.764","6.386","5.837","9.445","6.951","6.299","5.359","0.486","3.097","168.350"
"29","GTD","Daniel Morad","5","1:46.309","12:07.600","Green","Track","10.940","14.094","9.749","19.655","7.907","6.425","5.831","9.391","7.046","6.347","5.358","0.484","3.082","169.046"
"51","GTD","Mathias Lauda","6","1:51.047","12:09.109","Green","Track","11.182","14.041","9.572","22.560","8.448","7.176","6.118","10.002","7.023","6.210","5.223","0.473","3.019","172.977"
"9","GTD","Lars Kern","5","1:46.456","12:09.885","Green","Track","11.119","14.064","9.793","19.626","7.724","6.368","5.824","9.830","7.041","6.277","5.272","0.476","3.042","171.887"
"73","GTD","Patrick Lindsey","6","1:46.729","12:14.867","Green","Track","11.347","14.056","9.695","19.807","7.746","6.350","5.815","9.779","7.025","6.275","5.298","0.478","3.058","171.168"
"12","GTD","Frank Montecalvo","6","1:46.270","12:29.798","Green","Track","11.149","14.220","9.716","19.816","7.761","6.336","5.739","9.653","6.940","6.226","5.223","0.473","3.018","172.977"
"11","GTD","Rolf Ineichen","5","1:46.178","12:33.829","Green","Track","11.152","13.785","9.675","19.706","7.734","6.353","5.722","9.957","7.068","6.264","5.247","0.474","3.041","172.612"
"86","GTD","Trent Hindman","6","1:46.223","12:36.505","Green","Track","11.190","14.142","9.694","19.803","7.754","6.325","5.761","9.611","6.965","6.225","5.254","0.475","3.024","172.249"
"13","GTD","Marcos Gomes","6","2:14.315","12:43.205","Green","Pit","13.055","16.361","12.619","22.116","8.589","7.294","6.905","10.615","7.205","6.690","9.125","0.000","0.000","0.000"
"47","GTD","Don Yount","6","1:48.290","12:52.662","Green","Track","11.594","14.067","9.801","19.916","7.899","6.426","5.822","10.430","7.114","6.322","5.321","0.483","3.095","169.396"
"14","GTD","Richard Heistand","6","1:50.343","12:55.394","Green","Track","11.406","14.101","9.744","20.166","8.073","7.197","7.096","10.472","7.012","6.266","5.281","0.477","3.052","171.527"
"48","GTD","Corey Lewis","7","1:55.550","13:01.601","Green","Track","11.177","14.282","11.304","22.286","8.805","7.573","7.595","10.451","6.976","6.275","5.287","0.479","3.060","170.810"
"99","GTD","Alfred Renauer","7","1:51.222","13:16.997","Green","Track","11.705","14.782","10.197","20.955","7.937","6.396","6.076","10.772","7.145","6.331","5.344","0.483","3.099","169.396"
"44","GTD","Spencer Pumpelly","7","1:49.809","13:19.404","Green","Track","11.038","14.219","9.998","20.723","8.176","6.632","6.312","10.463","7.122","6.362","5.246","0.474","3.044","172.612"
"19","GTD","Andrew Davis","7","1:52.436","13:20.559","Green","Track","11.626","16.899","10.801","20.264","7.973","6.429","5.859","10.216","7.107","6.345","5.345","0.482","3.090","169.747"
"63","GTD","Cooper MacNeil","7","1:46.710","13:22.975","Green","Track","11.211","14.051","9.773","19.857","7.768","6.315","5.758","9.995","6.998","6.214","5.243","0.476","3.051","171.887"
"88","GTD","Ian James","7","1:47.368","13:25.991","Green","Track","11.209","14.180","9.793","19.937","7.861","6.429","5.806","9.817","7.113","6.348","5.326","0.481","3.068","170.100"
"46","GTD","Giacomo Altoe","7","1:45.656","13:28.062","Green","Track","10.931","13.844","9.665","19.626","7.755","6.336","5.755","9.651","7.037","6.260","5.274","0.477","3.045","171.527"
"8","GTD","Ezequiel Perez Companc","7","2:09.448","13:30.670","Green","Pit","11.270","15.505","11.166","21.474","8.133","6.726","6.225","10.228","7.240","6.827","10.830","0.000","0.000","0.000"
"57","GTD","Ana Beatriz","7","1:47.229","13:30.959","Green","Track","11.302","13.948","9.620","19.869","7.748","6.295","5.720","10.362","7.259","6.348","5.252","0.473","3.033","172.977"
"71","GTD","JC Perez","7","2:04.526","13:37.870","Green","Pit","11.327","14.194","9.792","20.249","7.886","6.384","6.058","11.157","7.146","6.368","10.010","0.000","0.000","0.000"
"540","GTD","Marco Seefried","5","1:46.437","13:48.176","Green","Track","11.054","14.001","9.726","19.901","7.784","6.383","5.833","9.508","6.978","6.296","5.370","0.488","3.115","167.660"
"29","GTD","Daniel Morad","6","1:46.994","13:54.594","Green","Track","10.862","14.014","9.785","19.839","7.867","6.430","5.836","9.774","7.223","6.384","5.379","0.489","3.112","167.317"
"51","GTD","Mathias Lauda","7","1:46.162","13:55.271","Green","Track","11.173","14.071","9.606","19.913","7.728","6.275","5.710","9.805","6.982","6.194","5.204","0.473","3.028","172.977"
"9","GTD","Lars Kern","6","1:45.945","13:55.830","Green","Track","11.030","13.914","9.685","19.765","7.786","6.340","5.754","9.677","6.990","6.260","5.238","0.475","3.031","172.249"
"73","GTD","Patrick Lindsey","7","1:46.103","14:00.970","Green","Track","11.190","13.865","9.665","19.736","7.744","6.327","5.807","9.748","6.942","6.250","5.303","0.480","3.046","170.455"
"47","GTD","Don Yount","7","1:48.317","14:40.979","Green","Track","11.889","14.103","9.731","19.911","7.861","6.410","5.836","10.342","7.047","6.276","5.324","0.484","3.103","169.046"
"11","GTD","Rolf Ineichen","6","2:11.135","14:44.964","Green","Pit","11.248","14.153","9.762","20.505","7.888","6.536","6.721","11.030","8.129","7.514","11.688","0.000","0.000","0.000"
"48","GTD","Corey Lewis","8","2:01.211","15:02.812","Finish","Pit","11.235","13.948","9.809","20.099","7.810","6.357","5.865","10.148","7.027","6.263","8.694","0.000","0.000","0.000"
"44","GTD","Spencer Pumpelly","8","1:47.251","15:06.655","Finish","Track","11.055","14.035","9.728","19.991","7.951","6.427","5.777","9.811","7.245","6.403","5.288","0.478","3.062","171.168"
"19","GTD","Andrew Davis","8","1:47.270","15:07.829","Finish","Track","11.200","14.192","9.820","19.836","7.918","6.449","5.810","9.577","7.129","6.392","5.372","0.485","3.090","168.697"
"88","GTD","Ian James","8","1:47.414","15:13.405","Finish","Track","11.227","14.220","9.755","19.989","7.822","6.429","5.826","9.772","7.090","6.346","5.366","0.484","3.088","169.046"
"46","GTD","Giacomo Altoe","8","1:45.613","15:13.675","Finish","Track","10.940","13.817","9.664","19.537","7.764","6.343","5.742","9.737","7.033","6.265","5.266","0.476","3.029","171.887"
"51","GTD","Mathias Lauda","8","1:45.912","15:41.183","Finish","Track","11.120","13.972","9.602","19.939","7.702","6.247","5.723","9.747","6.920","6.195","5.246","0.475","3.024","172.249"
"47","GTD","Don Yount","8","1:47.809","16:28.788","Finish","Track","11.512","14.196","9.782","19.974","7.843","6.439","5.837","10.002","7.072","6.302","5.307","0.482","3.061","169.747"
"62","GTLM","Davide Rigon","1","27:22.865","27:22.865","Green","Track","33.041","18.194","11.009","21.162","7.802","6.367","5.954","10.293","6.984","6.210","5.235","0.473","3.029","172.977"
"3","GTLM","Jan Magnussen","1","27:28.558","27:28.558","Green","Track","31.949","18.870","11.032","21.652","7.918","6.400","5.984","10.429","7.044","6.240","5.260","0.476","3.044","171.887"
"4","GTLM","Oliver Gavin","1","27:29.620","27:29.620","Green","Track","32.134","18.822","10.986","22.126","7.887","6.375","5.927","10.247","7.040","6.219","5.241","0.475","3.032","172.249"
"911","GTLM","Nick Tandy","1","27:30.822","27:30.822","Green","Track","0.000","18.418","10.650","21.791","7.770","6.254","5.853","10.455","7.003","6.164","5.130","0.462","2.952","177.096"
"912","GTLM","Earl Bamber","1","27:33.273","27:33.273","Green","Track","0.000","19.141","10.933","21.935","7.810","6.287","5.831","10.148","6.974","6.174","5.136","0.463","2.952","176.713"
"66","GTLM","Joey Hand","1","28:41.356","28:41.356","Green","Track","32.188","18.701","10.803","21.452","7.861","6.445","6.020","10.487","7.138","6.381","5.244","0.475","3.031","172.249"
"62","GTLM","Davide Rigon","2","1:44.594","29:07.459","Green","Track","11.183","13.934","9.527","19.519","7.604","6.212","5.686","9.339","6.840","6.107","5.162","0.469","3.012","174.452"
"3","GTLM","Jan Magnussen","2","1:45.225","29:13.783","Green","Track","11.243","13.947","9.580","19.582","7.636","6.243","5.739","9.541","6.895","6.138","5.190","0.472","3.019","173.344"
"4","GTLM","Oliver Gavin","2","1:45.271","29:14.891","Green","Track","11.348","13.934","9.513","19.655","7.637","6.220","5.715","9.528","6.926","6.145","5.168","0.471","3.011","173.712"
"911","GTLM","Nick Tandy","2","1:45.790","29:16.612","Green","Track","11.566","13.960","9.615","20.127","7.668","6.175","5.650","9.473","6.883","6.165","5.096","0.462","2.950","177.096"
"912","GTLM","Earl Bamber","2","1:45.947","29:19.220","Green","Track","11.329","13.937","9.604","19.975","7.694","6.222","5.755","9.818","6.927","6.165","5.102","0.463","2.956","176.713"
"67","GTLM","Ryan Briscoe","1","29:27.287","29:27.287","Green","Track","32.561","18.854","10.916","21.776","7.853","6.349","5.965","10.427","7.026","6.237","5.228","0.476","3.037","171.887"
"25","GTLM","Connor De Phillippi","1","29:36.838","29:36.838","Green","Track","0.000","18.891","10.857","20.935","7.676","6.308","5.805","10.172","6.956","6.224","5.228","0.474","3.037","172.612"
"24","GTLM","John Edwards","1","29:39.059","29:39.059","Green","Track","0.000","19.001","10.855","21.244","7.709","6.305","5.821","10.221","6.956","6.193","5.235","0.475","3.033","172.249"
"66","GTLM","Joey Hand","2","1:45.612","30:26.968","Green","Track","11.236","14.121","9.660","19.484","7.661","6.270","5.760","9.587","6.937","6.184","5.214","0.474","3.024","172.612"
"62","GTLM","Davide Rigon","3","1:43.076","30:50.535","Green","Track","10.874","13.650","9.460","19.043","7.535","6.183","5.667","9.214","6.775","6.086","5.145","0.467","2.977","175.200"
"3","GTLM","Jan Magnussen","3","1:43.504","30:57.287","Green","Track","10.919","13.692","9.414","19.221","7.594","6.210","5.665","9.227","6.831","6.115","5.161","0.467","2.988","175.200"
"4","GTLM","Oliver Gavin","3","1:44.021","30:58.912","Green","Track","10.960","13.709","9.425","19.196","7.594","6.184","5.667","9.562","6.984","6.150","5.146","0.466","2.978","175.575"
"911","GTLM","Nick Tandy","3","1:42.893","30:59.505","Green","Track","11.042","13.622","9.382","19.001","7.549","6.123","5.559","9.336","6.832","6.053","5.038","0.454","2.902","180.216"
"912","GTLM","Earl Bamber","3","1:44.378","31:03.598","Green","Track","11.587","13.744","9.422","19.480","7.578","6.182","5.647","9.330","6.844","6.088","5.081","0.459","2.936","178.253"
"67","GTLM","Ryan Briscoe","2","1:45.616","31:12.903","Green","Track","11.515","14.176","9.557","19.643","7.619","6.235","5.701","9.496","6.873","6.139","5.175","0.472","3.015","173.344"
"25","GTLM","Connor De Phillippi","2","1:44.205","31:21.043","Green","Track","11.247","13.749","9.619","19.440","7.534","6.192","5.634","9.263","6.826","6.112","5.134","0.466","2.989","175.575"
"24","GTLM","John Edwards","2","1:45.038","31:24.097","Green","Track","11.221","13.830","9.584","19.453","7.571","6.212","5.660","9.687","6.966","6.231","5.153","0.466","3.004","175.575"
"66","GTLM","Joey Hand","3","1:43.629","32:10.597","Green","Track","10.806","13.628","9.509","19.167","7.609","6.247","5.678","9.351","6.890","6.124","5.162","0.469","2.989","174.452"
"62","GTLM","Davide Rigon","4","1:42.948","32:33.483","Green","Track","10.776","13.555","9.484","19.257","7.549","6.173","5.645","9.173","6.739","6.060","5.117","0.464","2.956","176.332"
"3","GTLM","Jan Magnussen","4","1:44.861","32:42.148","Green","Track","11.077","13.928","9.441","19.628","7.685","6.214","5.669","9.466","6.873","6.234","5.186","0.467","2.993","175.200"
"4","GTLM","Oliver Gavin","4","1:43.239","32:42.151","Green","Track","10.783","13.754","9.402","19.276","7.611","6.155","5.611","9.362","6.797","6.075","5.052","0.455","2.906","179.820"
"911","GTLM","Nick Tandy","4","1:44.563","32:44.068","Green","Track","10.703","13.477","9.443","19.236","7.562","6.058","6.778","10.030","6.794","6.059","5.059","0.455","2.909","179.820"
"912","GTLM","Earl Bamber","4","1:42.796","32:46.394","Green","Track","10.779","13.553","9.413","19.155","7.573","6.169","5.593","9.267","6.816","6.030","5.078","0.458","2.912","178.642"
"67","GTLM","Ryan Briscoe","3","1:43.179","32:56.082","Green","Track","10.860","13.661","9.425","19.118","7.605","6.192","5.642","9.215","6.799","6.092","5.132","0.465","2.973","175.953"
"25","GTLM","Connor De Phillippi","3","1:42.986","33:04.029","Green","Track","10.963","13.615","9.520","19.201","7.544","6.163","5.599","9.049","6.733","6.083","5.095","0.461","2.960","177.480"
"24","GTLM","John Edwards","3","1:43.467","33:07.564","Green","Track","11.252","13.676","9.526","19.310","7.561","6.194","5.629","9.033","6.705","6.068","5.103","0.461","2.949","177.480"
"66","GTLM","Joey Hand","4","1:43.092","33:53.689","Green","Track","10.679","13.515","9.521","19.134","7.611","6.224","5.660","9.239","6.840","6.093","5.134","0.467","2.975","175.200"
"62","GTLM","Davide Rigon","5","1:42.712","34:16.195","Green","Track","10.824","13.501","9.457","19.098","7.552","6.181","5.647","9.141","6.746","6.043","5.104","0.463","2.955","176.713"
"4","GTLM","Oliver Gavin","5","1:43.650","34:25.801","Green","Track","10.817","13.650","9.432","19.186","7.578","6.186","5.676","9.630","6.846","6.098","5.121","0.465","2.965","175.953"
"911","GTLM","Nick Tandy","5","1:42.257","34:26.325","Green","Track","10.773","13.553","9.377","19.106","7.516","6.088","5.544","9.344","6.741","5.926","4.965","0.449","2.875","182.223"
"3","GTLM","Jan Magnussen","5","1:44.205","34:26.353","Green","Track","11.479","13.816","9.451","19.455","7.568","6.162","5.624","9.339","6.807","6.037","5.060","0.459","2.948","178.253"
"912","GTLM","Earl Bamber","5","1:43.025","34:29.419","Green","Track","10.806","13.526","9.417","19.252","7.580","6.145","5.603","9.327","6.867","6.039","5.078","0.458","2.927","178.642"
"67","GTLM","Ryan Briscoe","4","1:42.634","34:38.716","Green","Track","10.586","13.565","9.436","19.020","7.571","6.203","5.645","9.156","6.797","6.079","5.133","0.466","2.977","175.575"
"25","GTLM","Connor De Phillippi","4","1:43.368","34:47.397","Green","Track","10.788","13.838","9.588","19.393","7.537","6.167","5.619","9.080","6.742","6.092","5.103","0.462","2.959","177.096"
"24","GTLM","John Edwards","4","1:42.953","34:50.517","Green","Track","10.772","13.601","9.527","19.180","7.517","6.177","5.635","9.246","6.711","6.058","5.111","0.464","2.954","176.332"
"66","GTLM","Joey Hand","5","1:43.087","35:36.776","Green","Track","10.686","13.610","9.527","19.068","7.585","6.226","5.673","9.201","6.831","6.092","5.143","0.467","2.978","175.200"
"62","GTLM","Davide Rigon","6","1:46.436","36:02.631","Green","Track","10.932","13.689","10.208","21.223","7.729","6.209","5.675","9.356","6.782","6.060","5.130","0.465","2.978","175.953"
"3","GTLM","Jan Magnussen","6","1:42.583","36:08.936","Green","Track","10.731","13.613","9.322","19.285","7.498","6.092","5.558","9.185","6.742","6.038","5.103","0.462","2.954","177.096"
"4","GTLM","Oliver Gavin","6","1:44.241","36:10.042","Green","Track","10.819","13.712","9.396","19.218","7.573","6.180","5.883","10.039","6.852","6.066","5.095","0.461","2.947","177.480"
"912","GTLM","Earl Bamber","6","1:42.995","36:12.414","Green","Track","10.796","13.574","9.421","19.237","7.572","6.147","5.603","9.345","6.835","6.020","5.069","0.457","2.919","179.033"
"911","GTLM","Nick Tandy","6","1:51.700","36:18.025","Green","Track","11.352","15.425","11.953","21.667","7.683","6.180","6.057","9.920","6.860","6.151","5.072","0.457","2.923","179.033"
"67","GTLM","Ryan Briscoe","5","1:42.715","36:21.431","Green","Track","10.562","13.601","9.513","19.110","7.570","6.198","5.653","9.090","6.785","6.064","5.131","0.465","2.973","175.953"
"25","GTLM","Connor De Phillippi","5","1:56.189","36:43.586","Green","Pit","10.942","13.754","9.493","19.231","7.515","6.178","5.617","9.051","6.729","6.059","8.166","0.000","0.000","0.000"
"24","GTLM","John Edwards","5","1:59.434","36:49.951","Green","Pit","10.799","13.710","9.537","19.310","7.526","6.195","5.649","9.025","6.839","6.755","10.660","0.000","0.000","0.000"
"66","GTLM","Joey Hand","6","1:42.920","37:19.696","Green","Track","10.644","13.581","9.528","19.002","7.587","6.226","5.657","9.157","6.825","6.104","5.153","0.469","2.987","174.452"
"3","GTLM","Jan Magnussen","7","1:42.702","37:51.638","Green","Track","10.611","13.488","9.328","19.157","7.526","6.142","5.604","9.269","6.883","6.109","5.145","0.465","2.975","175.953"
"4","GTLM","Oliver Gavin","7","1:43.725","37:53.767","Green","Track","11.078","13.778","9.373","19.202","7.568","6.159","5.633","9.340","6.875","6.126","5.150","0.467","2.976","175.200"
"912","GTLM","Earl Bamber","7","1:42.973","37:55.387","Green","Track","10.862","13.557","9.392","19.187","7.558","6.144","5.599","9.293","6.852","6.064","5.083","0.459","2.923","178.253"
"67","GTLM","Ryan Briscoe","6","1:42.987","38:04.418","Green","Track","10.572","13.612","9.456","19.174","7.558","6.185","5.638","9.113","6.889","6.145","5.185","0.470","2.990","174.081"
"911","GTLM","Nick Tandy","7","1:56.927","38:14.952","Green","Pit","10.890","13.558","9.417","19.164","7.520","6.124","5.587","9.239","6.799","6.067","8.840","0.000","0.000","0.000"
"3","GTLM","Jan Magnussen","8","1:42.769","39:34.407","Green","Track","10.642","13.561","9.342","19.215","7.509","6.159","5.623","9.195","6.822","6.095","5.161","0.467","2.978","175.200"
"4","GTLM","Oliver Gavin","8","1:43.696","39:37.463","Green","Track","10.901","13.720","9.367","19.349","7.560","6.164","5.638","9.358","6.884","6.143","5.163","0.467","2.982","175.200"
"67","GTLM","Ryan Briscoe","7","1:45.998","39:50.416","Green","Track","11.581","13.908","9.977","20.197","7.642","6.211","5.652","9.200","6.855","6.122","5.183","0.471","2.999","173.712"
"912","GTLM","Earl Bamber","8","2:02.850","39:58.237","Green","Pit","10.879","13.532","9.336","19.474","7.824","6.594","6.372","10.095","6.890","6.113","10.594","0.000","0.000","0.000"
"85","DPi","Tristan Vautier","1","52:13.472","52:13.472","Green","Track","0.000","17.366","10.155","20.812","7.093","5.835","5.530","9.412","6.370","5.724","4.837","0.439","2.796","186.374"
"84","DPi","Stephen Simpson","1","52:15.386","52:15.386","Green","Track","0.000","19.929","10.555","21.621","7.168","5.848","5.945","9.868","6.467","5.757","4.859","0.440","2.822","185.950"
"50","DPi","Agustin Canapino","1","52:23.536","52:23.536","Green","Track","0.000","20.111","10.285","21.756","7.785","6.828","5.982","10.214","6.743","6.158","5.120","0.456","2.875","179.426"
"18","LMP2","Roberto Gonzalez","1","52:27.881","52:27.881","Green","Track","33.457","19.802","10.845","21.691","7.452","6.020","6.052","10.731","6.625","5.904","5.027","0.457","2.913","179.033"
"52","LMP2","Gabriel Aubry","1","52:31.218","52:31.218","Green","Track","33.492","19.130","11.114","23.514","7.430","5.975","5.554","9.620","6.533","5.844","5.022","0.458","2.921","178.642"
"54","DPi","Jonathan Bennett","1","52:36.408","52:36.408","Green","Track","0.000","19.836","10.624","22.423","7.151","5.724","5.347","9.809","6.297","5.642","4.771","0.433","2.770","188.957"
"38","LMP2","Kyle Masson","1","52:49.710","52:49.710","Green","Track","32.273","18.535","9.890","20.571","7.295","5.939","5.485","9.340","6.470","5.858","5.013","0.456","2.899","179.426"
"81","LMP2","James Allen","1","53:02.346","53:02.346","Green","Track","32.308","19.351","10.696","22.159","7.826","6.063","5.641","9.690","6.532","5.866","5.024","0.458","2.920","178.642"
"31","DPi","Felipe Nasr","1","53:29.847","53:29.847","Green","Track","35.070","19.012","10.647","20.533","7.186","5.758","5.893","9.048","6.230","5.615","4.769","0.432","2.756","189.394"
"10","DPi","Jordan Taylor","1","53:39.944","53:39.944","Green","Track","0.000","20.538","11.286","21.865","7.128","5.802","5.460","9.637","6.346","5.689","4.819","0.436","2.784","187.656"
"55","DPi","Jonathan Bomarito","1","53:42.680","53:42.680","Green","Track","31.624","17.634","9.180","19.656","6.836","5.717","6.483","9.344","6.163","5.557","4.710","0.426","2.723","192.061"
"85","DPi","Tristan Vautier","2","1:38.295","53:51.767","Green","Track","10.303","13.180","8.731","18.575","6.971","5.723","5.658","9.339","6.217","5.625","4.782","0.434","2.757","188.521"
"84","DPi","Stephen Simpson","2","1:39.661","53:55.047","Green","Track","10.872","13.437","8.799","19.126","7.045","5.756","5.335","9.292","6.327","5.657","4.803","0.435","2.777","188.088"
"77","DPi","Oliver Jarvis","1","53:59.678","53:59.678","Green","Track","32.021","19.813","13.727","21.194","6.956","5.646","5.352","9.285","6.155","5.577","4.755","0.430","2.759","190.275"
"50","DPi","Agustin Canapino","2","1:41.619","54:05.155","Green","Track","11.433","14.198","8.966","20.304","6.994","5.698","5.279","8.952","6.234","5.607","4.766","0.430","2.758","190.275"
"18","LMP2","Roberto Gonzalez","2","1:41.100","54:08.981","Green","Track","11.177","13.788","9.074","19.158","7.176","5.892","5.431","9.016","6.360","5.767","4.948","0.447","2.866","183.038"
"54","DPi","Jonathan Bennett","2","1:39.494","54:15.902","Green","Track","10.720","13.655","8.719","19.404","6.906","5.661","5.242","9.386","6.254","5.604","4.755","0.431","2.757","189.833"
"52","LMP2","Gabriel Aubry","2","1:45.929","54:17.147","Green","Track","11.484","14.137","9.338","20.520","7.265","5.905","5.433","10.508","7.021","5.919","5.024","0.458","2.917","178.642"
"38","LMP2","Kyle Masson","2","1:39.488","54:29.198","Green","Track","10.701","13.372","8.983","18.766","7.105","5.873","5.412","8.856","6.364","5.790","4.953","0.450","2.863","181.818"
"81","LMP2","James Allen","2","1:38.108","54:40.454","Green","Track","10.208","13.246","8.874","18.372","7.101","5.882","5.436","8.576","6.309","5.777","4.982","0.453","2.892","180.614"
"6","DPi","Juan Pablo Montoya","1","55:04.173","55:04.173","Green","Track","0.000","18.358","10.385","21.550","7.069","5.708","5.308","9.032","6.142","5.570","4.749","0.431","2.742","189.833"
"31","DPi","Felipe Nasr","2","1:35.183","55:05.030","Green","Track","10.222","12.855","8.603","17.999","6.875","5.660","5.186","8.162","6.153","5.579","4.734","0.428","2.727","191.164"
"10","DPi","Jordan Taylor","2","1:36.731","55:16.675","Green","Track","10.214","13.102","8.726","18.504","6.913","5.714","5.237","8.525","6.155","5.636","4.794","0.435","2.776","188.088"
"55","DPi","Jonathan Bomarito","2","1:34.285","55:16.965","Green","Track","10.239","13.012","8.409","17.774","6.715","5.532","5.063","8.309","5.994","5.471","4.655","0.422","2.690","193.882"
"85","DPi","Tristan Vautier","3","1:35.501","55:27.268","Green","Track","10.039","12.879","8.624","17.800","6.870","5.678","5.200","8.530","6.243","5.642","4.800","0.435","2.761","188.088"
"84","DPi","Stephen Simpson","3","1:37.718","55:32.765","Green","Track","10.496","13.212","8.794","18.575","6.979","5.735","5.240","8.631","6.292","5.733","4.810","0.436","2.785","187.656"
"77","DPi","Oliver Jarvis","2","1:39.218","55:38.896","Green","Track","10.192","12.974","8.477","21.540","6.868","5.839","5.383","8.431","6.043","5.539","4.755","0.429","2.748","190.718"
"50","DPi","Agustin Canapino","3","1:38.141","55:43.296","Green","Track","10.903","13.646","8.688","18.911","6.901","5.666","5.186","8.414","6.212","5.681","4.752","0.431","2.750","189.833"
"18","LMP2","Roberto Gonzalez","3","1:37.871","55:46.852","Green","Track","10.362","13.077","8.846","18.341","7.030","5.834","5.348","8.512","6.451","5.787","4.967","0.451","2.865","181.415"
"54","DPi","Jonathan Bennett","3","1:37.552","55:53.454","Green","Track","10.406","13.407","8.686","18.725","6.837","5.632","5.191","8.986","6.158","5.579","4.753","0.431","2.761","189.833"
"52","LMP2","Gabriel Aubry","3","1:41.563","55:58.710","Green","Track","10.424","13.797","9.126","20.917","7.241","5.862","5.438","8.380","6.291","5.770","4.974","0.453","2.890","180.614"
"38","LMP2","Kyle Masson","3","1:38.121","56:07.319","Green","Track","10.422","13.029","8.939","18.535","7.065","5.827","5.347","8.617","6.318","5.778","4.938","0.449","2.857","182.223"
"81","LMP2","James Allen","3","1:36.449","56:16.903","Green","Track","9.958","12.958","8.813","18.082","7.034","5.832","5.350","8.188","6.225","5.744","4.947","0.450","2.868","181.818"
"6","DPi","Juan Pablo Montoya","2","1:35.263","56:39.436","Green","Track","9.955","12.966","8.476","18.735","6.835","5.596","5.145","8.249","6.024","5.475","4.678","0.424","2.705","192.967"
"31","DPi","Felipe Nasr","3","1:40.218","56:45.248","Green","Track","9.966","12.768","8.739","21.476","7.165","5.901","6.092","8.535","6.126","5.564","4.725","0.428","2.733","191.164"
"10","DPi","Jordan Taylor","3","1:34.708","56:51.383","Green","Track","9.941","12.801","8.600","17.823","6.854","5.719","5.201","8.137","6.112","5.581","4.750","0.431","2.758","189.833"
"55","DPi","Jonathan Bomarito","3","1:37.503","56:54.468","Green","Track","10.073","12.912","8.420","19.417","7.856","5.834","5.193","8.424","6.067","5.507","4.673","0.422","2.705","193.882"
"7","DPi","Ricky Taylor","1","56:57.704","56:57.704","Green","Track","32.061","17.862","9.808","22.087","9.903","7.659","8.507","9.660","6.271","5.643","4.775","0.432","2.762","189.394"
"85","DPi","Tristan Vautier","4","1:35.516","57:02.784","Green","Track","10.042","12.853","8.587","17.948","6.882","5.668","5.206","8.519","6.239","5.623","4.768","0.432","2.749","189.394"
"84","DPi","Stephen Simpson","4","1:35.819","57:08.584","Green","Track","10.093","12.882","8.638","18.050","6.934","5.719","5.220","8.415","6.262","5.633","4.777","0.432","2.764","189.394"
"77","DPi","Oliver Jarvis","3","1:33.957","57:12.853","Green","Track","9.834","12.766","8.399","18.090","6.736","5.545","5.101","8.107","6.025","5.500","4.701","0.427","2.726","191.612"
"50","DPi","Agustin Canapino","4","1:34.679","57:17.975","Green","Track","0.000","0.000","8.567","17.773","6.833","5.631","5.179","8.316","6.153","5.567","4.736","0.430","2.744","190.275"
"18","LMP2","Roberto Gonzalez","4","1:37.487","57:24.339","Green","Track","10.235","13.142","8.834","18.195","7.061","5.808","5.354","8.524","6.360","5.736","4.932","0.448","2.858","182.630"
"54","DPi","Jonathan Bennett","4","1:36.686","57:30.140","Green","Track","10.102","13.171","8.611","18.401","6.857","5.636","5.191","8.991","6.225","5.569","4.754","0.428","2.750","191.164"
"52","LMP2","Gabriel Aubry","4","1:36.515","57:35.225","Green","Track","10.173","12.932","8.781","18.065","7.036","5.807","5.357","8.136","6.243","5.727","4.935","0.451","2.872","181.415"
"38","LMP2","Kyle Masson","4","1:38.226","57:45.545","Green","Track","10.272","13.205","8.949","18.605","7.070","5.820","5.367","8.599","6.310","5.767","4.944","0.451","2.867","181.415"
"81","LMP2","James Allen","4","1:35.904","57:52.807","Green","Track","9.779","12.804","8.768","17.984","7.000","5.803","5.370","8.186","6.231","5.720","4.940","0.450","2.869","181.818"
"31","DPi","Felipe Nasr","4","1:34.597","58:19.845","Green","Track","9.979","12.853","8.541","17.901","6.854","5.643","5.184","8.042","6.157","5.551","4.729","0.429","2.734","190.718"
"6","DPi","Juan Pablo Montoya","3","1:43.630","58:23.066","Green","Track","9.822","13.034","8.487","27.268","6.818","5.583","5.125","8.150","6.066","5.473","4.673","0.425","2.706","192.513"
"10","DPi","Jordan Taylor","4","1:34.479","58:25.862","Green","Track","9.762","12.919","8.586","17.825","6.839","5.664","5.210","8.072","6.107","5.570","4.745","0.431","2.749","189.833"
"55","DPi","Jonathan Bomarito","4","1:34.212","58:28.680","Green","Track","9.861","12.880","8.384","18.133","6.709","5.533","5.085","8.267","6.055","5.491","4.684","0.423","2.707","193.424"
"7","DPi","Ricky Taylor","2","1:36.701","58:34.405","Green","Track","10.249","13.574","8.679","18.702","6.788","5.618","5.185","8.364","6.102","5.550","4.724","0.429","2.737","190.718"
"85","DPi","Tristan Vautier","5","1:38.072","58:40.856","Green","Track","10.016","12.775","8.574","19.946","7.392","5.795","5.269","8.515","6.222","5.615","4.771","0.431","2.751","189.833"
"84","DPi","Stephen Simpson","5","1:35.442","58:44.026","Green","Track","9.990","12.868","8.675","18.015","6.909","5.698","5.232","8.257","6.214","5.624","4.771","0.432","2.757","189.394"
"77","DPi","Oliver Jarvis","4","1:33.685","58:46.538","Green","Track","9.808","12.776","8.385","17.935","6.682","5.552","5.127","8.051","6.013","5.521","4.694","0.426","2.715","192.061"
"50","DPi","Agustin Canapino","5","1:34.686","58:52.661","Green","Track","9.932","12.823","8.570","17.828","6.861","5.644","5.196","8.248","6.123","5.563","4.732","0.430","2.736","190.275"
"18","LMP2","Roberto Gonzalez","5","1:37.939","59:02.278","Green","Track","10.217","13.263","8.975","18.377","7.070","5.832","5.392","8.350","6.411","5.794","4.951","0.448","2.859","182.630"
"54","DPi","Jonathan Bennett","5","1:37.370","59:07.510","Green","Track","10.414","13.363","8.600","18.691","6.836","5.644","5.216","8.902","6.174","5.591","4.752","0.431","2.756","189.833"
"52","LMP2","Gabriel Aubry","5","1:36.714","59:11.939","Green","Track","10.191","13.010","8.738","18.115","7.063","5.826","5.385","8.130","6.275","5.734","4.933","0.450","2.864","181.818"
"38","LMP2","Kyle Masson","5","1:38.719","59:24.264","Green","Track","10.467","13.309","9.015","18.626","7.095","5.835","5.384","8.622","6.335","5.784","4.938","0.449","2.860","182.223"
"81","LMP2","James Allen","5","1:36.949","59:29.756","Green","Track","9.967","13.176","8.798","18.185","7.041","5.815","5.377","8.312","6.287","5.741","4.936","0.449","2.865","182.223"
"31","DPi","Felipe Nasr","5","1:34.433","59:54.278","Green","Track","9.894","12.830","8.520","17.965","6.849","5.638","5.173","8.009","6.138","5.556","4.712","0.427","2.722","191.612"
"6","DPi","Juan Pablo Montoya","4","1:34.272","59:57.338","Green","Track","9.853","13.057","8.533","17.957","6.760","5.560","5.101","8.122","6.078","5.480","4.655","0.423","2.693","193.424"
"7","DPi","Ricky Taylor","3","1:33.873","1:00:08.278","Green","Track","9.804","12.850","8.463","17.878","6.751","5.591","5.120","8.074","6.035","5.495","4.674","0.424","2.714","192.967"
"85","DPi","Tristan Vautier","6","1:35.369","1:00:16.225","Green","Track","10.014","12.872","8.626","17.994","6.903","5.670","5.204","8.382","6.190","5.597","4.746","0.431","2.740","189.833"
"10","DPi","Jordan Taylor","5","1:50.374","1:00:16.236","Green","Pit","9.898","12.977","8.654","18.276","6.909","5.676","5.241","8.759","6.186","5.587","8.023","0.000","0.000","0.000"
"84","DPi","Stephen Simpson","6","1:35.531","1:00:19.557","Green","Track","9.967","12.929","8.662","18.085","6.921","5.708","5.200","8.286","6.218","5.610","4.757","0.432","2.756","189.394"
"77","DPi","Oliver Jarvis","5","1:38.628","1:00:25.166","Green","Track","9.774","12.918","8.848","20.391","6.959","6.168","5.738","8.445","6.059","5.506","4.684","0.424","2.714","192.967"
"18","LMP2","Roberto Gonzalez","6","1:38.064","1:00:40.342","Green","Track","10.244","13.303","8.983","18.495","7.071","5.855","5.373","8.415","6.336","5.747","4.930","0.447","2.865","183.038"
"54","DPi","Jonathan Bennett","6","1:36.975","1:00:44.485","Green","Track","10.225","13.297","8.596","18.544","6.820","5.649","5.200","8.923","6.178","5.588","4.758","0.431","2.766","189.833"
"50","DPi","Agustin Canapino","6","1:53.247","1:00:45.908","Green","Track","10.320","15.347","11.788","22.302","8.403","6.941","8.864","9.617","6.173","5.570","4.739","0.432","2.751","189.394"
"52","LMP2","Gabriel Aubry","6","1:36.613","1:00:48.552","Green","Track","10.102","13.030","8.814","18.239","7.031","5.802","5.351","7.992","6.259","5.729","4.937","0.451","2.876","181.415"
"38","LMP2","Kyle Masson","6","1:38.290","1:01:02.554","Green","Track","10.271","13.262","8.934","18.536","7.079","5.811","5.334","8.635","6.358","5.789","4.955","0.451","2.875","181.415"
"81","LMP2","James Allen","6","1:36.485","1:01:06.241","Green","Track","9.866","13.045","8.814","18.177","7.031","5.794","5.328","8.130","6.260","5.752","4.956","0.452","2.880","181.014"
"6","DPi","Juan Pablo Montoya","5","1:34.095","1:01:31.433","Green","Track","9.843","12.953","8.539","17.887","6.733","5.538","5.088","8.155","6.061","5.482","4.678","0.426","2.712","192.061"
"7","DPi","Ricky Taylor","4","1:33.934","1:01:42.212","Green","Track","9.679","12.968","8.475","17.860","6.721","5.581","5.129","8.080","6.070","5.519","4.700","0.427","2.725","191.612"
"85","DPi","Tristan Vautier","7","1:35.544","1:01:51.769","Green","Track","9.981","12.910","8.626","17.951","6.887","5.676","5.223","8.427","6.239","5.645","4.788","0.433","2.758","188.957"
"84","DPi","Stephen Simpson","7","1:36.149","1:01:55.706","Green","Track","10.030","12.924","8.669","18.120","6.941","5.701","5.229","8.529","6.309","5.720","4.774","0.432","2.771","189.394"
"54","DPi","Jonathan Bennett","7","1:37.116","1:02:21.601","Green","Track","10.412","13.081","8.595","18.657","6.832","5.642","5.191","8.946","6.186","5.601","4.771","0.432","2.770","189.394"
"18","LMP2","Roberto Gonzalez","7","1:42.489","1:02:22.831","Green","Track","10.122","13.318","8.871","18.399","7.103","6.205","6.029","9.463","7.095","6.483","5.578","0.522","3.301","156.740"
"52","LMP2","Gabriel Aubry","7","1:36.427","1:02:24.979","Green","Track","10.053","13.035","8.764","18.001","7.028","5.803","5.370","8.066","6.272","5.744","4.959","0.452","2.880","181.014"
"50","DPi","Agustin Canapino","7","1:48.318","1:02:34.226","Green","Track","10.116","13.876","13.253","22.212","7.912","6.307","5.536","9.159","6.287","5.704","4.768","0.432","2.756","189.394"
"38","LMP2","Kyle Masson","7","1:38.202","1:02:40.756","Green","Track","10.371","13.173","8.871","18.619","7.064","5.818","5.361","8.513","6.346","5.786","4.964","0.450","2.866","181.818"
"81","LMP2","James Allen","7","1:37.153","1:02:43.394","Green","Track","10.033","13.154","8.831","18.361","7.022","5.793","5.358","8.280","6.274","5.757","4.968","0.451","2.871","181.415"
"85","DPi","Tristan Vautier","8","1:39.047","1:03:30.816","Green","Track","10.109","12.937","9.738","19.759","6.885","5.689","5.218","8.762","6.280","5.680","4.797","0.432","2.761","189.394"
"84","DPi","Stephen Simpson","8","1:36.429","1:03:32.135","Green","Track","10.174","12.946","8.635","18.332","6.935","5.696","5.231","8.609","6.232","5.653","4.794","0.435","2.757","188.088"
"6","DPi","Juan Pablo Montoya","6","2:27.189","1:03:58.622","Green","Pit","10.970","19.290","20.734","31.366","8.352","5.780","5.467","9.322","6.176","5.669","10.271","0.000","0.000","0.000"
"54","DPi","Jonathan Bennett","8","1:37.175","1:03:58.776","Green","Track","10.265","13.165","8.570","18.696","6.861","5.643","5.206","8.974","6.204","5.605","4.785","0.433","2.768","188.957"
"52","LMP2","Gabriel Aubry","8","1:38.738","1:04:03.717","Green","Track","10.183","13.032","8.787","19.138","7.184","5.856","5.431","8.757","6.293","5.760","4.976","0.454","2.887","180.216"
"18","LMP2","Roberto Gonzalez","8","1:45.592","1:04:08.423","Green","Track","11.611","16.211","11.082","19.496","7.115","5.848","5.387","8.509","6.330","5.760","4.938","0.447","2.858","183.038"
"50","DPi","Agustin Canapino","8","1:39.368","1:04:13.594","Green","Track","10.004","12.989","8.633","18.185","6.858","5.676","7.084","10.101","6.244","5.621","4.782","0.433","2.758","188.957"
"38","LMP2","Kyle Masson","8","1:38.708","1:04:19.464","Green","Track","10.353","13.314","8.915","18.772","7.088","5.841","5.395","8.631","6.339","5.785","4.961","0.451","2.863","181.415"
"81","LMP2","James Allen","8","1:37.531","1:04:20.925","Green","Track","10.067","13.053","8.816","18.646","7.041","5.816","5.376","8.377","6.318","5.763","4.951","0.449","2.858","182.223"
"18","LMP2","Roberto Gonzalez","9","1:37.377","1:05:45.800","Finish","Track","10.076","13.222","8.827","18.477","7.044","5.810","5.367","8.244","6.360","5.764","4.904","0.445","2.837","183.861"
"81","LMP2","James Allen","9","2:08.200","1:06:29.125","Finish","Pit","9.973","12.975","8.788","18.933","7.036","5.824","5.378","8.692","6.452","5.794","10.102","0.000","0.000","0.000"
