"Car","Class","Driver","Lap","Lap Time","Session Time","Flag","Location","S01","S02","S03","S04","S05","S06","S07","S08","S09","S10","S11","S12","SP1","SP4"
"31","DPi","Pipo Derani","1","1:40.626","1:40.626","Green","Track","0.000","15.875","0.622","15.612","11.326","9.091","0.576","14.098","10.250","9.713","2.163","4.004","127.156","140.862"
"5","DPi","Joao Barbosa","1","1:42.428","1:42.428","Green","Track","584.617","15.337","0.648","15.694","11.175","9.313","0.626","14.515","10.298","10.064","2.171","4.011","122.054","129.611"
"14","GTD","Richard Heistand","1","1:49.855","1:49.855","Green","Track","531.919","15.883","0.613","17.232","12.013","10.243","0.591","14.476","11.033","10.782","2.467","4.535","129.023","137.287"
"96","GTD","Bill Auberlen","1","1:51.719","1:51.719","Green","Track","149.775","15.441","0.593","15.949","11.896","10.137","0.579","14.578","11.152","11.298","2.462","4.472","133.374","140.132"
"12","GTD","Frank Montecalvo","1","2:06.187","2:06.187","Green","Track","0.000","16.977","0.628","17.753","12.888","10.442","0.594","15.316","11.392","11.444","2.488","4.558","125.941","136.593"
"77","DPi","Oliver Jarvis","1","2:07.196","2:07.196","Green","Track","10.037","15.575","0.720","17.559","12.215","9.007","0.602","14.762","10.932","10.868","2.219","4.259","109.848","134.778"
"50","DPi","Victor Franzoni","1","2:16.550","2:16.550","Green","Track","11.896","14.614","0.600","15.698","12.325","10.451","0.900","17.030","12.230","11.280","2.294","4.133","131.818","90.152"
"8","GTD","Parker Chase","1","2:19.221","2:19.221","Green","Track","9.462","17.780","1.002","18.560","13.209","12.632","0.901","16.549","11.545","12.331","2.565","4.815","78.933","90.051"
"63","GTD","Toni Vilander","1","2:20.000","2:20.000","Green","Track","10.124","18.173","0.794","18.106","12.919","10.678","0.781","16.142","11.678","12.044","2.539","4.656","99.611","103.888"
"7","DPi","Ricky Taylor","1","2:20.951","2:20.951","Green","Track","0.000","16.521","0.583","16.868","11.714","9.063","0.615","15.141","11.773","10.402","2.194","4.036","135.662","131.929"
"54","DPi","Jonathan Bennett","1","2:22.395","2:22.395","Green","Track","11.407","16.889","0.736","18.554","13.290","9.827","0.823","17.391","12.967","11.501","2.224","4.173","107.460","98.586"
"76","GTD","Matt Plumb","1","2:24.040","2:24.040","Green","Track","11.919","19.925","0.634","16.521","11.928","10.133","0.665","15.571","11.915","11.790","2.527","4.623","124.749","122.010"
"73","GTD","Patrick Long","1","2:26.099","2:26.099","Green","Track","0.000","19.306","0.655","16.775","11.681","10.101","0.670","15.587","11.749","13.528","2.627","4.659","120.749","121.099"
"85","DPi","Misha Goikhberg","1","2:26.424","2:26.424","Green","Pit","417.655","14.322","0.632","16.286","11.221","10.467","0.661","14.479","10.423","10.508","5.750","40.169","125.144","122.748"
"86","GTD","Trent Hindman","1","2:27.777","2:27.777","Green","Track","0.000","19.092","0.640","17.521","12.398","10.148","0.649","16.602","11.750","11.128","2.485","4.532","123.580","125.018"
"55","DPi","Harry Tincknell","1","2:28.053","2:28.053","Green","Track","9.442","14.361","0.622","16.980","11.593","8.933","0.550","15.448","11.329","10.341","2.142","4.578","127.156","147.521"
"10","DPi","Renger Van Der Zande","1","2:28.224","2:28.224","Green","Pit","0.000","16.946","0.816","21.029","13.170","11.361","0.961","16.679","12.763","12.106","6.102","11.243","96.925","84.429"
"6","DPi","Juan Pablo Montoya","1","2:28.962","2:28.962","Green","Pit","9.818","14.256","0.631","16.733","11.409","9.038","0.530","13.987","10.257","10.296","5.500","32.803","125.342","153.087"
"48","GTD","Ryan Hardwick","1","2:30.787","2:30.787","Green","Track","11.755","22.722","0.706","17.747","12.655","10.936","0.684","17.012","12.146","12.443","2.593","4.696","112.027","118.620"
"57","GTD","Christina Nielsen","1","2:35.366","2:35.366","Green","Track","0.000","18.038","0.611","17.904","12.217","10.214","0.591","14.935","11.470","13.316","3.679","5.159","129.445","137.287"
"84","DPi","Simon Trummer","1","2:46.484","2:46.484","Green","Pit","10.235","15.132","0.736","17.988","11.942","9.205","0.630","14.998","10.860","10.731","5.788","39.192","107.460","128.788"
"31","DPi","Pipo Derani","2","1:26.359","3:06.985","Green","Track","3.290","11.526","0.516","13.446","9.987","8.836","0.517","13.055","9.783","9.334","2.119","3.950","153.277","156.937"
"44","GTD","John Potter","1","3:12.286","3:12.286","Green","Pit","9.770","18.037","0.747","16.797","12.693","10.331","0.615","16.230","12.395","11.868","6.152","41.443","105.878","131.929"
"74","GTD","Gar Robinson V","1","3:15.869","3:15.869","Green","Pit","12.069","20.770","0.816","17.765","12.795","10.454","0.606","16.260","12.743","12.087","5.600","45.931","96.925","133.888"
"5","DPi","Joao Barbosa","2","1:38.881","3:21.309","Green","Pit","3.318","11.621","0.518","13.851","10.240","8.844","0.523","13.202","9.999","10.053","5.197","11.515","152.685","155.136"
"14","GTD","Richard Heistand","2","1:34.423","3:24.278","Green","Track","3.518","13.201","0.581","14.132","10.935","9.927","0.578","13.805","10.476","10.361","2.427","4.482","136.129","140.374"
"96","GTD","Bill Auberlen","2","1:34.693","3:26.412","Green","Track","3.618","13.039","0.568","14.368","10.773","9.838","0.570","13.871","10.755","10.490","2.392","4.411","139.245","142.344"
"77","DPi","Oliver Jarvis","2","1:28.388","3:35.584","Green","Track","3.584","11.849","0.526","14.314","10.615","8.644","0.512","13.020","10.015","9.308","2.081","3.920","150.363","158.469"
"12","GTD","Frank Montecalvo","2","1:37.289","3:43.476","Green","Track","3.542","13.197","0.589","15.412","11.211","10.021","0.587","14.179","10.601","10.917","2.480","4.553","134.280","138.222"
"50","DPi","Victor Franzoni","2","1:30.179","3:46.729","Green","Track","3.245","12.026","0.535","14.473","10.602","8.962","0.533","13.454","10.205","9.962","2.179","4.003","147.833","152.226"
"7","DPi","Ricky Taylor","2","1:30.847","3:51.798","Green","Track","3.366","12.725","0.522","14.486","10.692","8.962","0.521","13.432","10.342","9.719","2.125","3.955","151.515","155.732"
"54","DPi","Jonathan Bennett","2","1:35.500","3:57.895","Green","Track","3.629","12.670","0.591","15.455","11.340","8.939","0.604","14.339","11.084","10.461","2.177","4.211","133.826","134.332"
"55","DPi","Harry Tincknell","2","1:30.191","3:58.244","Green","Track","3.703","12.368","0.518","13.868","10.934","8.700","0.510","12.958","10.591","9.923","2.156","3.962","152.685","159.091"
"8","GTD","Parker Chase","2","1:39.127","3:58.348","Green","Track","3.835","13.399","0.592","15.862","11.149","10.117","0.590","14.392","10.799","11.004","2.491","4.897","133.600","137.519"
"63","GTD","Toni Vilander","2","1:40.601","4:00.601","Green","Track","3.746","14.002","0.595","15.518","11.349","10.221","0.676","14.980","11.174","11.296","2.489","4.555","132.926","120.024"
"73","GTD","Patrick Long","2","1:36.122","4:02.221","Green","Track","3.636","13.266","0.580","14.619","10.924","9.944","0.581","13.783","10.765","11.039","2.459","4.526","136.364","139.650"
"76","GTD","Paul Holton","2","1:39.218","4:03.258","Green","Track","3.919","13.464","0.587","15.049","11.297","9.982","0.590","14.292","10.746","12.229","2.496","4.567","134.737","137.519"
"6","DPi","Juan Pablo Montoya","2","1:38.898","4:07.860","Green","Track","9.690","13.426","0.604","14.926","10.674","8.937","0.521","13.529","10.671","9.790","2.152","3.978","130.945","155.732"
"86","GTD","Trent Hindman","2","1:40.434","4:08.211","Green","Track","3.681","13.140","0.574","14.631","10.991","11.075","0.833","16.233","11.764","10.542","2.432","4.538","137.789","97.403"
"48","GTD","Ryan Hardwick","2","1:39.542","4:10.329","Green","Track","3.810","13.739","0.586","15.019","11.315","10.031","0.585","14.887","11.126","11.467","2.456","4.521","134.967","138.695"
"85","DPi","Tristan Vautier","2","1:43.986","4:10.410","Green","Track","9.380","13.773","0.589","16.176","12.947","9.204","0.543","14.143","10.443","10.415","2.200","4.173","134.280","149.422"
"57","GTD","Christina Nielsen","2","1:37.212","4:12.578","Green","Track","3.811","14.280","0.579","14.645","11.118","10.058","0.579","13.895","10.662","10.665","2.440","4.480","136.599","140.132"
"84","DPi","Stephen Simpson","2","1:42.963","4:29.447","Green","Track","9.440","14.881","0.603","15.396","11.595","9.094","0.552","14.259","10.442","10.424","2.203","4.074","131.162","146.986"
"10","DPi","Jordan Taylor","2","2:14.915","4:43.139","Green","Track","46.286","13.871","0.542","14.734","10.600","8.967","0.525","13.239","10.138","9.891","2.133","3.989","145.924","154.545"
"31","DPi","Pipo Derani","3","1:37.014","4:43.999","Green","Pit","3.139","11.182","0.512","13.179","9.940","8.819","0.517","13.083","10.106","9.819","5.302","11.416","154.474","156.937"
"14","GTD","Richard Heistand","3","1:33.357","4:57.635","Green","Track","3.345","12.737","0.570","14.506","10.709","9.858","0.577","13.572","10.447","10.199","2.386","4.451","138.756","140.618"
"96","GTD","Bill Auberlen","3","1:33.461","4:59.873","Green","Track","3.467","12.695","0.561","14.346","10.958","9.809","0.566","13.517","10.434","10.334","2.387","4.387","140.982","143.350"
"77","DPi","Oliver Jarvis","3","1:26.259","5:01.843","Green","Track","3.125","11.144","0.503","13.094","10.022","8.628","0.509","13.760","10.104","9.371","2.097","3.902","157.238","159.403"
"74","GTD","Lawson Aschenbach","2","1:50.043","5:05.912","Green","Track","9.481","15.077","0.760","16.225","12.323","10.224","0.670","16.249","11.480","10.578","2.441","4.535","104.067","121.099"
"44","GTD","Andy Lally","2","1:57.674","5:09.960","Green","Track","9.907","16.420","0.684","19.768","12.506","10.657","0.712","16.233","11.623","11.913","2.577","4.674","115.630","113.956"
"50","DPi","Victor Franzoni","3","1:26.955","5:13.684","Green","Track","3.104","11.480","0.513","13.545","10.445","9.116","0.535","12.933","9.713","9.485","2.127","3.959","154.173","151.657"
"7","DPi","Ricky Taylor","3","1:24.752","5:16.550","Green","Track","2.980","11.163","0.508","12.913","9.863","8.802","0.514","12.534","9.800","9.633","2.109","3.933","155.691","157.853"
"12","GTD","Frank Montecalvo","3","1:35.229","5:18.705","Green","Track","3.404","12.905","0.584","14.269","10.831","9.977","0.586","14.125","10.595","10.956","2.468","4.529","135.430","138.458"
"55","DPi","Harry Tincknell","3","1:26.158","5:24.402","Green","Track","3.713","12.006","0.505","13.253","9.793","8.661","0.511","12.469","9.856","9.397","2.086","3.908","156.616","158.780"
"54","DPi","Jonathan Bennett","3","1:32.624","5:30.519","Green","Track","3.803","12.136","0.541","14.592","10.876","8.857","0.530","14.047","10.637","10.485","2.167","3.953","146.194","153.087"
"8","GTD","Parker Chase","3","1:36.016","5:34.364","Green","Track","4.075","13.317","0.580","14.412","10.744","10.029","0.588","13.971","10.685","10.592","2.461","4.562","136.364","137.987"
"6","DPi","Juan Pablo Montoya","3","1:27.193","5:35.053","Green","Track","3.222","11.424","0.510","13.663","10.157","8.758","0.538","12.981","9.881","9.876","2.192","3.991","155.080","150.811"
"63","GTD","Toni Vilander","3","1:35.097","5:35.698","Green","Track","3.551","13.256","0.578","14.431","10.823","9.922","0.579","13.849","10.500","10.680","2.441","4.487","136.835","140.132"
"73","GTD","Patrick Long","3","1:34.923","5:37.144","Green","Track","3.466","12.813","0.572","14.096","10.649","9.895","0.579","13.586","10.667","11.669","2.433","4.498","138.271","140.132"
"85","DPi","Tristan Vautier","3","1:27.472","5:37.882","Green","Track","3.394","11.967","0.521","13.359","10.298","8.903","0.522","12.978","9.703","9.668","2.163","3.996","151.806","155.434"
"76","GTD","Paul Holton","3","1:35.218","5:38.476","Green","Track","3.672","12.993","0.579","14.526","10.821","9.897","0.585","13.891","10.368","10.902","2.462","4.522","136.599","138.695"
"86","GTD","Trent Hindman","3","1:32.956","5:41.167","Green","Track","3.478","12.856","0.572","13.878","10.535","9.901","0.577","13.544","10.338","10.369","2.437","4.471","138.271","140.618"
"48","GTD","Ryan Hardwick","3","1:35.974","5:46.303","Green","Track","3.848","13.928","0.581","14.015","10.976","9.959","0.582","13.868","10.706","10.593","2.425","4.493","136.129","139.410"
"57","GTD","Christina Nielsen","3","1:34.492","5:47.070","Green","Track","3.665","13.453","0.575","14.045","10.895","9.890","0.576","13.816","10.389","10.324","2.417","4.447","137.549","140.862"
"84","DPi","Stephen Simpson","3","1:27.489","5:56.936","Green","Track","3.279","11.789","0.521","13.293","10.327","8.900","0.526","13.090","9.808","9.768","2.161","4.027","151.806","154.252"
"5","DPi","Filipe Albuquerque","3","2:40.066","6:01.375","Green","Pit","58.106","14.018","0.643","15.094","10.653","8.906","0.540","13.950","10.341","9.737","5.091","12.987","123.003","150.253"
"10","DPi","Jordan Taylor","3","1:25.333","6:08.472","Green","Track","3.169","11.389","0.512","13.384","10.030","8.787","0.518","12.650","9.561","9.293","2.098","3.942","154.474","156.634"
"77","DPi","Oliver Jarvis","4","1:26.624","6:28.467","Green","Track","3.123","11.024","0.505","13.868","10.870","8.677","0.509","12.638","9.631","9.727","2.134","3.918","156.616","159.403"
"14","GTD","Richard Heistand","4","1:31.423","6:29.058","Green","Track","3.261","12.598","0.565","13.646","10.460","9.834","0.575","13.315","10.229","10.116","2.384","4.440","139.984","141.107"
"96","GTD","Bill Auberlen","4","1:31.938","6:31.811","Green","Track","3.371","12.476","0.556","13.925","10.706","9.696","0.564","13.536","10.283","10.138","2.340","4.347","142.250","143.859"
"50","DPi","Victor Franzoni","4","1:25.427","6:39.111","Green","Track","3.000","11.362","0.511","13.238","9.726","8.824","0.515","12.602","9.747","9.589","2.146","4.167","154.777","157.546"
"7","DPi","Ricky Taylor","4","1:22.917","6:39.467","Green","Track","2.859","10.980","0.503","12.574","9.560","8.784","0.512","12.395","9.621","9.156","2.086","3.887","157.238","158.469"
"74","GTD","Lawson Aschenbach","3","1:36.905","6:42.817","Green","Track","3.558","12.982","0.583","14.208","10.699","9.934","0.587","14.001","11.404","11.823","2.519","4.607","135.662","138.222"
"55","DPi","Harry Tincknell","4","1:23.346","6:47.748","Green","Track","2.954","10.865","0.503","12.651","9.579","8.707","0.509","12.845","9.758","9.022","2.059","3.894","157.238","159.403"
"12","GTD","Frank Montecalvo","4","1:33.563","6:52.268","Green","Track","3.337","12.816","0.578","13.857","10.784","9.939","0.580","13.628","10.691","10.501","2.396","4.456","136.835","139.890"
"31","DPi","Felipe Nasr","4","2:13.839","6:57.838","Green","Track","43.605","14.988","0.607","15.179","10.706","8.971","0.530","13.341","9.970","9.759","2.170","4.013","130.298","153.087"
"6","DPi","Juan Pablo Montoya","4","1:26.333","7:01.386","Green","Track","3.148","11.708","0.511","13.169","9.975","8.741","0.535","12.893","10.287","9.353","2.096","3.917","154.777","151.657"
"85","DPi","Tristan Vautier","4","1:26.421","7:04.303","Green","Track","3.162","11.856","0.520","13.355","10.142","8.791","0.518","12.934","9.520","9.456","2.159","4.008","152.098","156.634"
"8","GTD","Parker Chase","4","1:33.717","7:08.081","Green","Track","3.457","12.744","0.582","13.983","10.467","9.937","0.585","14.040","10.441","10.504","2.439","4.538","135.895","138.695"
"63","GTD","Toni Vilander","4","1:34.176","7:09.874","Green","Track","3.354","12.822","0.571","14.152","11.179","9.914","0.577","13.652","10.535","10.554","2.409","4.457","138.513","140.618"
"73","GTD","Patrick Long","4","1:33.040","7:10.184","Green","Track","3.466","12.697","0.570","13.799","10.495","9.884","0.577","13.568","10.445","10.636","2.433","4.470","138.756","140.618"
"76","GTD","Paul Holton","4","1:33.780","7:12.256","Green","Track","3.570","12.958","0.577","14.270","10.599","9.754","0.578","13.491","10.430","10.675","2.405","4.473","137.073","140.374"
"86","GTD","Trent Hindman","4","1:31.963","7:13.130","Green","Track","3.384","12.713","0.569","13.777","10.462","9.876","0.575","13.431","10.232","10.145","2.381","4.418","139.000","141.107"
"48","GTD","Ryan Hardwick","4","1:33.644","7:19.947","Green","Track","3.425","12.776","0.571","13.698","10.556","9.876","0.579","14.085","10.579","10.560","2.439","4.500","138.513","140.132"
"44","GTD","Andy Lally","3","2:10.084","7:20.044","Green","Pit","3.823","14.190","0.962","17.209","11.631","10.110","0.593","14.971","11.427","12.175","6.002","26.991","82.215","136.824"
"57","GTD","Christina Nielsen","4","1:33.259","7:20.329","Green","Track","3.502","12.659","0.565","13.816","10.558","9.861","0.574","13.619","10.517","10.624","2.467","4.497","139.984","141.353"
"84","DPi","Stephen Simpson","4","1:24.825","7:21.761","Green","Track","3.105","11.346","0.517","12.771","9.820","8.861","0.525","12.721","9.630","9.362","2.155","4.012","152.980","154.545"
"10","DPi","Jordan Taylor","4","1:22.668","7:31.140","Green","Track","2.921","11.041","0.507","12.633","9.690","8.760","0.515","12.071","9.463","9.067","2.072","3.928","155.998","157.546"
"54","DPi","Jonathan Bennett","4","2:14.318","7:44.837","Green","Pit","3.536","11.977","0.506","14.310","10.930","8.706","0.512","13.925","11.323","11.547","7.153","39.893","156.306","158.469"
"5","DPi","Filipe Albuquerque","4","1:43.633","7:45.008","Green","Track","13.891","15.302","0.531","13.926","10.356","9.156","0.580","13.298","11.031","9.484","2.117","3.961","148.947","139.890"
"77","DPi","Oliver Jarvis","5","1:22.636","7:51.103","Green","Track","2.992","10.816","0.500","12.766","9.752","8.595","0.509","12.361","9.535","8.897","2.041","3.872","158.182","159.403"
"7","DPi","Ricky Taylor","5","1:21.850","8:01.317","Green","Track","2.795","10.847","0.502","12.321","9.381","8.688","0.508","12.093","9.521","9.226","2.069","3.899","157.552","159.717"
"96","GTD","Bill Auberlen","5","1:31.229","8:03.040","Green","Track","3.367","12.716","0.557","13.616","10.378","9.640","0.563","13.151","10.266","10.287","2.347","4.341","141.994","144.114"
"50","DPi","Victor Franzoni","5","1:24.519","8:03.630","Green","Track","3.630","11.371","0.507","12.992","9.579","8.719","0.512","12.358","9.490","9.302","2.124","3.935","155.998","158.469"
"14","GTD","Richard Heistand","5","1:40.816","8:09.874","Green","Pit","3.279","12.611","0.566","13.581","10.774","9.796","0.574","13.405","10.333","10.206","4.374","11.317","139.737","141.353"
"55","DPi","Harry Tincknell","5","1:22.526","8:10.274","Green","Track","2.856","10.758","0.501","12.529","9.704","8.820","0.514","12.258","9.516","9.058","2.093","3.919","157.866","157.853"
"74","GTD","Lawson Aschenbach","4","1:32.984","8:15.801","Green","Track","3.498","12.863","0.581","14.042","10.807","9.855","0.585","13.512","10.165","10.195","2.405","4.476","136.129","138.695"
"31","DPi","Felipe Nasr","5","1:26.325","8:24.163","Green","Track","2.944","11.386","0.515","13.212","10.001","8.854","0.517","12.959","9.669","10.092","2.176","4.000","153.575","156.937"
"12","GTD","Frank Montecalvo","5","1:32.395","8:24.663","Green","Track","3.271","12.823","0.576","13.879","10.560","9.794","0.578","13.295","10.296","10.445","2.412","4.466","137.311","140.374"
"85","DPi","Tristan Vautier","5","1:22.714","8:27.017","Green","Track","2.944","11.156","0.515","12.427","9.613","8.762","0.519","12.242","9.390","9.086","2.103","3.957","153.575","156.332"
"73","GTD","Patrick Long","5","1:32.404","8:42.588","Green","Track","3.459","12.770","0.568","14.172","10.505","9.849","0.579","13.228","10.207","10.174","2.411","4.482","139.245","140.132"
"63","GTD","Toni Vilander","5","1:34.099","8:43.973","Green","Track","3.387","12.972","0.573","14.829","10.749","9.829","0.573","13.570","10.372","10.385","2.404","4.456","138.030","141.599"
"76","GTD","Paul Holton","5","1:33.140","8:45.396","Green","Track","3.501","12.640","0.573","14.003","10.796","9.800","0.579","13.323","10.343","10.700","2.415","4.467","138.030","140.132"
"84","DPi","Stephen Simpson","5","1:25.688","8:47.449","Green","Track","3.202","11.565","0.519","13.345","10.136","8.840","0.522","12.574","9.525","9.344","2.129","3.987","152.391","155.434"
"48","GTD","Ryan Hardwick","5","1:33.599","8:53.546","Green","Track","3.348","12.586","0.570","13.739","11.417","9.891","0.580","13.680","10.475","10.382","2.432","4.499","138.756","139.890"
"10","DPi","Jordan Taylor","5","1:22.554","8:53.694","Green","Track","2.835","10.969","0.506","12.381","9.650","8.726","0.515","12.133","9.367","9.367","2.143","3.962","156.306","157.546"
"86","GTD","Trent Hindman","5","1:43.075","8:56.205","Green","Pit","3.259","12.611","0.568","13.945","10.681","9.833","0.572","13.517","10.310","10.587","5.250","11.942","139.245","141.847"
"6","DPi","Juan Pablo Montoya","5","1:57.761","8:59.147","Green","Pit","3.028","11.036","0.504","12.766","9.625","8.738","0.516","12.656","9.753","9.618","5.065","34.456","156.926","157.241"
"57","GTD","Christina Nielsen","5","1:44.006","9:04.335","Green","Pit","3.502","12.691","0.567","14.548","10.837","9.942","0.575","13.375","10.364","10.864","5.147","11.594","139.490","141.107"
"5","DPi","Filipe Albuquerque","5","1:23.360","9:08.368","Green","Track","2.938","11.126","0.511","12.784","9.581","8.735","0.519","12.359","9.587","9.168","2.098","3.954","154.777","156.332"
"77","DPi","Oliver Jarvis","6","1:22.586","9:13.689","Green","Track","2.932","10.755","0.500","12.749","9.744","8.613","0.510","12.378","9.571","8.922","2.049","3.863","158.182","159.091"
"44","GTD","Andy Lally","4","1:58.064","9:18.108","Green","Pit","9.633","15.576","0.626","15.505","11.344","10.101","0.589","14.513","11.042","11.851","5.760","11.524","126.343","137.753"
"54","DPi","Colin Braun","5","1:36.878","9:21.715","Green","Track","9.306","14.194","0.512","14.557","10.792","8.664","0.503","13.002","9.917","9.476","2.091","3.864","154.474","161.305"
"7","DPi","Ricky Taylor","6","1:22.730","9:24.047","Green","Track","2.746","10.828","0.523","12.772","9.488","8.736","0.558","12.492","9.576","9.032","2.065","3.914","151.225","145.406"
"8","GTD","Parker Chase","5","2:22.352","9:30.433","Green","Pit","3.492","12.763","0.579","13.766","10.495","9.972","0.589","13.469","10.315","10.616","5.397","50.899","136.599","137.753"
"55","DPi","Harry Tincknell","6","1:23.337","9:33.611","Green","Track","2.830","10.698","0.501","12.341","9.630","8.658","0.509","12.548","10.130","9.574","2.049","3.869","157.866","159.403"
"96","GTD","Bill Auberlen","6","1:32.486","9:35.526","Green","Track","3.343","12.403","0.559","13.976","10.503","9.811","0.575","13.519","10.398","10.586","2.377","4.436","141.486","141.107"
"74","GTD","Lawson Aschenbach","5","1:31.430","9:47.231","Green","Track","3.299","12.532","0.573","13.691","10.469","9.864","0.583","13.395","10.085","10.119","2.374","4.446","138.030","139.170"
"31","DPi","Felipe Nasr","6","1:23.334","9:47.497","Green","Track","2.886","11.109","0.510","12.678","9.695","8.778","0.518","12.464","9.480","9.188","2.097","3.931","155.080","156.634"
"12","GTD","Frank Montecalvo","6","1:44.886","10:09.549","Green","Pit","3.338","12.980","0.583","14.458","10.616","9.859","0.578","13.481","10.597","10.669","6.437","11.290","135.662","140.374"
"73","GTD","Patrick Long","6","1:31.153","10:13.741","Green","Track","3.350","12.517","0.570","13.683","10.216","9.860","0.580","13.187","10.173","10.144","2.402","4.471","138.756","139.890"
"50","DPi","Victor Franzoni","6","2:10.378","10:14.008","Green","Pit","3.042","11.885","0.517","13.437","9.661","8.759","0.514","12.514","9.554","9.695","5.617","45.183","152.980","157.853"
"84","DPi","Stephen Simpson","6","1:26.963","10:14.412","Green","Track","3.087","11.290","0.510","13.834","10.106","8.843","0.521","13.071","10.084","9.524","2.119","3.974","155.080","155.732"
"63","GTD","Toni Vilander","6","1:32.203","10:16.176","Green","Track","3.326","12.733","0.572","13.789","10.306","9.789","0.574","13.324","10.295","10.661","2.400","4.434","138.271","141.353"
"10","DPi","Jordan Taylor","6","1:23.641","10:17.335","Green","Track","3.065","10.983","0.528","12.615","9.839","8.736","0.514","12.345","9.455","9.484","2.097","3.980","149.793","157.853"
"5","DPi","Filipe Albuquerque","6","1:22.523","10:30.891","Green","Track","2.891","10.955","0.508","12.524","9.561","8.818","0.517","12.316","9.382","9.052","2.075","3.924","155.691","156.937"
"14","GTD","Richard Heistand","6","2:26.144","10:36.018","Green","Track","37.126","20.701","0.721","19.415","12.807","10.134","0.580","15.896","11.335","10.579","2.402","4.448","109.696","139.890"
"6","DPi","Dane Cameron","6","1:36.901","10:36.048","Green","Track","9.825","13.207","0.601","14.862","10.454","8.812","0.516","13.027","9.910","9.437","2.107","4.143","131.599","157.241"
"77","DPi","Oliver Jarvis","7","1:22.609","10:36.298","Green","Track","2.890","10.672","0.498","12.643","9.746","8.616","0.509","12.305","9.539","9.173","2.095","3.923","158.817","159.403"
"54","DPi","Colin Braun","6","1:23.438","10:45.153","Green","Track","2.946","11.084","0.497","12.732","9.838","8.613","0.503","12.477","9.672","9.171","2.066","3.839","159.137","161.305"
"85","DPi","Tristan Vautier","6","2:18.351","10:45.368","Green","Pit","2.953","11.121","0.513","12.817","9.571","8.776","0.520","12.608","9.542","9.616","4.917","55.397","154.173","156.031"
"55","DPi","Harry Tincknell","7","1:23.001","10:56.612","Green","Track","2.813","10.746","0.502","12.934","9.813","8.710","0.509","12.516","9.596","8.934","2.055","3.873","157.552","159.403"
"7","DPi","Ricky Taylor","7","1:34.405","10:58.452","Green","Pit","2.918","10.993","0.521","12.810","9.634","8.681","0.526","12.571","9.702","9.545","5.227","11.277","151.806","154.252"
"44","GTD","Andy Lally","5","1:44.140","11:02.248","Green","Track","9.433","14.489","0.584","14.827","10.706","10.025","0.584","14.878","10.795","10.870","2.440","4.509","135.430","138.932"
"86","GTD","Mario Farnbacher","6","2:07.107","11:03.312","Green","Track","35.337","13.840","0.572","14.534","11.121","10.003","0.580","13.468","10.417","10.397","2.392","4.446","138.271","139.890"
"96","GTD","Bill Auberlen","7","1:31.384","11:06.910","Green","Track","3.347","12.436","0.568","13.685","10.452","9.790","0.574","13.302","10.391","10.051","2.366","4.422","139.245","141.353"
"48","GTD","Ryan Hardwick","6","2:17.612","11:11.158","Green","Track","3.885","12.794","0.570","14.373","10.868","9.839","0.578","13.666","10.577","10.383","6.249","0.000","138.756","140.374"
"31","DPi","Felipe Nasr","7","1:26.377","11:13.874","Green","Track","3.261","11.865","0.517","13.026","10.641","8.817","0.518","12.514","9.657","9.515","2.104","3.942","152.980","156.634"
"57","GTD","Katherine Legge","6","2:11.791","11:16.126","Green","Track","36.973","15.179","0.578","14.973","10.762","9.885","0.575","13.725","11.054","11.229","2.412","4.446","136.835","141.107"
"8","GTD","Ryan Dalziel","6","1:49.108","11:19.541","Green","Track","9.981","16.607","0.825","17.332","11.516","10.050","0.587","13.772","10.679","10.780","2.444","4.535","95.868","138.222"
"74","GTD","Lawson Aschenbach","6","1:36.798","11:24.029","Green","Track","3.317","12.457","0.572","14.121","10.534","9.801","0.580","13.450","11.330","13.779","2.390","4.467","138.271","139.890"
"84","DPi","Stephen Simpson","7","1:24.487","11:38.899","Green","Track","3.254","11.743","0.519","12.545","9.888","8.851","0.523","12.410","9.400","9.123","2.106","4.125","152.391","155.136"
"10","DPi","Jordan Taylor","7","1:25.914","11:43.249","Green","Track","3.340","11.100","0.504","12.767","9.829","8.753","0.514","12.079","11.158","9.870","2.078","3.922","156.926","157.853"
"73","GTD","Patrick Long","7","1:31.775","11:45.516","Green","Track","3.466","12.604","0.572","13.734","10.274","9.907","0.579","13.148","10.278","10.341","2.403","4.469","138.271","140.132"
"63","GTD","Toni Vilander","7","1:31.596","11:47.772","Green","Track","3.343","12.629","0.571","13.746","10.337","9.790","0.575","13.245","10.314","10.198","2.404","4.444","138.513","141.107"
"5","DPi","Filipe Albuquerque","7","1:23.210","11:54.101","Green","Track","2.872","10.886","0.507","12.620","10.160","8.786","0.517","12.306","9.440","9.105","2.082","3.929","155.998","156.937"
"6","DPi","Dane Cameron","7","1:24.414","12:00.462","Green","Track","3.227","11.272","0.506","13.001","9.774","8.703","0.511","12.345","9.613","9.352","2.103","4.007","156.306","158.780"
"50","DPi","Will Owen","7","1:46.466","12:00.474","Green","Track","9.611","15.651","0.733","16.765","12.034","9.214","0.633","14.532","10.682","10.279","2.175","4.157","107.900","128.178"
"77","DPi","Oliver Jarvis","8","1:31.196","12:07.494","Green","Track","3.737","12.007","0.568","14.496","10.698","8.854","0.592","14.138","10.989","9.171","2.068","3.878","139.245","137.055"
"14","GTD","Jack Hawksworth","7","1:37.684","12:13.702","Green","Track","3.628","12.784","0.568","15.023","10.699","9.832","0.576","13.827","12.014","11.898","2.391","4.444","139.245","140.862"
"55","DPi","Harry Tincknell","8","1:23.443","12:20.055","Green","Track","2.760","10.991","0.508","12.342","9.802","8.682","0.512","12.124","9.411","10.132","2.194","3.985","155.691","158.469"
"12","GTD","Townsend Bell","7","2:11.175","12:20.724","Green","Track","37.463","14.802","0.591","14.926","11.013","9.904","0.582","13.724","10.612","10.614","2.446","4.498","133.826","139.410"
"85","DPi","Misha Goikhberg","7","1:40.992","12:26.360","Green","Track","10.052","15.651","0.566","14.958","11.001","8.820","0.520","13.159","10.197","9.920","2.149","3.999","139.737","156.031"
"76","GTD","Paul Holton","6","3:47.941","12:33.337","Green","Pit","3.410","12.706","0.579","13.968","11.083","9.860","0.581","13.547","10.461","10.981","6.212","134.553","136.599","139.650"
"44","GTD","Andy Lally","6","1:32.495","12:34.743","Green","Track","3.378","12.648","0.575","13.870","10.602","9.888","0.581","13.365","10.295","10.410","2.408","4.475","137.549","139.650"
"86","GTD","Mario Farnbacher","7","1:31.674","12:34.986","Green","Track","3.287","12.572","0.564","13.527","10.512","9.781","0.572","13.436","10.360","10.263","2.390","4.410","140.232","141.847"
"31","DPi","Felipe Nasr","8","1:22.436","12:36.310","Green","Track","2.783","11.033","0.510","12.552","9.548","8.760","0.513","12.191","9.479","9.047","2.091","3.929","155.080","158.161"
"96","GTD","Bill Auberlen","8","1:31.537","12:38.447","Green","Track","3.342","12.446","0.566","13.537","10.503","9.885","0.575","13.361","10.290","10.203","2.387","4.442","139.737","141.107"
"57","GTD","Katherine Legge","7","1:31.044","12:47.170","Green","Track","3.310","12.609","0.566","13.697","10.222","9.829","0.574","13.169","10.153","10.135","2.367","4.413","139.737","141.353"
"48","GTD","Bryan Sellers","7","1:40.978","12:52.136","Green","Track","9.678","14.315","0.581","14.143","10.905","9.832","0.578","13.365","10.360","10.376","2.395","4.450","136.129","140.374"
"8","GTD","Ryan Dalziel","7","1:33.276","12:52.817","Green","Track","3.651","12.707","0.577","14.183","10.790","9.887","0.582","13.468","10.301","10.269","2.392","4.469","137.073","139.410"
"74","GTD","Lawson Aschenbach","7","1:31.237","12:55.266","Green","Track","3.326","12.488","0.572","13.728","10.459","9.814","0.581","13.264","10.126","10.049","2.376","4.454","138.271","139.650"
"10","DPi","Jordan Taylor","8","1:23.920","13:07.169","Green","Track","3.395","12.286","0.513","12.587","9.480","8.677","0.514","11.933","9.390","9.122","2.092","3.931","154.173","157.853"
"54","DPi","Colin Braun","7","2:27.517","13:12.670","Green","Pit","2.808","11.030","0.497","12.734","9.688","8.602","0.501","12.516","10.145","9.457","5.623","63.916","159.137","161.949"
"5","DPi","Filipe Albuquerque","8","1:22.066","13:16.167","Green","Track","2.877","10.849","0.506","12.467","9.697","8.759","0.519","12.142","9.347","8.910","2.071","3.922","156.306","156.332"
"63","GTD","Toni Vilander","8","1:33.685","13:21.457","Green","Track","3.315","13.196","0.576","13.712","10.300","9.954","0.721","14.071","10.704","10.302","2.389","4.445","137.311","112.533"
"6","DPi","Dane Cameron","8","1:23.196","13:23.658","Green","Track","3.093","11.002","0.502","13.400","9.499","8.676","0.511","12.179","9.421","8.957","2.068","3.888","157.552","158.780"
"50","DPi","Will Owen","8","1:29.006","13:29.480","Green","Track","3.502","12.095","0.520","14.334","10.339","8.828","0.528","13.247","9.980","9.562","2.114","3.957","152.098","153.667"
"73","GTD","Patrick Long","8","1:48.696","13:34.212","Green","Pit","3.557","15.052","0.726","14.748","10.638","9.903","0.600","14.159","10.964","11.205","5.501","11.643","108.941","135.227"
"77","DPi","Oliver Jarvis","9","1:28.514","13:36.008","Green","Track","2.934","10.892","0.502","12.847","10.355","8.807","0.610","15.013","10.902","9.673","2.077","3.902","157.552","133.010"
"55","DPi","Harry Tincknell","9","1:23.642","13:43.697","Green","Track","2.807","10.676","0.500","12.217","9.479","8.662","0.510","13.183","10.451","9.230","2.051","3.876","158.182","159.091"
"14","GTD","Jack Hawksworth","8","1:32.034","13:45.736","Green","Track","3.246","12.827","0.574","13.494","10.269","9.803","0.576","13.282","10.496","10.681","2.368","4.418","137.789","140.862"
"12","GTD","Townsend Bell","8","1:32.813","13:53.537","Green","Track","3.390","12.763","0.574","14.197","10.559","9.881","0.581","13.306","10.361","10.328","2.403","4.470","137.789","139.650"
"85","DPi","Misha Goikhberg","8","1:27.539","13:53.899","Green","Track","3.314","11.621","0.518","13.221","10.054","8.741","0.515","13.437","10.028","9.722","2.152","4.216","152.685","157.546"
"31","DPi","Felipe Nasr","9","1:22.830","13:59.140","Green","Track","2.810","11.449","0.515","12.426","9.409","8.733","0.517","12.367","9.413","9.166","2.092","3.933","153.575","156.937"
"44","GTD","Andy Lally","7","1:32.316","14:07.059","Green","Track","3.386","12.635","0.576","13.962","10.423","9.883","0.581","13.188","10.359","10.418","2.409","4.496","137.311","139.650"
"86","GTD","Mario Farnbacher","8","1:38.003","14:12.989","Green","Track","3.458","12.539","0.561","14.019","10.587","13.103","1.020","15.254","10.489","10.181","2.361","4.431","140.982","79.545"
"7","DPi","Helio Castroneves","8","3:14.773","14:13.225","Green","Track","108.556","13.874","0.518","13.923","10.014","8.782","0.512","12.844","10.196","9.568","2.089","3.897","152.685","158.469"
"76","GTD","Paul Holton","7","1:41.903","14:15.240","Green","Track","9.693","14.675","0.584","14.377","10.551","9.775","0.583","13.440","10.635","10.676","2.417","4.497","135.430","139.170"
"57","GTD","Katherine Legge","8","1:31.138","14:18.308","Green","Track","3.310","12.555","0.566","13.505","10.327","9.802","0.574","13.259","10.243","10.163","2.400","4.434","139.737","141.353"
"48","GTD","Bryan Sellers","8","1:31.518","14:23.654","Green","Track","3.426","12.656","0.570","13.340","10.519","9.808","0.576","13.164","10.426","10.197","2.393","4.443","138.756","140.862"
"8","GTD","Ryan Dalziel","8","1:31.820","14:24.637","Green","Track","3.450","12.544","0.576","13.736","10.413","9.851","0.581","13.153","10.473","10.168","2.395","4.480","137.311","139.650"
"10","DPi","Jordan Taylor","9","1:23.819","14:30.988","Green","Track","2.842","10.942","0.505","12.322","9.638","8.705","0.513","12.753","10.445","9.149","2.079","3.926","156.616","158.161"
"74","GTD","Lawson Aschenbach","8","1:40.088","14:35.354","Green","Track","3.321","12.727","0.640","17.401","12.136","10.831","0.790","14.246","11.051","10.097","2.383","4.465","123.580","102.704"
"5","DPi","Filipe Albuquerque","9","1:22.186","14:38.353","Green","Track","2.854","10.810","0.507","12.408","9.423","8.701","0.516","12.210","9.860","8.929","2.062","3.906","155.998","157.241"
"54","DPi","Colin Braun","8","1:31.643","14:44.313","Green","Track","9.298","12.581","0.502","13.222","9.762","8.633","0.502","12.411","9.682","9.145","2.064","3.841","157.552","161.626"
"6","DPi","Dane Cameron","9","1:21.597","14:45.255","Green","Track","2.895","10.666","0.500","12.550","9.431","8.676","0.511","12.084","9.574","8.805","2.045","3.860","158.182","158.780"
"63","GTD","Toni Vilander","9","1:31.559","14:53.016","Red","Track","3.251","12.724","0.572","13.716","10.259","9.773","0.576","13.136","10.390","10.317","2.398","4.447","138.271","140.862"
"50","DPi","Will Owen","9","1:40.047","15:09.527","Red","Pit","3.068","11.317","0.512","13.341","9.813","8.772","0.519","13.667","11.058","9.527","5.566","12.887","154.474","156.332"
"77","DPi","Oliver Jarvis","10","1:42.537","15:18.545","Red","Pit","2.981","10.784","0.502","12.643","9.596","8.580","0.508","12.302","9.915","14.270","8.982","11.474","157.552","159.717"
"14","GTD","Jack Hawksworth","9","1:44.342","15:30.078","Red","Pit","3.302","12.619","0.568","13.452","10.168","9.758","0.575","13.176","11.429","11.500","6.492","11.303","139.245","141.107"
"85","DPi","Misha Goikhberg","9","1:41.103","15:35.002","Red","Pit","3.596","11.738","0.519","13.212","9.909","8.721","0.520","13.001","11.240","10.614","6.819","11.214","152.391","156.031"
"31","DPi","Felipe Nasr","10","1:40.077","15:39.217","Red","Pit","2.774","11.076","0.510","12.481","9.496","8.723","0.514","12.855","11.345","11.134","7.352","11.817","155.080","157.853"
"12","GTD","Townsend Bell","9","1:47.644","15:41.181","Red","Pit","3.318","12.598","0.572","14.122","10.337","9.879","0.580","13.513","11.809","11.767","7.223","11.926","138.271","139.890"
"7","DPi","Helio Castroneves","9","1:43.362","15:56.587","Red","Pit","3.460","11.721","0.511","12.728","9.671","8.689","0.513","13.547","13.140","11.308","6.293","11.781","154.777","158.161"
"86","GTD","Mario Farnbacher","9","1:44.972","15:57.961","Red","Pit","3.327","12.405","0.563","13.442","10.315","9.769","0.574","13.792","11.471","11.333","6.404","11.577","140.481","141.353"
"57","GTD","Katherine Legge","9","1:55.207","16:13.515","Red","Pit","3.352","12.544","0.569","13.502","10.259","9.934","0.649","15.508","12.872","13.745","8.674","13.599","139.000","125.018"
"10","DPi","Jordan Taylor","10","1:44.517","16:15.505","Red","Pit","2.861","10.819","0.502","12.340","9.522","8.797","0.592","13.615","11.752","16.304","6.206","11.207","157.552","137.055"
"73","GTD","Zacharie Robichon","9","2:47.771","16:21.983","Red","Pit","61.806","16.400","0.602","15.050","10.843","9.847","0.579","13.562","11.298","10.217","5.957","11.610","131.380","140.132"
"5","DPi","Filipe Albuquerque","10","1:46.111","16:24.464","Red","Pit","2.850","11.787","0.858","17.093","11.446","9.667","0.626","13.918","10.882","10.516","4.978","11.490","92.181","129.611"
"54","DPi","Colin Braun","9","1:42.562","16:26.875","Red","Pit","2.834","10.909","0.495","13.366","11.041","9.495","0.626","14.804","11.216","10.080","5.644","12.052","159.780","129.611"
"6","DPi","Dane Cameron","10","1:44.105","16:29.360","Red","Pit","2.851","11.234","0.597","14.089","10.343","9.261","0.675","15.125","11.940","10.936","5.735","11.319","132.481","120.202"
"44","GTD","Andy Lally","8","3:39.777","17:46.836","Green","Pit","3.346","12.656","0.575","13.877","10.513","9.877","0.581","14.992","12.910","11.266","5.515","123.669","137.549","139.650"
"76","GTD","Paul Holton","8","3:38.221","17:53.461","Green","Pit","3.496","12.446","0.574","13.802","10.531","9.913","0.578","13.510","10.567","11.008","6.998","124.798","137.789","140.374"
"63","GTD","Toni Vilander","10","3:01.631","17:54.647","Green","Pit","3.262","13.058","0.576","13.800","10.529","9.826","0.584","14.357","11.039","10.857","6.287","87.456","137.311","138.932"
"48","GTD","Bryan Sellers","9","3:37.783","18:01.437","Green","Pit","3.383","12.538","0.570","13.340","10.291","9.765","0.577","13.189","12.170","12.652","9.116","120.192","138.756","140.618"
"74","GTD","Lawson Aschenbach","9","3:28.433","18:03.787","Green","Pit","3.332","12.869","0.577","14.204","10.436","9.797","0.581","13.958","11.837","10.355","5.542","114.945","137.073","139.650"
"84","DPi","Stephen Simpson","8","6:31.936","18:10.835","Green","Pit","5.749","25.626","0.988","21.015","12.292","10.915","0.686","17.231","191.701","15.676","6.902","83.155","80.052","118.275"
"55","DPi","Harry Tincknell","10","4:42.416","18:26.113","Green","Pit","2.770","10.682","0.502","12.245","9.387","8.690","0.511","12.061","9.593","10.804","8.447","196.724","157.552","158.780"
"50","DPi","Will Owen","10","3:37.334","18:46.861","Green","Track","132.725","13.322","0.520","13.490","9.881","8.783","0.519","13.006","9.680","9.335","2.121","3.952","152.098","156.332"
"77","DPi","Oliver Jarvis","11","3:34.536","18:53.081","Green","Track","124.627","12.692","0.506","13.859","13.795","8.837","0.521","13.527","10.938","9.300","2.059","3.875","156.306","155.732"
"31","DPi","Felipe Nasr","11","3:18.354","18:57.571","Green","Track","108.474","12.462","0.520","14.442","10.078","8.799","0.517","13.137","12.718","11.189","2.090","3.928","152.098","156.937"
"14","GTD","Jack Hawksworth","10","3:30.394","19:00.472","Green","Track","115.093","13.805","0.570","15.383","11.323","10.002","0.581","13.838","12.391","10.602","2.375","4.431","138.756","139.650"
"54","DPi","Colin Braun","10","2:34.501","19:01.376","Green","Track","69.352","12.266","0.554","14.560","10.207","8.677","0.501","12.593","9.684","10.121","2.116","3.870","142.763","161.949"
"12","GTD","Townsend Bell","10","3:21.094","19:02.275","Green","Track","109.054","13.928","0.581","14.201","10.642","9.893","0.580","13.283","11.334","10.657","2.439","4.502","136.129","139.890"
"6","DPi","Dane Cameron","11","2:32.969","19:02.329","Green","Track","68.166","12.308","0.505","14.016","10.131","8.708","0.512","12.774","9.658","9.670","2.143","4.378","156.616","158.469"
"86","GTD","Mario Farnbacher","10","3:08.220","19:06.181","Green","Track","96.927","13.523","0.565","14.043","10.360","9.792","0.574","13.569","10.784","11.293","2.371","4.419","139.984","141.353"
"7","DPi","Helio Castroneves","10","3:20.027","19:16.614","Green","Track","116.277","12.662","0.517","13.524","9.894","8.759","0.512","12.660","9.922","9.321","2.078","3.901","152.980","158.469"
"73","GTD","Zacharie Robichon","10","2:56.593","19:18.576","Green","Track","85.602","14.422","0.580","13.951","10.507","9.934","0.582","13.293","10.425","10.410","2.405","4.482","136.364","139.410"
"96","GTD","Bill Auberlen","9","6:42.987","19:21.434","Green","Pit","3.445","12.529","0.560","13.624","10.689","9.664","0.563","13.570","10.655","11.247","6.089","310.352","141.234","144.114"
"44","GTD","Andy Lally","9","1:42.595","19:29.431","Green","Track","9.539","14.443","0.590","15.384","10.782","9.925","0.583","13.485","10.337","10.554","2.456","4.517","134.052","139.170"
"76","GTD","Matt Plumb","9","1:41.066","19:34.527","Green","Track","9.698","13.989","0.606","14.934","10.389","9.734","0.581","13.448","10.306","10.528","2.391","4.462","130.513","139.650"
"85","DPi","Misha Goikhberg","10","4:03.372","19:38.374","Green","Track","111.026","13.096","0.520","56.483","11.586","8.970","0.520","13.784","10.416","10.686","2.215","4.070","152.098","156.031"
"63","GTD","Toni Vilander","11","1:45.159","19:39.806","Green","Track","9.527","14.268","0.593","14.571","10.404","9.796","0.575","13.480","13.745","11.387","2.393","4.420","133.374","141.107"
"48","GTD","Bryan Sellers","10","1:40.211","19:41.648","Green","Track","9.671","14.015","0.580","13.868","10.413","9.830","0.580","13.245","10.277","10.891","2.397","4.444","136.364","139.890"
"74","GTD","Lawson Aschenbach","10","1:42.679","19:46.466","Green","Track","9.449","13.700","0.590","14.498","10.579","9.874","0.584","13.671","11.472","11.409","2.387","4.466","134.052","138.932"
"10","DPi","Jordan Taylor","11","3:36.670","19:52.175","Green","Track","134.862","12.664","0.511","12.945","9.689","8.747","0.515","12.208","9.389","9.148","2.080","3.912","154.777","157.546"
"55","DPi","Harry Tincknell","11","1:31.684","19:57.797","Green","Track","9.357","12.259","0.507","13.251","10.011","8.686","0.510","12.430","9.598","9.124","2.072","3.879","155.998","159.091"
"50","DPi","Will Owen","11","1:24.169","20:11.030","Finish","Track","3.026","11.254","0.513","12.842","9.709","8.786","0.520","12.551","9.733","9.190","2.099","3.946","154.173","156.031"
"77","DPi","Oliver Jarvis","12","1:21.625","20:14.706","Finish","Track","2.977","10.742","0.502","12.541","9.504","8.608","0.508","12.119","9.398","8.822","2.040","3.864","157.552","159.717"
"31","DPi","Felipe Nasr","12","1:21.885","20:19.456","Finish","Track","2.768","10.906","0.510","12.581","9.387","8.777","0.517","12.084","9.283","9.064","2.086","3.922","155.080","156.937"
"54","DPi","Colin Braun","11","1:22.871","20:24.247","Finish","Track","2.895","11.520","0.502","12.604","9.629","8.554","0.501","12.298","9.474","9.002","2.053","3.839","157.552","161.949"
"6","DPi","Dane Cameron","12","1:24.352","20:26.681","Finish","Track","3.240","11.175","0.510","13.369","9.697","8.693","0.551","12.498","9.524","9.076","2.091","3.928","155.080","147.253"
"14","GTD","Jack Hawksworth","11","1:32.064","20:32.536","Finish","Track","3.309","12.650","0.570","14.434","10.402","9.954","0.577","13.272","10.276","9.864","2.352","4.404","138.756","140.618"
"12","GTD","Townsend Bell","11","1:32.054","20:34.329","Finish","Track","3.590","12.790","0.575","13.748","10.392","9.801","0.577","13.300","10.246","10.164","2.412","4.459","137.549","140.618"
"86","GTD","Mario Farnbacher","11","1:30.375","20:36.556","Finish","Track","3.287","12.415","0.563","13.445","10.300","9.781","0.573","13.103","10.168","10.004","2.350","4.386","140.481","141.599"
"7","DPi","Helio Castroneves","11","1:21.590","20:38.204","Finish","Track","3.000","10.851","0.503","12.378","9.436","8.659","0.510","12.023","9.447","8.856","2.060","3.867","157.238","159.091"
"73","GTD","Zacharie Robichon","11","1:31.132","20:49.708","Finish","Track","3.327","12.695","0.575","13.666","10.331","9.810","0.580","13.148","10.173","9.981","2.377","4.469","137.549","139.890"
"44","GTD","Andy Lally","10","1:31.853","21:01.284","Finish","Track","3.415","12.686","0.576","13.908","10.357","9.864","0.580","13.108","10.124","10.374","2.400","4.461","137.311","139.890"
"76","GTD","Matt Plumb","10","1:31.484","21:06.011","Finish","Track","3.411","12.431","0.572","13.558","10.262","9.801","0.579","13.241","10.252","10.478","2.410","4.489","138.271","140.132"
"85","DPi","Misha Goikhberg","11","1:28.533","21:06.907","Finish","Track","3.416","11.833","0.520","13.692","9.873","8.758","0.518","13.230","10.261","10.105","2.169","4.158","152.098","156.634"
"63","GTD","Toni Vilander","12","1:30.937","21:10.743","Finish","Track","3.221","12.660","0.571","13.624","10.220","9.757","0.574","13.143","10.133","10.212","2.387","4.435","138.513","141.353"
"48","GTD","Bryan Sellers","11","1:30.531","21:12.179","Finish","Track","3.318","12.731","0.570","13.326","10.253","9.771","0.575","12.889","10.134","10.151","2.386","4.427","138.756","141.107"
"10","DPi","Jordan Taylor","12","1:23.926","21:16.101","Finish","Track","2.898","10.901","0.504","12.417","9.665","8.698","0.515","13.080","9.894","9.328","2.095","3.931","156.926","157.546"
"74","GTD","Lawson Aschenbach","11","1:31.370","21:17.836","Finish","Track","3.330","12.562","0.571","13.612","10.323","9.794","0.579","13.271","10.123","10.339","2.403","4.463","138.513","140.132"
"55","DPi","Harry Tincknell","12","1:20.957","21:18.754","Finish","Track","2.798","10.755","0.505","12.360","9.283","8.671","0.509","12.041","9.294","8.826","2.057","3.858","156.616","159.403"
