"Car","Class","Driver","Lap","Lap Time","Session Time","Flag","Location","S01","S02","S03","S04","S05","S06","S07","S08","S09","S10","S11","S12","SPS"
"31","DPi","Pipo Derani","1","1:31.330","1:31.330","Green","Track","0.000","0.000","0.000","0.000","13.074","8.329","6.629","4.291","12.493","18.136","1.618","4.993","0.000"
"10","DPi","Renger Van Der Zande","1","1:34.936","1:34.936","Green","Track","0.000","0.000","0.000","0.000","12.969","8.282","7.012","4.468","12.785","17.954","1.607","4.990","0.000"
"84","DPi","Simon Trummer","1","1:36.093","1:36.093","Green","Track","0.000","0.000","0.000","0.000","13.130","8.410","6.887","4.353","12.455","18.488","1.576","5.044","0.000"
"911","GTLM","Patrick Pilet","1","1:37.966","1:37.966","Green","Track","0.000","0.000","0.000","0.000","13.428","8.628","6.685","4.416","12.691","18.467","1.703","5.405","0.000"
"77","DPi","Tristan Nunez","1","1:40.773","1:40.773","Green","Track","0.000","0.000","0.000","0.000","13.836","8.400","6.443","4.584","11.902","18.889","1.671","4.963","0.000"
"912","GTLM","Laurens Vanthoor","1","1:42.631","1:42.631","Green","Track","0.000","0.000","0.000","0.000","12.337","8.292","6.605","4.534","12.619","17.216","1.682","5.389","0.000"
"5","DPi","Filipe Albuquerque","1","1:43.219","1:43.219","Green","Track","0.000","0.000","0.000","0.000","12.214","8.002","6.639","4.451","12.157","17.320","1.627","4.998","0.000"
"25","GTLM","Connor De Phillippi","1","1:50.233","1:50.233","Green","Track","0.000","0.000","0.000","0.000","12.870","8.611","6.517","4.595","12.970","19.859","1.718","5.435","0.000"
"7","DPi","Helio Castroneves","1","1:51.374","1:51.374","Green","Pit","0.000","0.000","0.000","0.000","13.669","8.450","6.984","4.686","12.379","18.696","3.730","14.856","0.000"
"3","GTLM","Antonio Garcia","1","1:51.879","1:51.879","Green","Track","0.000","0.000","0.000","0.000","13.105","8.822","6.369","4.635","12.821","18.116","1.753","5.431","0.000"
"6","DPi","Dane Cameron","1","1:52.081","1:52.081","Green","Pit","0.000","0.000","0.000","0.000","13.879","8.221","7.009","4.951","12.019","18.707","3.889","14.825","0.000"
"4","GTLM","Oliver Gavin","1","1:54.836","1:54.836","Green","Track","0.000","0.000","0.000","0.000","13.211","8.918","6.539","4.615","12.617","19.034","1.762","5.443","0.000"
"67","GTLM","Richard Westbrook","1","1:58.167","1:58.167","Green","Track","0.000","0.000","0.000","0.000","13.142","8.830","6.534","4.889","12.877","18.215","1.733","5.496","0.000"
"55","DPi","Jonathan Bomarito","1","2:09.546","2:09.546","Green","Track","0.000","0.000","0.000","0.000","13.272","8.416","6.933","4.399","11.868","17.350","1.629","4.869","0.000"
"54","DPi","Colin Braun","1","2:25.469","2:25.469","Green","Track","0.000","0.000","0.000","0.000","13.727","8.814","6.580","4.581","11.890","17.920","1.643","4.938","0.000"
"66","GTLM","Dirk Mueller","1","2:42.862","2:42.862","Green","Track","0.000","0.000","0.000","0.000","12.737","8.635","6.238","4.584","12.420","17.685","1.739","5.489","0.000"
"31","DPi","Pipo Derani","2","1:16.198","2:47.528","Green","Track","0.587","6.563","3.092","4.214","11.201","7.438","5.751","3.960","11.045","15.847","1.563","4.937","140.545"
"10","DPi","Renger Van Der Zande","2","1:18.027","2:52.963","Green","Track","0.586","6.555","3.188","4.274","11.396","7.680","5.897","4.178","11.546","16.197","1.579","4.951","140.785"
"84","DPi","Simon Trummer","2","1:18.532","2:54.625","Green","Track","0.604","6.676","3.236","4.273","11.350","7.621","5.910","4.190","11.781","16.391","1.557","4.943","136.589"
"85","DPi","Tristan Vautier","1","2:54.644","2:54.644","Green","Pit","0.000","0.000","0.000","0.000","13.073","10.162","9.330","5.596","13.396","19.757","4.410","15.004","0.000"
"77","DPi","Tristan Nunez","2","1:17.766","2:58.539","Green","Track","0.573","6.407","3.148","4.355","11.530","7.557","6.002","4.214","11.718","15.835","1.589","4.838","143.979"
"911","GTLM","Patrick Pilet","2","1:22.974","3:00.940","Green","Track","0.634","7.042","3.336","4.566","11.764","8.174","6.449","4.352","12.402","17.211","1.673","5.371","130.126"
"5","DPi","Filipe Albuquerque","2","1:17.872","3:01.091","Green","Track","0.586","6.500","2.989","4.266","11.098","7.518","5.796","4.203","11.403","16.977","1.584","4.952","140.785"
"912","GTLM","Laurens Vanthoor","2","1:20.610","3:03.241","Green","Track","0.632","7.013","3.373","4.487","11.465","7.895","5.974","4.333","12.078","16.341","1.661","5.358","130.538"
"25","GTLM","Connor De Phillippi","2","1:20.993","3:11.226","Green","Track","0.632","7.009","3.091","4.315","11.464","7.935","5.908","4.364","11.958","17.172","1.717","5.428","130.538"
"3","GTLM","Antonio Garcia","2","1:20.826","3:12.705","Green","Track","0.630","7.032","3.278","4.484","11.541","8.138","5.865","4.318","11.994","16.457","1.713","5.376","130.952"
"4","GTLM","Oliver Gavin","2","1:20.271","3:15.107","Green","Track","0.631","7.016","3.158","4.441","11.621","7.992","5.912","4.373","11.859","16.209","1.699","5.360","130.745"
"67","GTLM","Richard Westbrook","2","1:20.965","3:19.132","Green","Track","0.641","7.107","3.261","4.429","11.464","8.087","5.870","4.432","12.014","16.466","1.727","5.467","128.705"
"55","DPi","Jonathan Bomarito","2","1:15.729","3:25.275","Green","Track","0.562","6.357","3.149","4.318","11.132","7.436","5.642","3.977","10.974","15.759","1.603","4.820","146.797"
"54","DPi","Colin Braun","2","1:16.222","3:41.691","Green","Track","0.569","6.340","3.151","4.403","11.040","7.528","5.599","4.075","11.064","16.000","1.582","4.871","144.991"
"31","DPi","Pipo Derani","3","1:14.367","4:01.895","Green","Track","0.581","6.496","2.838","3.999","10.753","7.397","5.515","3.951","10.973","15.383","1.561","4.920","141.997"
"66","GTLM","Dirk Mueller","2","1:21.170","4:04.032","Green","Track","0.640","7.123","3.113","4.358","11.561","8.118","5.877","4.357","12.144","16.725","1.709","5.445","128.906"
"10","DPi","Renger Van Der Zande","3","1:15.144","4:08.107","Green","Track","0.583","6.510","2.953","4.217","10.676","7.326","5.636","4.012","11.175","15.427","1.644","4.985","141.509"
"6","DPi","Dane Cameron","2","2:16.827","4:08.908","Green","Pit","0.000","0.000","0.000","0.000","12.010","7.757","6.058","4.208","11.172","16.226","3.302","14.857","0.000"
"84","DPi","Simon Trummer","3","1:14.803","4:09.428","Green","Track","0.582","6.532","2.948","4.057","10.839","7.322","5.557","4.023","11.033","15.438","1.549","4.923","141.753"
"7","DPi","Ricky Taylor","2","2:20.714","4:12.088","Green","Track","0.000","0.000","0.000","0.000","14.389","8.283","6.342","4.342","14.045","18.397","1.673","5.231","0.000"
"77","DPi","Tristan Nunez","3","1:13.741","4:12.280","Green","Track","0.564","6.349","2.761","4.128","10.697","7.164","5.514","3.940","10.863","15.332","1.598","4.831","146.277"
"5","DPi","Filipe Albuquerque","3","1:15.547","4:16.638","Green","Track","0.580","6.546","2.797","3.992","10.520","7.404","5.525","4.018","10.916","16.706","1.587","4.956","142.241"
"911","GTLM","Patrick Pilet","3","1:20.974","4:21.914","Green","Track","0.630","7.006","3.300","4.505","11.452","7.984","5.956","4.296","12.010","16.818","1.660","5.357","130.952"
"912","GTLM","Laurens Vanthoor","3","1:19.138","4:22.379","Green","Track","0.629","6.967","3.108","4.129","10.987","7.797","5.812","4.336","11.978","16.377","1.668","5.350","131.161"
"25","GTLM","Connor De Phillippi","3","1:17.897","4:29.123","Green","Track","0.631","6.994","2.898","4.059","10.981","7.720","5.690","4.332","11.686","15.771","1.710","5.425","130.745"
"4","GTLM","Oliver Gavin","3","1:18.025","4:33.132","Green","Track","0.624","6.949","2.973","4.241","10.949","7.774","5.629","4.301","11.596","15.981","1.679","5.329","132.212"
"3","GTLM","Antonio Garcia","3","1:24.747","4:37.452","Green","Track","0.626","6.983","3.040","4.252","11.132","7.835","5.711","4.269","11.744","22.039","1.728","5.388","131.789"
"67","GTLM","Richard Westbrook","3","1:19.471","4:38.603","Green","Track","0.637","7.066","3.083","4.220","11.099","7.905","5.761","4.345","11.860","16.351","1.712","5.432","129.513"
"55","DPi","Jonathan Bomarito","3","1:13.567","4:38.842","Green","Track","0.561","6.307","2.797","4.069","10.657","7.329","5.398","3.930","10.862","15.192","1.632","4.833","147.059"
"54","DPi","Colin Braun","3","1:14.630","4:56.321","Green","Track","0.565","6.308","2.727","4.070","10.777","7.396","5.453","3.946","10.978","15.962","1.575","4.873","146.018"
"24","GTLM","Jesse Krohn","1","4:58.767","4:58.767","Green","Track","0.000","0.000","0.000","0.000","12.440","8.235","6.414","4.724","12.265","18.360","1.712","5.395","0.000"
"31","DPi","Pipo Derani","4","1:13.274","5:15.169","Green","Track","0.581","6.498","2.721","3.826","10.361","7.291","5.569","3.976","10.792","15.143","1.581","4.935","141.997"
"10","DPi","Renger Van Der Zande","4","1:14.317","5:22.424","Green","Track","0.583","6.485","2.711","3.956","10.468","7.365","5.497","3.998","11.057","15.716","1.562","4.919","141.509"
"66","GTLM","Dirk Mueller","3","1:18.609","5:22.641","Green","Track","0.637","7.075","2.963","4.112","11.061","7.849","5.687","4.282","11.755","16.048","1.694","5.446","129.513"
"84","DPi","Simon Trummer","4","1:14.059","5:23.487","Green","Track","0.581","6.510","2.778","3.911","10.712","7.345","5.496","3.975","10.930","15.309","1.580","4.932","141.997"
"77","DPi","Tristan Nunez","4","1:13.142","5:25.422","Green","Track","0.563","6.334","2.758","4.019","10.646","7.166","5.368","3.947","10.670","15.208","1.621","4.842","146.536"
"7","DPi","Ricky Taylor","3","1:17.375","5:29.463","Green","Track","0.382","7.368","3.041","4.542","11.319","7.754","5.691","4.053","11.028","15.694","1.612","4.891","215.969"
"5","DPi","Filipe Albuquerque","4","1:17.305","5:33.943","Green","Track","0.582","6.496","2.719","3.956","11.374","7.728","5.627","4.351","11.677","16.227","1.603","4.965","141.753"
"911","GTLM","Patrick Pilet","4","1:19.617","5:41.531","Green","Track","0.629","6.996","3.159","4.335","11.233","7.878","5.876","4.252","11.765","16.480","1.660","5.354","131.161"
"912","GTLM","Laurens Vanthoor","4","1:23.735","5:46.114","Green","Track","0.626","6.957","3.479","5.377","14.144","8.032","5.830","4.274","11.925","16.093","1.654","5.344","131.789"
"25","GTLM","Connor De Phillippi","4","1:17.933","5:47.056","Green","Track","0.631","6.993","2.836","4.041","11.001","7.766","5.681","4.225","11.669","15.960","1.706","5.424","130.745"
"50","DPi","Kyle Kaiser","1","5:49.979","5:49.979","Green","Pit","0.000","0.000","0.000","0.000","13.465","8.225","6.330","4.365","11.833","17.627","4.050","15.195","0.000"
"4","GTLM","Oliver Gavin","4","1:17.512","5:50.644","Green","Track","0.623","6.941","2.914","4.082","10.938","7.704","5.651","4.258","11.586","15.785","1.688","5.342","132.424"
"55","DPi","Jonathan Bomarito","4","1:14.577","5:53.419","Green","Track","0.557","6.335","3.061","4.226","10.863","7.389","5.637","4.001","10.890","15.198","1.599","4.821","148.115"
"3","GTLM","Antonio Garcia","4","1:19.004","5:56.456","Green","Track","0.625","6.983","3.011","4.238","11.086","7.787","6.065","4.299","11.825","15.985","1.724","5.376","132.000"
"67","GTLM","Richard Westbrook","4","1:18.691","5:57.294","Green","Track","0.633","7.027","3.076","4.091","11.077","7.921","5.670","4.343","11.824","15.889","1.709","5.431","130.332"
"54","DPi","Colin Braun","4","1:13.200","6:09.521","Green","Track","0.566","6.291","2.694","3.927","10.577","7.265","5.388","3.972","10.844","15.264","1.559","4.853","145.760"
"6","DPi","Dane Cameron","3","2:06.264","6:15.172","Green","Track","0.000","0.000","0.000","0.000","12.181","7.957","6.053","4.138","11.267","16.019","1.633","4.925","0.000"
"24","GTLM","Jesse Krohn","2","1:19.002","6:17.769","Green","Track","0.628","6.993","3.094","4.317","11.318","7.776","5.729","4.335","11.692","15.976","1.726","5.418","131.369"
"31","DPi","Pipo Derani","5","1:12.762","6:27.931","Green","Track","0.578","6.472","2.692","3.839","10.352","7.229","5.374","3.986","10.811","14.955","1.565","4.909","142.734"
"10","DPi","Renger Van Der Zande","5","1:12.927","6:35.351","Green","Track","0.577","6.462","2.622","3.878","10.419","7.284","5.372","3.956","10.854","14.995","1.580","4.928","142.981"
"84","DPi","Simon Trummer","5","1:13.737","6:37.224","Green","Track","0.577","6.476","2.740","4.004","10.515","7.266","5.402","4.016","10.913","15.329","1.567","4.932","142.981"
"77","DPi","Tristan Nunez","5","1:13.498","6:38.920","Green","Track","0.560","6.314","2.739","3.993","10.692","7.307","5.535","3.981","10.800","15.138","1.603","4.836","147.321"
"66","GTLM","Dirk Mueller","4","1:19.824","6:42.465","Green","Track","0.635","7.056","3.021","4.332","11.392","7.915","6.010","4.316","11.964","16.007","1.718","5.458","129.921"
"7","DPi","Ricky Taylor","4","1:13.910","6:43.373","Green","Track","0.567","6.355","2.722","4.001","10.799","7.397","5.425","3.985","10.845","15.361","1.591","4.862","145.503"
"5","DPi","Filipe Albuquerque","5","1:13.378","6:47.321","Green","Track","0.582","6.493","2.755","3.881","10.430","7.297","5.383","3.965","10.924","15.110","1.595","4.963","141.753"
"85","DPi","Tristan Vautier","2","4:00.580","6:55.224","Green","Track","0.000","0.000","0.000","0.000","11.827","7.926","6.492","4.148","11.541","16.436","1.586","4.979","0.000"
"911","GTLM","Patrick Pilet","5","1:18.741","7:00.272","Green","Track","0.627","6.991","3.009","4.181","11.095","7.804","5.755","4.282","11.802","16.168","1.672","5.355","131.579"
"912","GTLM","Laurens Vanthoor","5","1:18.236","7:04.350","Green","Track","0.628","6.970","3.034","4.142","10.911","7.760","5.721","4.231","11.798","16.003","1.676","5.362","131.369"
"25","GTLM","Connor De Phillippi","5","1:17.882","7:04.938","Green","Track","0.631","6.984","2.913","4.050","10.973","7.719","5.674","4.209","11.683","15.938","1.693","5.415","130.745"
"55","DPi","Jonathan Bomarito","5","1:12.810","7:06.229","Green","Track","0.560","6.292","2.748","3.921","10.497","7.250","5.259","4.004","10.852","14.979","1.611","4.837","147.321"
"4","GTLM","Oliver Gavin","5","1:17.300","7:07.944","Green","Track","0.623","6.934","2.907","4.058","10.809","7.627","5.581","4.260","11.596","15.860","1.700","5.345","132.424"
"67","GTLM","Richard Westbrook","5","1:18.370","7:15.664","Green","Track","0.633","7.039","3.043","4.124","10.932","7.824","5.612","4.300","11.802","15.901","1.708","5.452","130.332"
"54","DPi","Colin Braun","5","1:13.462","7:22.983","Green","Track","0.565","6.284","2.675","3.897","10.523","7.355","5.401","3.978","10.927","15.422","1.572","4.863","146.018"
"3","GTLM","Antonio Garcia","5","1:30.217","7:26.673","Green","Pit","0.625","6.969","3.005","4.225","11.001","7.874","5.624","4.319","11.791","16.175","3.610","14.999","132.000"
"6","DPi","Dane Cameron","4","1:14.028","7:29.200","Green","Track","0.572","6.428","2.825","4.029","10.657","7.361","5.513","4.000","10.860","15.280","1.599","4.904","144.231"
"24","GTLM","Jesse Krohn","3","1:17.625","7:35.394","Green","Track","0.628","6.986","2.895","4.079","10.973","7.676","5.616","4.288","11.598","15.781","1.698","5.407","131.369"
"31","DPi","Pipo Derani","6","1:12.671","7:40.602","Green","Track","0.577","6.446","2.666","3.786","10.411","7.239","5.348","3.951","10.716","15.027","1.584","4.920","142.981"
"10","DPi","Renger Van Der Zande","6","1:12.900","7:48.251","Green","Track","0.578","6.466","2.618","3.828","10.359","7.300","5.478","3.970","10.805","15.032","1.560","4.906","142.734"
"84","DPi","Simon Trummer","6","1:13.347","7:50.571","Green","Track","0.579","6.504","2.707","3.933","10.513","7.291","5.320","3.985","10.856","15.198","1.550","4.911","142.487"
"77","DPi","Tristan Nunez","6","1:17.752","7:56.672","Green","Track","0.563","6.342","2.795","4.496","11.740","7.759","5.977","4.320","11.373","15.963","1.602","4.822","146.536"
"7","DPi","Ricky Taylor","5","1:14.178","7:57.551","Green","Track","0.564","6.312","2.734","4.232","10.851","7.370","5.393","3.991","10.891","15.409","1.584","4.847","146.277"
"5","DPi","Filipe Albuquerque","6","1:13.296","8:00.617","Green","Track","0.582","6.485","2.740","3.960","10.506","7.349","5.412","3.918","10.848","14.957","1.587","4.952","141.753"
"66","GTLM","Dirk Mueller","5","1:21.869","8:04.334","Green","Track","0.637","7.076","2.981","4.377","11.183","7.940","5.708","4.329","13.288","17.186","1.706","5.458","129.513"
"85","DPi","Tristan Vautier","3","1:14.598","8:09.822","Green","Track","0.588","6.543","2.941","4.137","10.611","7.349","5.510","4.012","11.099","15.251","1.588","4.969","140.306"
"911","GTLM","Patrick Pilet","6","1:18.905","8:19.177","Green","Track","0.627","6.975","2.970","4.188","11.013","7.952","5.757","4.283","11.890","16.233","1.669","5.348","131.579"
"55","DPi","Jonathan Bomarito","6","1:14.827","8:21.056","Green","Track","0.561","6.279","2.913","4.188","10.913","7.541","5.535","4.115","10.927","15.380","1.631","4.844","147.059"
"912","GTLM","Laurens Vanthoor","6","1:18.315","8:22.665","Green","Track","0.629","6.961","2.964","4.123","10.833","7.874","5.683","4.246","11.765","16.202","1.679","5.356","131.161"
"25","GTLM","Connor De Phillippi","6","1:19.571","8:24.509","Green","Track","0.630","6.968","2.871","4.102","11.158","7.957","6.166","4.244","11.866","16.489","1.703","5.417","130.952"
"4","GTLM","Oliver Gavin","6","1:17.428","8:25.372","Green","Track","0.621","6.914","2.866","4.064","10.930","7.726","5.647","4.233","11.602","15.791","1.698","5.336","132.850"
"67","GTLM","Richard Westbrook","6","1:18.195","8:33.859","Green","Track","0.637","7.073","2.982","4.142","10.831","7.820","5.596","4.307","11.797","15.832","1.727","5.451","129.513"
"54","DPi","Colin Braun","6","1:13.322","8:36.305","Green","Track","0.564","6.270","2.569","3.965","10.419","7.166","5.367","3.943","10.692","15.902","1.596","4.869","146.277"
"6","DPi","Dane Cameron","5","1:12.852","8:42.052","Green","Track","0.570","6.380","2.657","3.892","10.425","7.235","5.336","3.968","10.766","15.025","1.653","4.945","144.737"
"24","GTLM","Jesse Krohn","4","1:17.570","8:52.964","Green","Track","0.631","6.999","2.842","4.090","10.903","7.655","5.521","4.285","11.657","15.692","1.815","5.480","130.745"
"31","DPi","Pipo Derani","7","1:12.893","8:53.495","Green","Track","0.577","6.451","2.661","3.840","10.335","7.285","5.352","3.907","10.695","15.342","1.552","4.896","142.981"
"84","DPi","Simon Trummer","7","1:13.392","9:03.963","Green","Track","0.577","6.503","2.719","3.902","10.420","7.313","5.281","4.019","10.863","15.249","1.595","4.951","142.981"
"77","DPi","Tristan Nunez","7","1:12.504","9:09.176","Green","Track","0.561","6.328","2.654","4.015","10.473","7.099","5.314","3.890","10.681","15.047","1.607","4.835","147.059"
"7","DPi","Ricky Taylor","6","1:12.766","9:10.317","Green","Track","0.561","6.307","2.702","4.035","10.380","7.237","5.289","4.000","10.748","15.049","1.598","4.860","147.059"
"5","DPi","Filipe Albuquerque","7","1:13.328","9:13.945","Green","Track","0.581","6.486","2.746","3.963","10.492","7.418","5.325","3.894","10.848","15.035","1.589","4.951","141.997"
"10","DPi","Renger Van Der Zande","7","1:32.053","9:20.304","Green","Track","0.578","6.449","2.546","15.092","11.384","8.250","5.851","4.010","11.199","20.202","1.567","4.925","142.734"
"66","GTLM","Dirk Mueller","6","1:17.928","9:22.262","Green","Track","0.637","7.073","2.943","4.034","10.912","7.727","5.577","4.368","11.699","15.740","1.736","5.482","129.513"
"85","DPi","Tristan Vautier","4","1:13.253","9:23.075","Green","Track","0.585","6.515","2.739","3.952","10.408","7.256","5.442","3.924","10.854","15.040","1.580","4.958","141.026"
"55","DPi","Jonathan Bomarito","7","1:14.178","9:35.234","Green","Track","0.561","6.305","2.774","3.982","10.561","7.469","5.494","4.019","10.943","15.666","1.591","4.813","147.059"
"911","GTLM","Patrick Pilet","7","1:18.601","9:37.778","Green","Track","0.628","6.971","2.935","4.134","11.035","7.941","5.865","4.282","11.744","16.020","1.684","5.362","131.369"
"912","GTLM","Laurens Vanthoor","7","1:17.835","9:40.500","Green","Track","0.628","6.962","2.931","4.086","10.780","7.731","5.695","4.362","11.724","15.908","1.672","5.356","131.369"
"50","DPi","Kyle Kaiser","2","3:51.927","9:41.906","Green","Track","0.000","0.000","0.000","0.000","11.804","7.805","6.013","4.067","11.249","16.099","1.574","4.952","0.000"
"4","GTLM","Oliver Gavin","7","1:22.496","9:47.868","Green","Track","0.621","6.904","2.935","4.216","12.059","8.996","7.579","4.482","11.849","15.813","1.695","5.347","132.850"
"54","DPi","Colin Braun","7","1:15.899","9:52.204","Green","Track","0.564","6.271","2.636","3.954","10.542","7.306","5.794","3.968","11.145","17.331","1.559","4.829","146.277"
"6","DPi","Dane Cameron","6","1:12.602","9:54.654","Green","Track","0.573","6.388","2.622","3.850","10.377","7.242","5.306","3.945","10.682","15.089","1.624","4.904","143.979"
"67","GTLM","Richard Westbrook","7","1:20.813","9:54.672","Green","Track","0.637","7.080","2.958","4.050","10.830","7.953","5.652","4.439","12.473","17.570","1.721","5.450","129.513"
"25","GTLM","Connor De Phillippi","7","1:31.376","9:55.885","Green","Pit","0.631","6.992","2.849","4.097","11.515","8.117","5.805","4.310","11.986","16.422","3.571","15.081","130.745"
"31","DPi","Pipo Derani","8","1:12.698","10:06.193","Green","Track","0.576","6.433","2.675","3.920","10.320","7.252","5.346","3.950","10.756","14.985","1.576","4.909","143.229"
"24","GTLM","Jesse Krohn","5","1:17.976","10:10.940","Green","Track","0.634","7.032","2.926","4.183","10.969","7.717","5.604","4.249","11.689","15.892","1.696","5.385","130.126"
"84","DPi","Simon Trummer","8","1:13.252","10:17.215","Green","Track","0.581","6.521","2.653","3.858","10.377","7.300","5.321","3.986","10.900","15.255","1.572","4.928","141.997"
"3","GTLM","Antonio Garcia","6","2:50.834","10:17.507","Green","Track","0.000","0.000","0.000","0.000","13.794","8.653","6.328","4.503","12.248","17.539","1.742","5.427","0.000"
"7","DPi","Ricky Taylor","7","1:16.193","10:26.510","Green","Track","0.563","6.325","2.505","5.961","11.164","7.531","5.336","4.030","10.912","15.463","1.566","4.837","146.536"
"5","DPi","Filipe Albuquerque","8","1:15.152","10:29.097","Green","Track","0.581","6.472","2.686","3.971","10.491","7.378","5.352","3.939","10.965","16.824","1.569","4.924","141.997"
"10","DPi","Renger Van Der Zande","8","1:13.199","10:33.503","Green","Track","0.579","6.469","2.704","3.922","10.482","7.315","5.354","3.918","10.917","15.022","1.588","4.929","142.487"
"77","DPi","Tristan Nunez","8","1:24.981","10:34.157","Green","Pit","0.562","6.327","2.649","3.982","10.608","7.207","5.393","3.962","10.804","15.091","3.571","14.825","146.797"
"85","DPi","Tristan Vautier","5","1:15.830","10:38.905","Green","Track","0.583","6.480","2.730","3.950","10.371","7.229","5.260","3.978","10.860","17.933","1.537","4.919","141.509"
"55","DPi","Jonathan Bomarito","8","1:12.215","10:47.449","Green","Track","0.560","6.323","2.724","3.919","10.395","7.184","5.256","3.911","10.683","14.875","1.584","4.801","147.321"
"66","GTLM","Dirk Mueller","7","1:31.988","10:54.250","Green","Pit","0.638","7.067","3.119","4.453","11.456","8.258","5.791","4.423","11.920","16.331","3.459","15.073","129.310"
"50","DPi","Kyle Kaiser","3","1:15.912","10:57.818","Green","Track","0.582","6.491","2.966","4.194","10.917","7.429","5.786","4.017","11.198","15.804","1.577","4.951","141.753"
"54","DPi","Colin Braun","8","1:14.575","11:06.779","Green","Track","0.560","6.254","2.600","3.916","10.479","7.225","5.550","4.112","10.834","16.599","1.583","4.863","147.321"
"6","DPi","Dane Cameron","7","1:12.602","11:07.256","Green","Track","0.567","6.360","2.620","3.811","10.322","7.235","5.286","3.964","10.664","15.277","1.608","4.888","145.503"
"911","GTLM","Patrick Pilet","8","1:29.668","11:07.446","Green","Pit","0.628","6.974","2.962","4.157","10.905","7.758","5.726","4.254","11.679","16.104","3.414","15.107","131.369"
"912","GTLM","Laurens Vanthoor","8","1:31.041","11:11.541","Green","Pit","0.629","6.968","3.012","4.154","10.788","7.716","5.666","4.268","11.931","17.364","3.456","15.089","131.161"
"67","GTLM","Richard Westbrook","8","1:18.075","11:12.747","Green","Track","0.635","7.082","2.952","4.067","10.798","7.782","5.630","4.318","11.742","15.903","1.726","5.440","129.921"
"31","DPi","Pipo Derani","9","1:12.331","11:18.524","Green","Track","0.577","6.450","2.627","3.744","10.349","7.186","5.317","3.982","10.746","14.870","1.576","4.907","142.981"
"24","GTLM","Jesse Krohn","6","1:17.597","11:28.537","Green","Track","0.628","7.004","2.874","3.999","10.864","7.707","5.685","4.218","11.668","15.817","1.709","5.424","131.369"
"84","DPi","Simon Trummer","9","1:15.361","11:32.576","Green","Track","0.578","6.505","2.676","3.881","10.488","7.269","5.366","4.257","11.703","16.218","1.529","4.891","142.734"
"7","DPi","Ricky Taylor","8","1:12.526","11:39.036","Green","Track","0.563","6.323","2.622","3.914","10.389","7.203","5.312","3.955","10.691","15.078","1.596","4.880","146.536"
"5","DPi","Filipe Albuquerque","9","1:12.722","11:41.819","Green","Track","0.580","6.466","2.657","3.864","10.291","7.290","5.347","3.975","10.825","14.890","1.590","4.947","142.241"
"4","GTLM","Oliver Gavin","8","1:55.690","11:43.558","Green","Pit","0.623","6.946","2.923","4.095","10.773","7.693","30.662","4.620","12.251","16.461","3.650","14.993","132.424"
"3","GTLM","Antonio Garcia","7","1:26.910","11:44.417","Green","Track","0.638","7.142","3.394","4.489","11.730","10.074","7.257","5.339","13.073","16.712","1.695","5.367","129.310"
"10","DPi","Renger Van Der Zande","9","1:12.804","11:46.307","Green","Track","0.579","6.462","2.630","3.870","10.360","7.275","5.308","3.921","10.876","15.013","1.589","4.921","142.487"
"85","DPi","Tristan Vautier","6","1:12.767","11:51.672","Green","Track","0.582","6.493","2.621","3.825","10.208","7.231","5.255","3.985","10.778","15.246","1.588","4.955","141.753"
"55","DPi","Jonathan Bomarito","9","1:12.456","11:59.905","Green","Track","0.559","6.298","2.732","3.939","10.443","7.228","5.233","3.926","10.649","14.974","1.629","4.846","147.585"
"50","DPi","Kyle Kaiser","4","1:14.662","12:12.480","Green","Track","0.581","6.515","2.694","3.981","10.604","7.427","5.693","3.966","11.027","15.636","1.583","4.955","141.997"
"54","DPi","Colin Braun","9","1:12.774","12:19.553","Green","Track","0.564","6.275","2.634","3.905","10.428","7.219","5.334","3.983","10.712","15.293","1.577","4.850","146.277"
"67","GTLM","Richard Westbrook","9","1:17.857","12:30.604","Green","Track","0.635","7.057","2.927","4.039","10.779","7.806","5.554","4.299","11.713","15.884","1.714","5.450","129.921"
"6","DPi","Dane Cameron","8","1:26.537","12:33.793","Green","Pit","0.566","6.331","2.673","3.972","11.190","7.678","5.841","4.169","10.840","15.341","3.119","14.817","145.760"
"31","DPi","Pipo Derani","10","1:26.405","12:44.929","Green","Pit","0.576","6.423","2.699","3.832","10.524","7.402","5.616","3.887","10.986","15.506","3.696","15.258","143.229"
"84","DPi","Simon Trummer","10","1:13.468","12:46.044","Green","Track","0.577","6.463","2.685","3.859","10.498","7.279","5.269","4.030","10.905","15.430","1.557","4.916","142.981"
"24","GTLM","Jesse Krohn","7","1:17.732","12:46.269","Green","Track","0.632","7.004","2.875","4.045","10.854","7.799","5.546","4.315","11.693","15.842","1.710","5.417","130.538"
"5","DPi","Filipe Albuquerque","10","1:12.813","12:54.632","Green","Track","0.580","6.466","2.692","3.926","10.368","7.280","5.342","3.896","10.771","14.977","1.582","4.933","142.241"
"10","DPi","Renger Van Der Zande","10","1:13.905","13:00.212","Green","Track","0.576","6.418","2.627","3.938","10.607","7.507","5.537","4.057","10.956","15.240","1.546","4.896","143.229"
"3","GTLM","Antonio Garcia","8","1:18.281","13:02.698","Green","Track","0.351","7.272","2.994","4.184","10.974","7.749","5.905","4.274","11.688","15.876","1.679","5.335","235.043"
"7","DPi","Ricky Taylor","9","1:24.141","13:03.177","Green","Pit","0.566","6.339","2.680","3.852","10.382","7.225","5.283","3.938","10.701","15.061","3.285","14.829","145.760"
"85","DPi","Tristan Vautier","7","1:12.426","13:04.098","Green","Track","0.583","6.482","2.644","3.807","10.205","7.294","5.215","3.953","10.731","14.993","1.583","4.936","141.509"
"55","DPi","Jonathan Bomarito","10","1:12.013","13:11.918","Green","Track","0.557","6.324","2.702","3.916","10.308","7.188","5.171","3.958","10.649","14.801","1.610","4.829","148.115"
"25","GTLM","Tom Blomqvist","8","3:29.541","13:25.426","Green","Track","0.000","0.000","0.000","0.000","12.582","8.241","6.055","4.374","12.121","16.442","1.687","5.420","0.000"
"50","DPi","Kyle Kaiser","5","1:14.033","13:26.513","Green","Track","0.581","6.511","2.656","3.804","10.403","7.448","5.566","4.054","10.954","15.481","1.615","4.960","141.997"
"54","DPi","Colin Braun","10","1:13.821","13:33.374","Green","Track","0.562","6.283","2.668","3.942","10.549","7.263","5.492","3.991","10.840","15.827","1.562","4.842","146.797"
"67","GTLM","Richard Westbrook","10","1:18.357","13:48.961","Green","Track","0.637","7.081","2.949","4.042","10.923","7.831","5.614","4.383","11.746","16.002","1.711","5.438","129.513"
"84","DPi","Simon Trummer","11","1:13.343","13:59.387","Green","Track","0.577","6.498","2.761","3.934","10.378","7.271","5.224","4.016","10.951","15.236","1.573","4.924","142.981"
"24","GTLM","Jesse Krohn","8","1:17.945","14:04.214","Green","Track","0.628","6.997","2.901","4.043","10.901","7.836","5.625","4.256","11.711","15.940","1.708","5.399","131.369"
"5","DPi","Filipe Albuquerque","11","1:12.774","14:07.406","Green","Track","0.580","6.467","2.702","3.911","10.304","7.295","5.307","3.957","10.762","14.957","1.588","4.944","142.241"
"85","DPi","Tristan Vautier","8","1:14.822","14:18.920","Green","Track","0.579","6.459","2.744","3.978","10.839","7.505","5.502","3.971","10.795","15.967","1.556","4.927","142.487"
"3","GTLM","Antonio Garcia","9","1:18.225","14:20.923","Green","Track","0.623","6.975","2.963","4.174","10.913","7.708","5.974","4.392","11.738","15.717","1.694","5.354","132.424"
"10","DPi","Renger Van Der Zande","11","1:24.788","14:25.000","Green","Pit","0.576","6.451","2.656","3.888","10.346","7.313","5.342","3.924","10.890","15.138","3.474","14.790","143.229"
"55","DPi","Jonathan Bomarito","11","1:25.850","14:37.768","Green","Pit","0.560","6.309","2.853","4.211","10.872","7.420","5.454","3.952","10.877","15.144","3.394","14.804","147.321"
"50","DPi","Kyle Kaiser","6","1:15.565","14:42.078","Green","Track","0.579","6.465","2.784","4.560","10.946","7.508","5.702","4.073","10.985","15.449","1.582","4.932","142.487"
"25","GTLM","Tom Blomqvist","9","1:19.444","14:44.870","Green","Track","0.634","7.030","3.026","4.276","11.075","7.827","6.168","4.255","11.850","16.149","1.710","5.444","130.126"
"54","DPi","Colin Braun","11","1:15.030","14:48.404","Green","Track","0.563","6.290","2.822","4.014","10.681","7.421","5.705","4.035","11.030","16.032","1.583","4.854","146.536"
"67","GTLM","Richard Westbrook","11","1:18.299","15:07.260","Green","Track","0.634","7.070","3.013","4.079","10.892","7.914","5.593","4.317","11.759","15.886","1.710","5.432","130.126"
"911","GTLM","Nick Tandy","9","4:05.380","15:12.826","Green","Track","0.000","0.000","0.000","0.000","12.545","8.238","6.078","4.423","12.136","17.183","1.653","5.350","0.000"
"912","GTLM","Laurens Vanthoor","9","4:07.899","15:19.440","Green","Track","0.000","0.000","0.000","0.000","12.571","9.214","6.786","4.520","12.595","17.091","1.656","5.355","0.000"
"84","DPi","Simon Trummer","12","1:29.702","15:29.089","Green","Pit","0.579","6.499","2.653","3.903","10.490","7.425","6.078","4.353","11.968","17.149","3.665","14.940","142.487"
"85","DPi","Tristan Vautier","9","1:12.431","15:31.351","Green","Track","0.580","6.484","2.634","3.824","10.199","7.238","5.278","4.022","10.775","14.850","1.593","4.954","142.241"
"24","GTLM","Jesse Krohn","9","1:29.513","15:33.727","Green","Pit","0.629","7.017","2.913","4.057","10.863","7.752","5.667","4.298","11.847","16.041","3.354","15.075","131.161"
"5","DPi","Filipe Albuquerque","12","1:27.640","15:35.046","Green","Pit","0.580","6.470","2.668","3.971","10.410","7.331","5.380","4.116","11.247","16.525","3.672","15.270","142.241"
"66","GTLM","Sebastien Bourdais","8","4:42.195","15:36.445","Green","Track","0.000","0.000","0.000","0.000","12.495","8.283","6.217","5.667","12.505","16.936","1.724","5.475","0.000"
"3","GTLM","Antonio Garcia","10","1:17.604","15:38.527","Green","Track","0.623","6.979","2.932","4.177","10.925","7.726","5.591","4.313","11.616","15.695","1.685","5.342","132.424"
"50","DPi","Kyle Kaiser","7","1:13.828","15:55.906","Green","Track","0.578","6.497","2.615","3.892","10.421","7.371","5.457","4.136","10.883","15.401","1.615","4.962","142.734"
"54","DPi","Colin Braun","12","1:15.138","16:03.542","Green","Track","0.560","6.263","2.815","4.073","10.739","7.412","5.742","4.071","11.065","15.949","1.586","4.863","147.321"
"25","GTLM","Tom Blomqvist","10","1:18.925","16:03.795","Green","Track","0.633","7.025","2.989","4.146","10.944","7.803","5.620","4.401","11.797","16.396","1.725","5.446","130.332"
"911","GTLM","Nick Tandy","10","1:18.016","16:30.842","Green","Track","0.629","7.003","3.041","4.176","10.897","7.627","5.610","4.317","11.662","15.988","1.686","5.380","131.161"
"912","GTLM","Laurens Vanthoor","10","1:19.107","16:38.547","Green","Track","0.631","7.010","3.191","4.276","11.206","7.845","5.770","4.270","11.875","16.018","1.659","5.356","130.745"
"67","GTLM","Richard Westbrook","12","1:32.530","16:39.790","Green","Pit","0.633","7.070","2.967","4.061","11.072","7.978","6.114","4.388","11.950","16.699","4.543","15.055","130.332"
"85","DPi","Tristan Vautier","10","1:12.441","16:43.792","Green","Track","0.582","6.496","2.692","3.811","10.225","7.201","5.264","3.910","10.665","15.054","1.593","4.948","141.753"
"31","DPi","Felipe Nasr","11","4:07.146","16:52.075","Green","Track","0.000","0.000","0.000","0.000","11.799","7.938","5.941","4.225","11.160","15.545","1.593","4.935","0.000"
"66","GTLM","Sebastien Bourdais","9","1:19.303","16:55.748","Green","Track","0.638","7.100","3.030","4.280","11.099","7.834","5.811","4.345","11.862","16.123","1.721","5.460","129.310"
"3","GTLM","Antonio Garcia","11","1:17.576","16:56.103","Green","Track","0.623","6.963","2.891","4.119","10.913","7.841","5.603","4.305","11.617","15.688","1.676","5.337","132.424"
"4","GTLM","Oliver Gavin","9","5:21.823","17:05.381","Green","Track","0.000","0.000","0.000","0.000","11.571","7.830","5.858","4.335","11.734","15.832","1.662","5.332","0.000"
"25","GTLM","Tom Blomqvist","11","1:18.289","17:22.084","Green","Track","0.633","7.025","2.863","4.171","11.026","7.788","5.531","4.393","11.702","15.988","1.717","5.452","130.332"
"50","DPi","Kyle Kaiser","8","1:26.372","17:22.278","Green","Pit","0.579","6.493","2.569","3.911","10.449","7.399","5.540","4.085","10.928","15.705","3.515","15.199","142.487"
"54","DPi","Colin Braun","13","1:25.951","17:29.493","Green","Pit","0.561","6.263","2.658","3.960","10.441","7.360","5.494","3.952","10.868","16.035","3.449","14.910","147.059"
"911","GTLM","Nick Tandy","11","1:19.371","17:50.213","Green","Track","0.631","7.023","2.949","4.093","10.782","7.711","6.911","4.414","11.837","15.986","1.675","5.359","130.745"
"85","DPi","Tristan Vautier","11","1:12.322","17:56.114","Green","Track","0.580","6.482","2.634","3.810","10.251","7.180","5.289","4.006","10.786","14.783","1.584","4.937","142.241"
"912","GTLM","Laurens Vanthoor","11","1:17.477","17:56.024","Green","Track","0.630","6.998","2.859","4.057","10.748","7.785","5.679","4.254","11.641","15.824","1.661","5.341","130.952"
"31","DPi","Felipe Nasr","12","1:12.982","18:05.057","Green","Track","0.580","6.443","2.763","3.964","10.336","7.192","5.332","4.105","10.767","15.009","1.575","4.916","142.241"
"66","GTLM","Sebastien Bourdais","10","1:18.357","18:14.105","Green","Track","0.637","7.076","2.976","4.154","10.938","7.825","5.664","4.309","11.776","15.836","1.719","5.447","129.513"
"4","GTLM","Oliver Gavin","10","1:17.023","18:22.404","Green","Track","0.623","6.958","2.890","4.067","10.773","7.665","5.655","4.267","11.566","15.558","1.672","5.329","132.424"
"10","DPi","Renger Van Der Zande","12","4:02.550","18:27.550","Green","Track","0.000","0.000","0.000","0.000","11.333","7.693","6.009","3.972","11.131","15.378","1.572","4.933","0.000"
"3","GTLM","Antonio Garcia","12","1:34.981","18:31.084","Green","Pit","0.622","6.929","3.186","4.314","12.046","8.884","6.648","5.185","12.400","16.061","3.696","15.010","132.637"
"25","GTLM","Tom Blomqvist","12","1:18.022","18:40.106","Green","Track","0.635","7.028","2.911","4.113","10.943","7.750","5.548","4.385","11.630","15.860","1.758","5.461","129.921"
"5","DPi","Joao Barbosa","13","3:11.547","18:46.593","Green","Track","0.000","0.000","0.000","0.000","12.753","8.196","6.046","4.153","12.063","16.247","1.586","4.966","0.000"
"6","DPi","Juan Pablo Montoya","9","6:18.444","18:52.237","Green","Track","0.000","0.000","0.000","0.000","13.243","8.208","6.718","4.664","12.932","21.264","1.673","4.979","0.000"
"7","DPi","Helio Castroneves","10","5:52.567","18:55.744","Green","Track","0.000","0.000","0.000","0.000","12.817","9.114","8.330","4.920","15.810","18.065","1.622","4.898","0.000"
"911","GTLM","Nick Tandy","12","1:17.703","19:07.916","Green","Track","0.631","6.997","2.904","4.094","10.843","7.695","5.559","4.356","11.629","15.934","1.686","5.375","130.745"
"85","DPi","Tristan Vautier","12","1:12.322","19:08.436","Green","Track","0.581","6.539","2.634","3.776","10.238","7.225","5.214","3.935","10.758","14.896","1.590","4.936","141.997"
"912","GTLM","Laurens Vanthoor","12","1:17.286","19:13.310","Green","Track","0.627","6.977","2.957","4.056","10.815","7.607","5.657","4.182","11.622","15.774","1.657","5.355","131.579"
"31","DPi","Felipe Nasr","13","1:12.295","19:17.352","Green","Track","0.579","6.438","2.659","3.895","10.314","7.163","5.181","3.988","10.754","14.831","1.569","4.924","142.487"
"66","GTLM","Sebastien Bourdais","11","1:18.854","19:32.959","Green","Track","0.636","7.085","2.940","4.139","10.944","7.770","5.643","4.290","11.672","16.560","1.719","5.456","129.717"
"4","GTLM","Oliver Gavin","11","1:17.113","19:39.517","Green","Track","0.622","6.956","2.896","4.018","10.700","7.791","5.618","4.220","11.507","15.759","1.681","5.345","132.637"
"10","DPi","Renger Van Der Zande","13","1:13.474","19:41.024","Green","Track","0.580","6.475","2.634","3.916","10.565","7.329","5.357","3.946","10.946","15.180","1.597","4.949","142.241"
"25","GTLM","Tom Blomqvist","13","1:18.296","19:58.402","Green","Track","0.635","7.031","2.927","4.141","10.906","7.794","5.604","4.366","11.688","15.990","1.743","5.471","129.921"
"5","DPi","Joao Barbosa","14","1:15.157","20:01.750","Green","Track","0.583","6.497","3.037","4.064","10.760","7.565","5.557","3.943","11.175","15.460","1.569","4.947","141.509"
"67","GTLM","Ryan Briscoe","13","3:25.778","20:05.568","Green","Track","0.000","0.000","0.000","0.000","11.973","8.478","6.236","4.437","12.133","16.219","1.702","5.452","0.000"
"7","DPi","Helio Castroneves","11","1:15.166","20:10.910","Green","Track","0.568","6.375","2.922","4.011","10.886","7.349","5.509","3.976","11.346","15.754","1.584","4.886","145.246"
"6","DPi","Juan Pablo Montoya","10","1:26.782","20:19.019","Green","Track","0.576","6.445","3.039","4.248","11.076","7.538","5.515","4.318","20.249","17.267","1.592","4.919","143.229"
"911","GTLM","Nick Tandy","13","1:17.606","20:25.522","Green","Track","0.631","6.994","3.074","4.185","10.877","7.653","5.534","4.312","11.553","15.748","1.683","5.362","130.745"
"31","DPi","Felipe Nasr","14","1:13.227","20:30.579","Green","Track","0.579","6.432","2.682","3.800","10.431","7.211","5.237","3.992","10.811","15.610","1.555","4.887","142.487"
"912","GTLM","Laurens Vanthoor","13","1:17.238","20:30.548","Green","Track","0.629","6.977","2.932","4.114","10.718","7.645","5.688","4.176","11.664","15.693","1.662","5.340","131.161"
"85","DPi","Tristan Vautier","13","1:25.300","20:33.736","Green","Pit","0.579","6.474","2.697","3.871","10.313","7.240","5.282","3.956","10.896","15.277","3.793","14.922","142.487"
"24","GTLM","John Edwards","10","5:18.198","20:51.925","Green","Track","0.000","0.000","0.000","0.000","12.646","8.509","6.190","4.576","12.277","17.286","1.727","5.445","0.000"
"4","GTLM","Oliver Gavin","12","1:17.983","20:57.500","Green","Track","0.624","6.963","2.922","4.036","10.849","7.651","5.621","4.279","11.544","16.443","1.700","5.351","132.212"
"66","GTLM","Sebastien Bourdais","12","1:30.964","21:03.923","Green","Track","0.636","7.082","2.829","15.020","12.011","8.062","5.916","4.351","11.800","16.110","1.711","5.436","129.717"
"10","DPi","Renger Van Der Zande","14","1:26.431","21:07.455","Green","Pit","0.580","6.446","2.813","4.074","10.703","7.456","5.547","4.048","11.163","15.280","3.511","14.810","142.241"
"50","DPi","Kyle Kaiser","9","3:52.998","21:15.276","Green","Track","0.000","0.000","0.000","0.000","11.191","7.521","5.696","4.160","11.024","15.301","1.584","4.946","0.000"
"5","DPi","Joao Barbosa","15","1:15.225","21:16.975","Green","Track","0.582","6.485","2.784","3.894","10.553","7.508","5.531","3.987","11.045","16.382","1.547","4.927","141.753"
"7","DPi","Helio Castroneves","12","1:13.196","21:24.106","Green","Track","0.568","6.371","2.677","3.880","10.521","7.255","5.355","3.899","10.756","15.445","1.606","4.863","145.246"
"67","GTLM","Ryan Briscoe","14","1:18.605","21:24.173","Green","Track","0.637","7.091","2.954","4.169","10.953","7.967","5.719","4.308","11.808","15.874","1.699","5.426","129.513"
"25","GTLM","Tom Blomqvist","14","1:30.324","21:28.726","Green","Pit","0.637","7.043","2.944","4.188","10.902","7.756","5.681","4.338","11.738","16.364","3.661","15.072","129.513"
"6","DPi","Juan Pablo Montoya","11","1:13.678","21:32.697","Green","Track","0.573","6.417","2.636","3.773","10.692","7.300","5.470","3.965","10.972","15.325","1.626","4.929","143.979"
"911","GTLM","Nick Tandy","14","1:17.341","21:42.863","Green","Track","0.629","7.002","2.958","4.090","10.773","7.648","5.567","4.315","11.609","15.719","1.673","5.358","131.161"
"912","GTLM","Laurens Vanthoor","14","1:17.151","21:47.699","Green","Track","0.628","6.973","2.908","4.075","10.795","7.642","5.621","4.229","11.605","15.650","1.673","5.352","131.369"
"31","DPi","Felipe Nasr","15","1:26.345","21:56.924","Green","Pit","0.574","6.460","2.654","3.822","10.292","7.184","5.217","4.028","10.778","15.534","4.531","15.271","143.728"
"24","GTLM","John Edwards","11","1:19.479","22:11.404","Green","Track","0.635","7.050","3.131","4.266","11.184","7.788","5.825","4.382","11.828","16.254","1.713","5.423","129.921"
"4","GTLM","Oliver Gavin","13","1:17.267","22:14.767","Green","Track","0.623","6.942","2.922","4.067","10.795","7.677","5.595","4.309","11.540","15.810","1.667","5.320","132.424"
"55","DPi","Jonathan Bomarito","12","7:47.603","22:25.371","Green","Track","0.000","0.000","0.000","0.000","12.496","8.058","6.202","4.284","11.253","16.759","1.607","4.830","0.000"
"3","GTLM","Antonio Garcia","13","3:56.376","22:27.460","Green","Track","0.000","0.000","0.000","0.000","11.949","8.213","5.882","4.377","11.837","16.280","1.681","5.361","0.000"
"50","DPi","Kyle Kaiser","10","1:13.781","22:29.057","Green","Track","0.579","6.492","2.808","3.883","10.432","7.347","5.407","3.953","10.839","15.552","1.567","4.922","142.487"
"5","DPi","Joao Barbosa","16","1:13.390","22:30.365","Green","Track","0.581","6.489","2.765","3.879","10.449","7.267","5.317","3.966","10.858","15.329","1.558","4.932","141.997"
"7","DPi","Helio Castroneves","13","1:11.939","22:36.045","Green","Track","0.564","6.356","2.592","3.764","10.281","7.153","5.207","3.966","10.718","14.866","1.598","4.874","146.277"
"67","GTLM","Ryan Briscoe","15","1:18.412","22:42.585","Green","Track","0.634","7.077","2.978","4.127","10.978","7.868","5.686","4.307","11.784","15.874","1.688","5.411","130.126"
"6","DPi","Juan Pablo Montoya","12","1:12.928","22:45.625","Green","Track","0.571","6.412","2.629","3.876","10.510","7.389","5.188","3.997","10.741","15.143","1.581","4.891","144.483"
"911","GTLM","Nick Tandy","15","1:17.221","23:00.084","Green","Track","0.629","7.009","2.864","4.019","10.758","7.750","5.566","4.315","11.594","15.717","1.659","5.341","131.161"
"54","DPi","Colin Braun","14","5:34.345","23:03.838","Green","Track","0.000","0.000","0.000","0.000","11.984","7.756","5.997","4.169","11.114","16.241","1.561","4.854","0.000"
"66","GTLM","Sebastien Bourdais","13","2:00.343","23:04.266","Green","Track","0.634","7.056","2.888","4.062","10.767","7.796","5.557","4.333","11.658","58.291","1.772","5.529","130.126"
"912","GTLM","Laurens Vanthoor","15","1:23.335","23:11.034","Green","Track","0.629","6.979","2.907","4.185","11.638","7.957","5.785","4.485","14.101","17.686","1.649","5.334","131.161"
"85","DPi","Misha Goikhberg","14","2:39.940","23:13.676","Green","Track","0.000","0.000","0.000","0.000","12.051","7.535","5.564","4.040","11.338","15.575","1.557","4.925","0.000"
"24","GTLM","John Edwards","12","1:18.517","23:29.921","Green","Track","0.632","7.032","3.022","4.116","11.052","7.818","5.637","4.344","11.677","16.067","1.703","5.417","130.538"
"55","DPi","Jonathan Bomarito","13","1:15.495","23:40.866","Green","Track","0.561","6.361","3.166","4.338","11.090","7.506","5.656","4.012","10.900","15.516","1.585","4.804","147.059"
"50","DPi","Kyle Kaiser","11","1:14.556","23:43.613","Green","Track","0.576","6.454","2.788","3.910","10.728","7.481","5.743","4.045","10.955","15.348","1.582","4.946","143.229"
"4","GTLM","Oliver Gavin","14","1:29.719","23:44.486","Green","Pit","0.621","6.931","2.859","4.055","10.874","7.736","5.686","4.242","11.779","16.065","3.862","15.009","132.850"
"3","GTLM","Antonio Garcia","14","1:22.256","23:49.716","Green","Track","0.625","7.006","2.954","4.160","10.901","7.782","6.722","5.056","12.306","17.691","1.688","5.365","132.000"
"5","DPi","Joao Barbosa","17","1:26.606","23:56.971","Green","Pit","0.577","6.471","2.725","3.918","10.491","7.420","5.798","3.925","10.977","15.316","3.706","15.282","142.981"
"84","DPi","Simon Trummer","13","8:30.096","23:59.185","Green","Track","0.000","0.000","0.000","0.000","12.147","7.761","5.915","4.120","11.742","16.396","1.520","4.895","0.000"
"67","GTLM","Ryan Briscoe","16","1:18.245","24:00.830","Green","Track","0.632","7.070","2.966","4.070","10.914","7.795","5.639","4.362","11.790","15.934","1.677","5.396","130.538"
"7","DPi","Helio Castroneves","14","1:25.984","24:02.029","Green","Pit","0.565","6.352","2.669","3.748","10.235","7.263","5.254","3.961","10.843","16.788","3.484","14.822","146.018"
"6","DPi","Juan Pablo Montoya","13","1:24.629","24:10.254","Green","Track","0.570","6.398","3.301","5.588","13.496","9.059","5.698","4.307","13.503","16.196","1.606","4.907","144.737"
"911","GTLM","Nick Tandy","16","1:17.255","24:17.339","Green","Track","0.627","6.985","2.860","4.025","10.754","7.784","5.541","4.249","11.602","15.772","1.689","5.367","131.579"
"54","DPi","Colin Braun","15","1:14.196","24:18.034","Green","Track","0.563","6.280","2.877","4.177","10.625","7.231","5.459","3.963","10.835","15.791","1.559","4.836","146.536"
"10","DPi","Renger Van Der Zande","15","3:20.336","24:27.791","Green","Track","0.000","0.000","0.000","0.000","11.498","7.648","5.549","3.951","11.010","18.747","1.571","4.931","0.000"
"85","DPi","Misha Goikhberg","15","1:15.173","24:28.849","Green","Track","0.580","6.487","2.723","3.990","10.859","7.521","5.491","3.993","10.995","16.015","1.576","4.943","142.241"
"66","GTLM","Sebastien Bourdais","14","1:32.090","24:36.356","Green","Pit","0.641","7.127","3.323","4.384","11.317","8.090","5.754","4.315","11.784","16.408","3.880","15.067","128.705"
"912","GTLM","Laurens Vanthoor","16","1:30.827","24:41.861","Green","Pit","0.627","6.968","2.869","4.041","10.773","7.698","5.695","4.222","11.634","17.774","3.430","15.096","131.579"
"24","GTLM","John Edwards","13","1:18.433","24:48.354","Green","Track","0.633","7.026","3.054","4.125","10.979","7.742","5.705","4.332","11.731","15.984","1.700","5.422","130.332"
"55","DPi","Jonathan Bomarito","14","1:13.559","24:54.425","Green","Track","0.561","6.320","2.847","4.085","10.602","7.136","5.467","3.968","10.884","15.279","1.585","4.825","147.059"
"77","DPi","Tristan Nunez","9","14:22.826","24:56.983","Green","Track","0.000","0.000","0.000","0.000","12.901","7.996","6.129","4.420","13.597","16.740","1.610","4.851","0.000"
"50","DPi","Kyle Kaiser","12","1:14.660","24:58.273","Green","Track","0.580","6.485","2.844","3.968","10.585","7.377","5.556","4.006","10.912","15.821","1.587","4.939","142.241"
"3","GTLM","Antonio Garcia","15","1:17.920","25:07.636","Green","Track","0.626","7.006","2.930","4.189","10.915","7.769","5.632","4.304","11.709","15.754","1.710","5.376","131.789"
"84","DPi","Simon Trummer","14","1:14.747","25:13.932","Green","Track","0.578","6.505","2.726","4.271","10.899","7.392","5.484","4.039","11.020","15.387","1.534","4.912","142.734"
"6","DPi","Juan Pablo Montoya","14","1:12.443","25:22.697","Green","Track","0.569","6.394","2.630","3.853","10.367","7.327","5.137","4.004","10.762","14.887","1.613","4.900","144.991"
"67","GTLM","Ryan Briscoe","17","1:30.027","25:30.857","Green","Pit","0.631","7.042","2.895","4.064","11.109","7.897","5.728","4.303","11.863","15.923","3.517","15.055","130.745"
"54","DPi","Colin Braun","16","1:13.035","25:31.069","Green","Track","0.564","6.249","2.714","3.935","10.447","7.253","5.320","4.093","10.763","15.307","1.553","4.837","146.277"
"31","DPi","Felipe Nasr","16","3:37.315","25:34.239","Green","Pit","0.000","0.000","0.000","0.000","12.890","7.779","5.953","4.961","12.723","17.161","4.169","15.321","0.000"
"911","GTLM","Nick Tandy","17","1:17.632","25:34.971","Green","Track","0.627","6.986","2.917","4.079","10.991","7.705","5.485","4.327","11.579","15.902","1.675","5.359","131.579"
"10","DPi","Renger Van Der Zande","16","1:12.898","25:40.689","Green","Track","0.581","6.464","2.648","3.903","10.362","7.252","5.287","3.978","10.906","15.020","1.566","4.931","141.997"
"24","GTLM","John Edwards","14","1:18.606","26:06.960","Green","Track","0.632","7.022","2.951","4.042","10.966","7.668","5.654","4.300","11.650","16.568","1.717","5.436","130.538"
"55","DPi","Jonathan Bomarito","15","1:13.228","26:07.653","Green","Track","0.561","6.321","2.682","3.879","10.375","7.160","5.250","3.882","10.648","16.086","1.577","4.807","147.059"
"77","DPi","Tristan Nunez","10","1:15.934","26:12.917","Green","Track","0.564","6.365","3.105","4.306","11.083","7.340","5.642","3.957","10.894","16.208","1.606","4.864","146.277"
"3","GTLM","Antonio Garcia","16","1:17.490","26:25.126","Green","Track","0.626","6.993","2.890","4.073","10.834","7.781","5.575","4.260","11.554","15.861","1.689","5.354","131.789"
"50","DPi","Kyle Kaiser","13","1:28.412","26:26.685","Green","Pit","0.577","6.469","2.817","3.893","10.942","7.452","5.674","4.058","11.050","16.585","3.690","15.205","142.981"
"84","DPi","Simon Trummer","15","1:13.909","26:27.841","Green","Track","0.579","6.512","2.703","3.913","10.439","7.201","5.294","4.030","10.959","15.863","1.522","4.894","142.487"
"85","DPi","Misha Goikhberg","16","2:08.840","26:37.689","Green","Track","0.580","6.486","2.723","3.927","10.830","7.281","5.387","4.008","10.857","70.211","1.581","4.969","142.241"
"54","DPi","Colin Braun","17","1:14.491","26:45.560","Green","Track","0.561","6.287","2.626","3.963","10.702","7.819","5.691","4.020","10.793","15.660","1.547","4.822","147.059"
"4","GTLM","Tommy Milner","15","3:04.731","26:49.217","Green","Track","0.000","0.000","0.000","0.000","11.710","8.209","6.180","4.365","11.938","16.526","1.692","5.369","0.000"
"6","DPi","Juan Pablo Montoya","15","1:28.676","26:51.373","Green","Pit","0.568","6.412","2.586","3.826","10.330","7.366","5.089","4.053","11.376","18.473","3.765","14.832","145.246"
"911","GTLM","Nick Tandy","18","1:28.890","27:03.861","Green","Pit","0.629","6.992","2.887","4.094","10.800","7.748","5.568","4.289","11.653","16.063","3.067","15.100","131.161"
"10","DPi","Renger Van Der Zande","17","1:25.310","27:05.999","Green","Pit","0.580","6.479","2.685","3.927","10.399","7.285","5.394","3.967","10.968","15.480","3.342","14.804","142.241"
"25","GTLM","Tom Blomqvist","15","5:48.997","27:17.723","Green","Track","0.000","0.000","0.000","0.000","12.859","8.588","6.208","4.666","13.185","17.266","1.714","5.451","0.000"
"55","DPi","Jonathan Bomarito","16","1:12.286","27:19.939","Green","Track","0.560","6.308","2.749","3.955","10.284","7.145","5.241","3.937","10.670","14.981","1.609","4.847","147.321"
"24","GTLM","John Edwards","15","1:18.764","27:25.724","Green","Track","0.633","7.014","3.126","4.291","11.088","7.799","5.716","4.274","11.713","15.945","1.723","5.442","130.332"
"77","DPi","Tristan Nunez","11","1:13.476","27:26.393","Green","Track","0.567","6.381","2.784","4.023","10.670","7.186","5.384","3.864","10.783","15.382","1.601","4.851","145.503"
"84","DPi","Simon Trummer","16","1:14.832","27:42.673","Green","Track","0.577","6.497","2.768","3.963","10.513","7.278","5.281","4.023","11.290","16.181","1.538","4.923","142.981"
"3","GTLM","Antonio Garcia","17","1:17.566","27:42.692","Green","Track","0.625","7.005","2.920","4.089","10.900","7.702","5.543","4.297","11.546","15.842","1.712","5.385","132.000"
"85","DPi","Misha Goikhberg","17","1:15.453","27:53.142","Green","Track","0.583","6.534","2.793","4.004","10.897","7.994","5.512","3.993","11.037","15.593","1.571","4.942","141.509"
"54","DPi","Colin Braun","18","1:12.625","27:58.185","Green","Track","0.562","6.280","2.592","3.963","10.338","7.315","5.377","3.960","10.650","15.155","1.570","4.863","146.797"
"4","GTLM","Tommy Milner","16","1:18.922","28:08.139","Green","Track","0.626","6.992","2.951","4.200","11.101","7.942","5.755","4.324","11.716","16.263","1.690","5.362","131.789"
"31","DPi","Felipe Nasr","17","2:56.665","28:30.904","Green","Track","0.000","0.000","0.000","0.000","12.992","8.264","6.391","4.612","12.039","16.504","1.612","4.990","0.000"
"5","DPi","Joao Barbosa","18","4:37.029","28:34.000","Green","Track","0.000","0.000","0.000","0.000","12.236","7.866","6.148","4.094","11.473","16.452","1.564","4.940","0.000"
"55","DPi","Jonathan Bomarito","17","1:17.142","28:37.081","Green","Track","0.562","6.326","2.684","4.001","10.977","7.648","5.727","4.119","11.639","17.064","1.575","4.820","146.797"
"25","GTLM","Tom Blomqvist","16","1:21.106","28:38.829","Green","Track","0.634","7.040","3.110","4.312","11.322","7.851","6.229","4.442","11.980","17.077","1.697","5.412","130.126"
"77","DPi","Tristan Nunez","12","1:13.288","28:39.681","Green","Track","0.564","6.333","2.629","4.168","10.726","7.258","5.384","3.909","10.773","15.099","1.596","4.849","146.277"
"24","GTLM","John Edwards","16","1:18.431","28:44.155","Green","Track","0.632","7.018","2.987","4.138","11.171","7.719","5.672","4.296","11.653","15.974","1.721","5.450","130.538"
"84","DPi","Simon Trummer","17","1:13.659","28:56.332","Green","Track","0.580","6.518","2.681","3.960","10.512","7.257","5.358","3.977","10.901","15.463","1.542","4.910","142.241"
"67","GTLM","Ryan Briscoe","18","3:25.474","28:56.331","Green","Track","0.000","0.000","0.000","0.000","11.627","8.326","5.925","4.339","12.031","16.051","1.686","5.435","0.000"
"3","GTLM","Antonio Garcia","18","1:17.696","29:00.388","Green","Track","0.352","7.287","2.891","4.095","10.933","7.809","5.550","4.309","11.682","15.724","1.708","5.356","234.375"
"66","GTLM","Sebastien Bourdais","15","4:28.911","29:05.267","Green","Track","0.000","0.000","0.000","0.000","12.864","9.137","6.806","6.544","15.110","18.363","1.779","5.506","0.000"
"85","DPi","Misha Goikhberg","18","1:14.025","29:07.167","Green","Track","0.581","6.503","2.699","3.956","10.990","7.328","5.355","3.946","10.935","15.247","1.560","4.925","141.997"
"54","DPi","Colin Braun","19","1:12.129","29:10.314","Green","Track","0.564","6.292","2.589","3.878","10.342","7.185","5.313","3.897","10.627","15.033","1.562","4.847","146.277"
"4","GTLM","Tommy Milner","17","1:18.054","29:26.193","Green","Track","0.624","6.989","2.894","4.120","10.945","7.854","5.621","4.342","11.710","15.880","1.699","5.376","132.212"
"31","DPi","Felipe Nasr","18","1:14.709","29:45.613","Green","Track","0.586","6.516","2.933","4.029","10.723","7.470","5.568","4.027","11.138","15.240","1.556","4.923","140.785"
"5","DPi","Joao Barbosa","19","1:15.178","29:49.178","Green","Track","0.582","6.514","3.286","4.207","10.790","7.394","5.538","4.002","10.986","15.382","1.555","4.942","141.753"
"55","DPi","Jonathan Bomarito","18","1:16.481","29:53.562","Green","Track","0.562","6.328","2.707","3.985","10.474","7.211","5.318","3.948","12.083","17.469","1.583","4.813","146.797"
"77","DPi","Tristan Nunez","13","1:16.615","29:56.296","Green","Track","0.563","6.325","2.870","4.249","10.788","7.338","5.420","3.909","10.870","17.821","1.596","4.866","146.536"
"25","GTLM","Tom Blomqvist","17","1:21.021","29:59.850","Green","Track","0.631","7.006","3.064","4.556","11.403","7.795","5.564","4.315","11.680","17.877","1.696","5.434","130.745"
"24","GTLM","John Edwards","17","1:29.396","30:13.551","Green","Pit","0.632","7.016","2.949","4.082","11.001","7.717","5.652","4.303","11.710","15.966","3.286","15.082","130.538"
"67","GTLM","Ryan Briscoe","19","1:18.472","30:14.803","Green","Track","0.636","7.090","3.041","4.174","11.004","7.837","5.637","4.289","11.790","15.864","1.686","5.424","129.717"
"3","GTLM","Antonio Garcia","19","1:17.443","30:17.831","Green","Track","0.623","6.973","2.848","4.066","10.865","7.772","5.572","4.355","11.590","15.688","1.717","5.374","132.424"
"84","DPi","Simon Trummer","18","1:26.481","30:22.813","Green","Pit","0.579","6.501","2.729","3.924","10.625","7.270","5.253","4.025","10.840","15.680","4.119","14.936","142.487"
"10","DPi","Jordan Taylor","18","3:19.187","30:25.186","Green","Track","0.000","0.000","0.000","0.000","12.611","7.881","6.164","4.249","11.772","16.753","1.578","4.950","0.000"
"85","DPi","Misha Goikhberg","19","1:18.454","30:25.621","Green","Track","0.579","6.465","2.955","4.353","11.993","8.016","5.445","3.985","11.304","16.773","1.582","5.004","142.487"
"66","GTLM","Sebastien Bourdais","16","1:24.576","30:29.843","Green","Track","0.639","7.113","3.459","4.651","11.942","8.822","7.174","4.580","12.158","16.855","1.728","5.455","129.108"
"54","DPi","Colin Braun","20","1:27.799","30:38.113","Green","Pit","0.562","6.291","2.651","4.017","10.927","7.517","5.631","4.066","11.064","16.788","3.376","14.909","146.797"
"4","GTLM","Tommy Milner","18","1:17.780","30:43.973","Green","Track","0.627","6.981","2.888","4.093","10.834","7.865","5.612","4.354","11.686","15.773","1.698","5.369","131.579"
"31","DPi","Felipe Nasr","19","1:12.313","30:57.926","Green","Track","0.580","6.458","2.663","3.859","10.355","7.172","5.181","3.968","10.720","14.849","1.580","4.928","142.241"
"5","DPi","Joao Barbosa","20","1:13.122","31:02.300","Green","Track","0.579","6.501","2.810","3.791","10.335","7.288","5.371","4.014","10.950","14.996","1.548","4.939","142.487"
"55","DPi","Jonathan Bomarito","19","1:11.968","31:05.530","Green","Track","0.561","6.307","2.699","3.903","10.330","7.134","5.170","3.936","10.679","14.813","1.609","4.827","147.059"
"77","DPi","Tristan Nunez","14","1:14.187","31:10.483","Green","Track","0.564","6.359","2.715","3.975","10.474","7.634","5.560","4.001","10.964","15.521","1.588","4.832","146.277"
"25","GTLM","Tom Blomqvist","18","1:19.613","31:19.463","Green","Track","0.632","7.019","2.936","4.396","10.898","7.737","5.728","4.426","11.879","16.828","1.702","5.432","130.538"
"85","DPi","Misha Goikhberg","20","1:15.154","31:40.775","Green","Track","0.582","6.507","3.037","4.340","11.048","7.326","5.409","4.057","11.006","15.306","1.593","4.943","141.753"
"10","DPi","Jordan Taylor","19","1:19.109","31:44.295","Green","Track","0.580","6.514","3.075","4.260","10.915","7.372","5.521","4.009","13.979","16.399","1.559","4.926","142.241"
"67","GTLM","Ryan Briscoe","20","1:29.594","31:44.397","Green","Pit","0.633","7.088","2.925","4.086","10.943","7.808","5.675","4.278","11.753","15.850","3.495","15.060","130.332"
"3","GTLM","Antonio Garcia","20","1:29.450","31:47.281","Green","Pit","0.625","6.984","2.865","4.103","10.928","7.754","5.554","4.327","11.577","16.151","3.588","14.994","132.000"
"66","GTLM","Sebastien Bourdais","17","1:19.386","31:49.229","Green","Track","0.636","7.070","3.130","4.314","11.302","7.894","5.753","4.354","11.765","16.031","1.705","5.432","129.717"
"50","DPi","Kyle Kaiser","14","5:25.047","31:51.732","Green","Track","0.000","0.000","0.000","0.000","11.903","7.578","5.698","4.137","11.176","15.766","1.555","4.924","0.000"
"4","GTLM","Tommy Milner","19","1:18.124","32:02.097","Green","Track","0.626","6.977","2.942","4.132","10.926","7.870","5.684","4.277","11.711","15.933","1.694","5.352","131.789"
"911","GTLM","Nick Tandy","19","5:03.568","32:07.429","Green","Track","0.000","0.000","0.000","0.000","12.377","8.380","6.285","4.479","12.161","16.874","1.671","5.366","0.000"
"7","DPi","Helio Castroneves","15","8:05.437","32:07.466","Green","Track","0.000","0.000","0.000","0.000","12.793","8.123","6.234","4.251","11.324","16.826","1.596","4.856","0.000"
"31","DPi","Felipe Nasr","20","1:12.314","32:10.240","Green","Track","0.579","6.455","2.591","3.796","10.448","7.228","5.166","4.070","10.808","14.699","1.566","4.908","142.487"
"912","GTLM","Laurens Vanthoor","17","7:32.132","32:13.993","Green","Track","0.000","0.000","0.000","0.000","12.776","8.604","6.378","4.459","13.104","17.242","1.681","5.394","0.000"
"5","DPi","Joao Barbosa","21","1:12.987","32:15.287","Green","Track","0.581","6.499","2.706","3.850","10.371","7.326","5.344","3.931","10.820","15.117","1.534","4.908","141.997"
"55","DPi","Jonathan Bomarito","20","1:24.989","32:30.519","Green","Pit","0.559","6.292","2.677","3.908","10.473","7.171","5.300","3.911","11.076","15.494","3.320","14.808","147.585"
"77","DPi","Tristan Nunez","15","1:25.440","32:35.923","Green","Pit","0.564","6.349","2.714","4.097","10.745","7.224","5.372","3.888","10.776","15.312","3.558","14.841","146.277"
"25","GTLM","Tom Blomqvist","19","1:18.418","32:37.881","Green","Track","0.632","7.033","2.999","4.210","10.935","7.710","5.572","4.317","11.720","16.050","1.760","5.480","130.538"
"10","DPi","Jordan Taylor","20","1:14.653","32:58.948","Green","Track","0.579","6.499","2.821","4.061","10.559","7.284","5.520","3.959","11.233","15.609","1.582","4.947","142.487"
"85","DPi","Misha Goikhberg","21","1:26.385","33:07.160","Green","Pit","0.578","6.503","2.735","3.919","10.926","7.367","5.366","3.966","10.904","15.349","3.835","14.937","142.734"
"50","DPi","Kyle Kaiser","15","1:16.039","33:07.771","Green","Track","0.578","6.477","2.797","4.448","11.557","7.764","5.451","4.017","10.954","15.510","1.554","4.932","142.734"
"66","GTLM","Sebastien Bourdais","18","1:22.644","33:11.873","Green","Track","0.634","7.072","2.888","5.834","11.648","8.344","6.281","4.432","11.941","16.404","1.715","5.451","130.126"
"4","GTLM","Tommy Milner","20","1:17.526","33:19.623","Green","Track","0.624","6.968","2.863","4.087","10.852","7.723","5.581","4.362","11.620","15.784","1.705","5.357","132.212"
"7","DPi","Helio Castroneves","16","1:17.797","33:25.263","Green","Track","0.563","6.392","2.866","3.893","10.576","7.467","5.536","4.719","12.451","16.850","1.604","4.880","146.536"
"31","DPi","Felipe Nasr","21","1:16.538","33:26.778","Green","Track","0.576","6.423","2.686","4.001","11.065","7.367","5.505","4.544","11.491","16.432","1.548","4.900","143.229"
"911","GTLM","Nick Tandy","20","1:20.655","33:28.084","Green","Track","0.631","7.010","3.116","4.335","11.364","8.478","6.117","4.338","11.905","16.318","1.679","5.364","130.745"
"5","DPi","Joao Barbosa","22","1:14.702","33:29.989","Green","Track","0.579","6.459","2.992","4.150","11.128","7.448","5.324","4.015","10.937","15.197","1.551","4.922","142.487"
"912","GTLM","Laurens Vanthoor","18","1:20.957","33:34.950","Green","Track","0.637","7.033","3.109","4.367","12.166","7.976","6.168","4.329","11.991","16.144","1.664","5.373","129.513"
"6","DPi","Juan Pablo Montoya","16","7:00.079","33:51.452","Green","Track","0.000","0.000","0.000","0.000","13.020","8.261","6.507","4.338","12.026","20.056","1.655","4.947","0.000"
"25","GTLM","Tom Blomqvist","20","1:34.585","34:12.466","Green","Pit","0.635","7.032","2.937","4.135","10.894","7.772","5.613","4.385","12.555","18.794","4.716","15.117","129.921"
"10","DPi","Jordan Taylor","21","1:13.999","34:12.947","Green","Track","0.581","6.518","2.658","3.947","10.514","7.229","5.498","4.075","11.157","15.317","1.570","4.935","141.997"
"84","DPi","Simon Trummer","19","3:50.638","34:13.451","Green","Pit","0.000","0.000","0.000","0.000","14.316","9.632","7.175","4.698","12.283","18.195","4.660","15.071","0.000"
"50","DPi","Kyle Kaiser","16","1:13.202","34:20.973","Green","Track","0.579","6.509","2.694","3.857","10.361","7.314","5.421","3.993","10.795","15.104","1.603","4.972","142.487"
"66","GTLM","Sebastien Bourdais","19","1:18.383","34:30.256","Green","Track","0.636","7.103","3.072","4.164","10.841","7.770","5.633","4.340","11.745","15.944","1.701","5.434","129.717"
"54","DPi","Jonathan Bennett","21","4:00.708","34:38.821","Green","Track","0.000","0.000","0.000","0.000","11.671","7.791","5.640","4.076","11.105","15.965","1.549","4.843","0.000"
"7","DPi","Helio Castroneves","17","1:16.241","34:41.504","Green","Track","0.566","6.367","2.628","3.848","10.439","7.204","5.363","4.001","11.089","18.220","1.627","4.889","145.760"
"5","DPi","Joao Barbosa","23","1:15.137","34:45.126","Green","Track","0.580","6.473","2.689","3.805","10.456","7.439","5.735","3.928","11.125","16.462","1.534","4.911","142.241"
"911","GTLM","Nick Tandy","21","1:18.394","34:46.478","Green","Track","0.630","6.994","2.924","4.079","10.843","7.650","5.590","4.600","11.878","16.181","1.665","5.360","130.952"
"4","GTLM","Tommy Milner","21","1:30.045","34:49.668","Green","Pit","0.624","6.982","2.918","4.178","10.973","7.964","5.700","4.319","11.628","16.230","3.545","14.984","132.212"
"912","GTLM","Laurens Vanthoor","19","1:18.713","34:53.663","Green","Track","0.632","7.026","2.945","4.213","11.262","7.856","5.774","4.194","11.678","16.102","1.666","5.365","130.538"
"3","GTLM","Jan Magnussen","21","3:06.695","34:53.976","Green","Track","0.000","0.000","0.000","0.000","12.273","8.379","5.856","4.300","12.013","16.398","1.766","5.960","0.000"
"31","DPi","Felipe Nasr","22","1:29.204","34:55.982","Green","Pit","0.576","6.439","2.752","4.017","10.937","7.323","5.445","4.149","11.136","16.864","4.291","15.275","143.229"
"77","DPi","Oliver Jarvis","16","2:24.614","35:00.537","Green","Track","0.000","0.000","0.000","0.000","12.458","7.887","7.167","4.072","11.290","19.067","1.572","4.812","0.000"
"6","DPi","Juan Pablo Montoya","17","1:16.214","35:07.666","Green","Track","0.574","6.464","2.834","4.082","11.305","7.535","5.508","4.165","11.602","15.649","1.594","4.902","143.728"
"67","GTLM","Ryan Briscoe","21","3:29.603","35:14.000","Green","Track","0.000","0.000","0.000","0.000","13.654","9.276","6.558","4.682","12.325","17.281","1.715","5.456","0.000"
"10","DPi","Jordan Taylor","22","1:13.576","35:26.523","Green","Track","0.579","6.524","2.649","3.873","10.312","7.339","5.411","3.964","10.921","15.497","1.571","4.936","142.487"
"24","GTLM","John Edwards","18","5:15.591","35:29.142","Green","Track","0.000","0.000","0.000","0.000","12.757","8.650","6.296","4.515","12.272","19.166","1.747","5.466","0.000"
"50","DPi","Kyle Kaiser","17","1:12.806","35:33.779","Green","Track","0.581","6.524","2.622","3.778","10.272","7.322","5.392","3.925","10.783","15.115","1.560","4.932","141.997"
"66","GTLM","Sebastien Bourdais","20","1:17.800","35:48.056","Green","Track","0.633","7.076","2.950","4.071","10.784","7.766","5.590","4.312","11.657","15.820","1.714","5.427","130.332"
"7","DPi","Helio Castroneves","18","1:14.977","35:56.481","Green","Track","0.566","6.348","2.616","3.859","10.278","7.221","5.499","3.998","12.074","16.046","1.592","4.880","145.760"
"5","DPi","Joao Barbosa","24","1:13.355","35:58.481","Green","Track","0.579","6.479","2.698","3.844","10.272","7.266","5.322","3.938","10.840","15.701","1.519","4.897","142.487"
"911","GTLM","Nick Tandy","22","1:17.327","36:03.805","Green","Track","0.630","6.990","2.900","4.096","10.757","7.646","5.554","4.274","11.596","15.794","1.701","5.389","130.952"
"55","DPi","Harry Tincknell","21","3:37.028","36:07.547","Green","Pit","0.000","0.000","0.000","0.000","12.820","8.064","5.823","4.105","11.169","15.999","4.263","14.899","0.000"
"54","DPi","Jonathan Bennett","22","1:32.237","36:11.058","Green","Pit","0.563","6.296","2.914","4.167","11.050","7.749","6.051","4.163","12.263","17.725","4.369","14.927","146.536"
"912","GTLM","Laurens Vanthoor","20","1:17.540","36:11.203","Green","Track","0.630","7.006","2.926","4.081","10.836","7.693","5.645","4.223","11.666","15.795","1.672","5.367","130.952"
"77","DPi","Oliver Jarvis","17","1:14.845","36:15.382","Green","Track","0.561","6.333","2.624","4.050","10.731","7.391","5.711","3.996","10.983","15.968","1.628","4.869","147.059"
"3","GTLM","Jan Magnussen","22","1:21.320","36:15.296","Green","Track","0.674","7.246","3.130","4.364","11.274","8.278","5.781","4.369","11.817","17.311","1.706","5.370","122.404"
"6","DPi","Juan Pablo Montoya","18","1:12.243","36:19.909","Green","Track","0.570","6.432","2.588","3.805","10.415","7.271","5.064","4.003","10.801","14.800","1.598","4.896","144.737"
"67","GTLM","Ryan Briscoe","22","1:20.358","36:34.358","Green","Track","0.636","7.118","3.117","4.409","11.503","7.979","5.912","4.331","11.941","16.336","1.678","5.398","129.717"
"10","DPi","Jordan Taylor","23","1:13.036","36:39.559","Green","Track","0.580","6.519","2.669","3.841","10.345","7.228","5.385","3.983","10.898","15.090","1.569","4.929","142.241"
"84","DPi","Simon Trummer","20","2:39.154","36:52.605","Green","Track","0.000","0.000","0.000","0.000","13.864","9.107","6.940","4.754","12.194","17.244","1.580","4.994","0.000"
"24","GTLM","John Edwards","19","1:26.740","36:55.882","Green","Track","0.635","7.046","3.104","4.297","11.754","8.926","6.134","4.506","15.900","17.272","1.720","5.446","129.921"
"31","DPi","Felipe Nasr","23","2:05.251","37:01.233","Green","Track","0.000","0.000","0.000","0.000","11.165","7.523","5.424","4.075","11.136","15.382","1.574","4.920","0.000"
"50","DPi","Kyle Kaiser","18","1:27.740","37:01.519","Green","Pit","0.579","6.495","2.629","3.836","10.576","7.548","6.591","4.030","11.339","15.501","3.439","15.177","142.487"
"66","GTLM","Sebastien Bourdais","21","1:18.285","37:06.341","Green","Track","0.633","7.075","2.939","4.058","10.806","7.822","5.769","4.316","11.724","16.024","1.695","5.424","130.332"
"7","DPi","Helio Castroneves","19","1:12.160","37:08.641","Green","Track","0.566","6.367","2.660","3.864","10.323","7.194","5.228","3.972","10.708","14.883","1.561","4.834","145.760"
"5","DPi","Joao Barbosa","25","1:12.446","37:10.927","Green","Track","0.578","6.472","2.662","3.842","10.216","7.244","5.345","3.905","10.789","14.874","1.574","4.945","142.734"
"911","GTLM","Nick Tandy","23","1:17.186","37:20.991","Green","Track","0.630","7.023","2.844","4.064","10.705","7.650","5.538","4.315","11.634","15.741","1.678","5.364","130.952"
"912","GTLM","Laurens Vanthoor","21","1:17.320","37:28.523","Green","Track","0.631","7.016","2.916","4.094","10.791","7.696","5.617","4.236","11.616","15.659","1.677","5.371","130.745"
"77","DPi","Oliver Jarvis","18","1:13.846","37:29.228","Green","Track","0.565","6.361","2.655","4.000","10.647","7.331","5.349","3.889","10.959","15.546","1.654","4.890","146.018"
"3","GTLM","Jan Magnussen","23","1:19.115","37:34.411","Green","Track","0.350","7.313","3.048","4.301","11.215","7.926","5.690","4.411","11.771","16.010","1.706","5.374","235.714"
"6","DPi","Juan Pablo Montoya","19","1:25.051","37:44.960","Green","Track","0.569","7.018","5.074","6.316","16.228","8.027","5.385","3.985","10.764","15.197","1.590","4.898","144.991"
"55","DPi","Harry Tincknell","22","1:40.693","37:48.240","Green","Track","0.000","0.000","0.000","0.000","11.788","7.724","5.598","3.966","10.995","15.308","1.563","4.807","0.000"
"67","GTLM","Ryan Briscoe","23","1:18.200","37:52.558","Green","Track","0.631","7.085","2.953","4.158","10.976","7.787","5.688","4.265","11.773","15.813","1.674","5.397","130.745"
"10","DPi","Jordan Taylor","24","1:13.416","37:52.975","Green","Track","0.579","6.488","2.671","3.843","10.354","7.394","5.359","3.969","10.936","15.360","1.554","4.909","142.487"
"4","GTLM","Tommy Milner","22","3:09.653","37:59.321","Green","Track","0.000","0.000","0.000","0.000","11.511","7.976","5.818","4.299","11.770","16.039","1.699","5.363","0.000"
"54","DPi","Jonathan Bennett","23","1:53.585","38:04.643","Green","Track","0.000","0.000","0.000","0.000","11.515","7.827","5.802","4.027","11.101","16.230","1.586","4.881","0.000"
"84","DPi","Simon Trummer","21","1:17.707","38:10.312","Green","Track","0.591","6.616","3.074","4.324","11.596","7.738","5.899","4.047","11.556","15.728","1.560","4.978","139.594"
"24","GTLM","John Edwards","20","1:19.108","38:14.990","Green","Track","0.635","7.030","3.121","4.166","11.113","7.780","5.751","4.325","11.773","16.269","1.714","5.431","129.921"
"31","DPi","Felipe Nasr","24","1:13.774","38:15.007","Green","Track","0.579","6.450","2.637","3.850","10.549","7.291","5.597","3.981","11.238","15.155","1.557","4.890","142.487"
"5","DPi","Joao Barbosa","26","1:13.101","38:24.028","Green","Track","0.580","6.476","2.643","3.769","10.258","7.300","5.319","3.897","10.806","15.587","1.543","4.923","142.241"
"66","GTLM","Sebastien Bourdais","22","1:21.919","38:28.260","Green","Track","0.634","7.058","2.891","4.057","10.666","7.758","5.578","4.323","12.830","18.970","1.716","5.438","130.126"
"7","DPi","Helio Castroneves","20","1:19.584","38:28.225","Green","Track","0.563","6.331","2.681","3.873","10.441","7.245","5.646","4.025","13.421","18.917","1.587","4.854","146.536"
"85","DPi","Misha Goikhberg","22","5:31.190","38:38.350","Green","Track","0.000","0.000","0.000","0.000","12.386","7.808","5.919","4.761","11.364","37.660","1.580","4.973","0.000"
"911","GTLM","Nick Tandy","24","1:18.370","38:39.361","Green","Track","0.629","6.997","2.873","4.036","10.751","7.633","5.546","4.284","11.625","16.983","1.667","5.346","131.161"
"77","DPi","Oliver Jarvis","19","1:17.922","38:47.150","Green","Track","0.566","6.349","2.750","4.413","11.586","7.807","5.864","4.067","11.195","16.893","1.598","4.834","145.760"
"912","GTLM","Laurens Vanthoor","22","1:21.060","38:49.583","Green","Track","0.631","7.000","3.277","4.658","11.583","8.084","6.052","4.614","12.248","15.916","1.653","5.344","130.745"
"3","GTLM","Jan Magnussen","24","1:18.341","38:52.752","Green","Track","0.626","6.999","2.952","4.226","11.057","7.890","5.619","4.336","11.633","15.940","1.699","5.364","131.789"
"25","GTLM","Tom Blomqvist","21","4:46.203","38:58.669","Green","Track","0.000","0.000","0.000","0.000","12.052","8.265","5.922","4.492","12.058","16.481","1.717","5.437","0.000"
"55","DPi","Harry Tincknell","23","1:13.530","39:01.770","Green","Track","0.562","6.317","2.720","4.022","10.687","7.390","5.277","3.954","10.823","15.361","1.592","4.825","146.797"
"6","DPi","Juan Pablo Montoya","20","1:20.725","39:05.685","Green","Track","0.570","6.400","2.581","3.791","10.369","7.930","5.520","4.075","11.067","21.919","1.601","4.902","144.737"
"10","DPi","Jordan Taylor","25","1:16.221","39:09.196","Green","Track","0.576","6.467","2.657","3.851","10.328","7.346","5.327","3.953","10.887","18.290","1.595","4.944","143.229"
"67","GTLM","Ryan Briscoe","24","1:18.559","39:11.117","Green","Track","0.632","7.065","3.099","4.255","10.960","7.786","5.720","4.277","11.853","15.856","1.666","5.390","130.538"
"4","GTLM","Tommy Milner","23","1:17.957","39:17.278","Green","Track","0.626","6.992","2.866","4.117","10.966","7.833","5.679","4.283","11.616","15.928","1.695","5.356","131.789"
"54","DPi","Jonathan Bennett","24","1:15.931","39:20.574","Green","Track","0.564","6.278","2.825","4.426","11.094","7.676","5.536","4.018","11.022","16.013","1.590","4.889","146.277"
"84","DPi","Simon Trummer","22","1:14.905","39:25.217","Green","Track","0.587","6.580","2.877","3.971","10.811","7.422","5.489","3.992","11.126","15.521","1.561","4.968","140.545"
"31","DPi","Felipe Nasr","25","1:12.072","39:27.079","Green","Track","0.575","6.437","2.598","3.830","10.292","7.151","5.150","3.970","10.782","14.771","1.587","4.929","143.478"
"24","GTLM","John Edwards","21","1:18.490","39:33.480","Green","Track","0.630","7.013","2.913","4.088","11.037","7.891","5.654","4.330","11.796","15.996","1.712","5.430","130.952"
"5","DPi","Joao Barbosa","27","1:12.271","39:36.299","Green","Track","0.580","6.478","2.712","3.743","10.265","7.282","5.271","3.886","10.689","14.883","1.557","4.925","142.241"
"7","DPi","Helio Castroneves","21","1:12.165","39:40.390","Green","Track","0.563","6.347","2.540","3.880","10.322","7.257","5.198","3.975","10.710","14.914","1.582","4.877","146.536"
"66","GTLM","Sebastien Bourdais","23","1:18.205","39:46.465","Green","Track","0.635","7.049","2.920","4.138","10.916","7.834","5.643","4.305","11.687","15.948","1.703","5.427","129.921"
"85","DPi","Misha Goikhberg","23","1:15.889","39:54.239","Green","Track","0.583","6.559","3.079","4.161","11.131","7.420","5.627","3.982","10.970","15.862","1.565","4.950","141.509"
"911","GTLM","Nick Tandy","25","1:17.446","39:56.807","Green","Track","0.627","6.991","2.916","4.042","10.721","7.696","5.536","4.421","11.629","15.739","1.726","5.402","131.579"
"50","DPi","Kyle Kaiser","19","2:59.142","40:00.661","Green","Track","0.000","0.000","0.000","0.000","11.108","7.518","5.644","4.016","11.018","15.416","1.580","4.956","0.000"
"77","DPi","Oliver Jarvis","20","1:18.625","40:05.775","Green","Track","0.564","6.362","2.706","3.983","10.732","7.359","5.557","3.940","12.771","18.195","1.613","4.843","146.277"
"912","GTLM","Laurens Vanthoor","23","1:16.944","40:06.527","Green","Track","0.629","6.994","2.843","4.024","10.688","7.665","5.572","4.204","11.539","15.767","1.672","5.347","131.161"
"3","GTLM","Jan Magnussen","25","1:18.034","40:10.786","Green","Track","0.625","6.988","2.941","4.196","10.961","7.876","5.624","4.289","11.673","15.799","1.701","5.361","132.000"
"55","DPi","Harry Tincknell","24","1:13.889","40:15.659","Green","Track","0.562","6.321","2.729","4.015","10.706","7.403","5.425","4.069","10.828","15.337","1.623","4.871","146.797"
"25","GTLM","Tom Blomqvist","22","1:18.499","40:17.168","Green","Track","0.633","7.023","2.989","4.171","10.993","7.694","5.629","4.402","11.630","16.226","1.701","5.408","130.332"
"10","DPi","Jordan Taylor","26","1:13.075","40:22.271","Green","Track","0.580","6.487","2.618","3.804","10.348","7.290","5.380","4.010","10.890","15.181","1.563","4.924","142.241"
"6","DPi","Juan Pablo Montoya","21","1:26.805","40:32.490","Green","Pit","0.570","6.397","2.592","3.827","10.361","7.383","5.066","4.377","11.356","16.473","3.576","14.827","144.737"
"4","GTLM","Tommy Milner","24","1:17.704","40:34.982","Green","Track","0.625","6.980","2.866","4.114","10.923","7.787","5.639","4.294","11.584","15.834","1.704","5.354","132.000"
"54","DPi","Jonathan Bennett","25","1:15.442","40:36.016","Green","Track","0.565","6.297","2.809","4.124","10.744","7.631","5.739","3.957","11.056","16.112","1.569","4.839","146.018"
"84","DPi","Simon Trummer","23","1:14.965","40:40.182","Green","Track","0.587","6.586","2.689","3.874","10.666","7.327","5.395","3.995","10.984","16.266","1.595","5.001","140.545"
"31","DPi","Felipe Nasr","26","1:21.189","40:48.268","Green","Track","0.578","6.444","2.618","3.842","11.043","8.980","6.803","4.797","13.701","15.897","1.571","4.915","142.734"
"5","DPi","Joao Barbosa","28","1:13.639","40:49.938","Green","Track","0.578","6.464","2.692","3.802","10.286","7.249","5.397","4.068","11.250","15.414","1.536","4.903","142.734"
"24","GTLM","John Edwards","22","1:17.960","40:51.440","Green","Track","0.632","7.011","2.887","4.011","10.918","7.701","5.636","4.289","11.809","15.965","1.701","5.400","130.538"
"7","DPi","Helio Castroneves","22","1:11.918","40:52.308","Green","Track","0.566","6.360","2.598","3.802","10.236","7.138","5.207","3.956","10.626","14.960","1.604","4.865","145.760"
"66","GTLM","Sebastien Bourdais","24","1:17.438","41:03.903","Green","Track","0.633","7.063","2.866","4.085","10.677","7.789","5.507","4.336","11.619","15.739","1.701","5.423","130.332"
"85","DPi","Misha Goikhberg","24","1:14.666","41:08.905","Green","Track","0.581","6.538","2.783","4.178","10.892","7.332","5.381","4.048","10.886","15.526","1.569","4.952","141.997"
"911","GTLM","Nick Tandy","26","1:17.194","41:14.001","Green","Track","0.631","6.996","2.866","4.008","10.738","7.747","5.551","4.284","11.593","15.728","1.683","5.369","130.745"
"50","DPi","Kyle Kaiser","20","1:14.439","41:15.100","Green","Track","0.579","6.512","2.734","3.921","10.719","7.453","5.502","4.167","10.909","15.442","1.561","4.940","142.487"
"77","DPi","Oliver Jarvis","21","1:13.110","41:18.885","Green","Track","0.562","6.360","2.628","3.870","10.539","7.273","5.299","3.934","10.900","15.248","1.638","4.859","146.797"
"912","GTLM","Laurens Vanthoor","24","1:16.946","41:23.473","Green","Track","0.629","6.978","2.861","3.996","10.604","7.646","5.548","4.259","11.551","15.850","1.667","5.357","131.161"
"3","GTLM","Jan Magnussen","26","1:18.098","41:28.884","Green","Track","0.626","6.991","2.918","4.156","10.962","7.814","5.575","4.332","11.629","16.080","1.674","5.341","131.789"
"55","DPi","Harry Tincknell","25","1:13.968","41:29.627","Green","Track","0.567","6.348","2.656","3.983","10.620","7.322","5.338","4.087","10.769","15.771","1.635","4.872","145.503"
"10","DPi","Jordan Taylor","27","1:13.882","41:36.153","Green","Track","0.579","6.484","2.626","3.832","10.405","7.240","5.312","3.982","10.820","16.080","1.588","4.934","142.487"
"25","GTLM","Tom Blomqvist","23","1:18.999","41:36.167","Green","Track","0.630","6.989","2.943","4.061","10.822","7.582","5.586","4.312","11.568","17.366","1.710","5.430","130.952"
"67","GTLM","Ryan Briscoe","25","2:31.067","41:42.184","Green","Track","0.632","7.081","2.908","4.048","10.866","7.741","5.595","4.245","11.699","88.907","1.807","5.538","130.538"
"54","DPi","Jonathan Bennett","26","1:16.698","41:52.714","Green","Track","0.562","6.250","2.860","4.524","11.176","7.643","5.696","4.005","11.143","16.369","1.588","4.882","146.797"
"4","GTLM","Tommy Milner","25","1:20.556","41:55.538","Green","Track","0.623","6.969","2.903","4.155","10.892","7.754","5.645","4.272","11.658","18.612","1.703","5.370","132.424"
"31","DPi","Felipe Nasr","27","1:12.126","42:00.394","Green","Track","0.577","6.431","2.589","3.771","10.281","7.216","5.225","3.922","10.789","14.828","1.571","4.926","142.981"
"84","DPi","Simon Trummer","24","1:21.829","42:02.011","Green","Track","0.587","6.558","2.595","6.584","13.012","8.108","5.892","4.055","11.921","15.940","1.585","4.992","140.545"
"5","DPi","Joao Barbosa","29","1:12.390","42:02.328","Green","Track","0.577","6.450","2.649","3.778","10.268","7.249","5.284","3.881","10.642","15.121","1.567","4.924","142.981"
"24","GTLM","John Edwards","23","1:18.787","42:10.227","Green","Track","0.629","6.990","2.960","4.263","11.247","7.698","5.650","4.281","11.836","16.004","1.758","5.471","131.161"
"7","DPi","Helio Castroneves","23","1:23.499","42:15.807","Green","Pit","0.564","6.304","2.652","4.020","10.394","7.210","5.197","3.887","10.641","14.855","2.945","14.830","146.277"
"66","GTLM","Sebastien Bourdais","25","1:17.322","42:21.225","Green","Track","0.632","7.053","2.880","4.059","10.723","7.752","5.523","4.348","11.566","15.661","1.703","5.422","130.538"
"85","DPi","Misha Goikhberg","25","1:13.868","42:22.773","Green","Track","0.581","6.513","2.672","3.905","10.758","7.393","5.337","4.030","10.863","15.364","1.538","4.914","141.997"
"50","DPi","Kyle Kaiser","21","1:15.443","42:30.543","Green","Track","0.578","6.498","2.877","3.995","10.980","7.483","5.683","4.097","11.051","15.696","1.567","4.938","142.734"
"911","GTLM","Nick Tandy","27","1:17.634","42:31.635","Green","Track","0.629","6.986","2.874","4.035","10.761","7.703","5.498","4.268","11.571","16.296","1.668","5.345","131.161"
"77","DPi","Oliver Jarvis","22","1:19.848","42:38.733","Green","Track","0.563","6.334","2.649","3.867","10.623","7.385","5.499","4.104","13.236","19.161","1.606","4.821","146.536"
"912","GTLM","Laurens Vanthoor","25","1:16.710","42:40.183","Green","Track","0.630","6.994","2.812","4.027","10.567","7.643","5.510","4.263","11.531","15.712","1.669","5.352","130.952"
"55","DPi","Harry Tincknell","26","1:12.702","42:42.329","Green","Track","0.563","6.314","2.629","3.919","10.635","7.242","5.223","3.998","10.689","14.978","1.638","4.874","146.536"
"3","GTLM","Jan Magnussen","27","1:17.944","42:46.828","Green","Track","0.623","6.980","2.971","4.163","11.034","7.809","5.568","4.309","11.587","15.852","1.698","5.350","132.424"
"10","DPi","Jordan Taylor","28","1:15.514","42:51.667","Green","Track","0.577","6.473","2.626","3.916","10.373","7.280","5.348","3.943","10.868","17.607","1.578","4.925","142.981"
"25","GTLM","Tom Blomqvist","24","1:17.704","42:53.871","Green","Track","0.631","7.018","2.939","4.109","10.735","7.638","5.525","4.315","11.766","15.847","1.731","5.450","130.745"
"67","GTLM","Ryan Briscoe","26","1:19.772","43:01.956","Green","Track","0.641","7.126","3.267","4.512","11.414","8.005","5.751","4.245","11.862","15.863","1.683","5.403","128.705"
"54","DPi","Jonathan Bennett","27","1:16.282","43:08.996","Green","Track","0.563","6.295","2.734","4.197","10.804","7.701","5.603","4.000","10.933","16.979","1.595","4.878","146.536"
"31","DPi","Felipe Nasr","28","1:12.900","43:13.294","Green","Track","0.578","6.439","2.553","3.753","10.264","7.220","5.154","4.012","10.711","15.764","1.562","4.890","142.734"
"4","GTLM","Tommy Milner","26","1:17.802","43:13.340","Green","Track","0.624","6.971","2.831","4.097","10.950","7.757","5.616","4.352","11.638","15.882","1.711","5.373","132.212"
"84","DPi","Simon Trummer","25","1:13.848","43:15.859","Green","Track","0.587","6.555","2.741","3.951","10.566","7.373","5.391","4.016","10.878","15.206","1.596","4.988","140.545"
"5","DPi","Joao Barbosa","30","1:18.783","43:21.111","Green","Track","0.578","6.419","2.870","4.053","10.633","7.341","5.493","3.941","13.506","17.504","1.542","4.903","142.734"
"24","GTLM","John Edwards","24","1:17.934","43:28.161","Green","Track","0.634","7.027","2.886","4.091","10.959","7.707","5.635","4.301","11.681","15.890","1.705","5.418","130.126"
"85","DPi","Misha Goikhberg","26","1:15.071","43:37.844","Green","Track","0.579","6.497","2.831","4.059","10.750","7.436","5.471","4.101","11.106","15.695","1.584","4.962","142.487"
"66","GTLM","Sebastien Bourdais","26","1:20.148","43:41.373","Green","Track","0.632","7.063","2.895","4.030","10.630","7.750","5.540","4.302","11.575","18.592","1.707","5.432","130.538"
"6","DPi","Juan Pablo Montoya","22","3:12.298","43:44.788","Green","Track","0.000","0.000","0.000","0.000","12.404","7.855","5.352","3.977","10.868","15.924","1.584","4.870","0.000"
"50","DPi","Kyle Kaiser","22","1:16.254","43:46.797","Green","Track","0.579","6.591","2.884","3.951","11.072","7.508","5.664","4.221","11.113","16.120","1.585","4.966","142.487"
"911","GTLM","Nick Tandy","28","1:16.944","43:48.579","Green","Track","0.626","6.995","2.838","4.021","10.671","7.692","5.526","4.295","11.575","15.644","1.693","5.368","131.789"
"55","DPi","Harry Tincknell","27","1:13.488","43:55.817","Green","Track","0.564","6.332","2.667","4.040","10.978","7.379","5.284","3.945","10.793","15.036","1.609","4.861","146.277"
"10","DPi","Jordan Taylor","29","1:13.616","44:05.283","Green","Track","0.578","6.494","2.704","3.937","10.337","7.241","5.357","3.936","10.908","15.617","1.575","4.932","142.734"
"3","GTLM","Jan Magnussen","28","1:18.560","44:05.388","Green","Track","0.623","7.003","2.882","4.061","10.903","7.870","5.648","4.309","11.618","16.533","1.724","5.386","132.424"
"77","DPi","Oliver Jarvis","23","1:28.876","44:07.609","Green","Pit","0.561","6.353","2.647","3.926","10.531","7.408","5.378","3.994","11.483","17.472","4.258","14.865","147.059"
"25","GTLM","Tom Blomqvist","25","1:17.969","44:11.840","Green","Track","0.633","7.020","2.902","4.097","10.896","7.674","5.579","4.290","11.623","16.079","1.726","5.450","130.332"
"912","GTLM","Laurens Vanthoor","26","1:33.258","44:13.441","Green","Pit","0.629","6.989","3.151","4.338","12.417","7.981","5.903","4.307","11.912","16.774","3.791","15.066","131.161"
"67","GTLM","Ryan Briscoe","27","1:18.249","44:20.205","Green","Track","0.631","7.082","2.957","4.089","10.968","7.851","5.621","4.298","11.783","15.881","1.685","5.403","130.745"
"54","DPi","Jonathan Bennett","28","1:15.067","44:24.063","Green","Track","0.567","6.292","2.762","4.171","10.929","7.589","5.423","4.011","10.899","15.941","1.603","4.880","145.503"
"31","DPi","Felipe Nasr","29","1:11.937","44:25.231","Green","Track","0.576","6.440","2.592","3.817","10.190","7.162","5.161","3.952","10.709","14.856","1.572","4.910","143.229"
"84","DPi","Simon Trummer","26","1:14.194","44:30.053","Green","Track","0.588","6.535","2.686","3.867","10.535","7.542","5.474","4.013","11.003","15.363","1.599","4.989","140.306"
"4","GTLM","Tommy Milner","27","1:18.234","44:31.574","Green","Track","0.626","6.986","2.892","4.111","10.869","7.790","5.674","4.372","11.705","16.162","1.690","5.357","131.789"
"5","DPi","Joao Barbosa","31","1:12.125","44:33.236","Green","Track","0.580","6.472","2.641","3.757","10.126","7.218","5.297","3.925","10.659","14.926","1.583","4.941","142.241"
"85","DPi","Misha Goikhberg","27","1:14.025","44:51.869","Green","Track","0.583","6.521","2.670","3.940","10.705","7.364","5.340","3.954","10.914","15.538","1.559","4.937","141.509"
"24","GTLM","John Edwards","25","1:28.807","44:56.968","Green","Pit","0.631","7.012","2.879","4.036","10.926","7.739","5.608","4.276","11.667","15.809","3.146","15.078","130.745"
"6","DPi","Juan Pablo Montoya","23","1:13.608","44:58.396","Green","Track","0.569","6.392","2.585","3.811","10.450","7.360","5.078","4.019","10.851","15.939","1.628","4.926","144.991"
"50","DPi","Kyle Kaiser","23","1:15.813","45:02.610","Finish","Track","0.581","6.561","2.869","3.911","10.906","7.566","5.562","4.140","11.071","16.082","1.589","4.975","141.997"
"911","GTLM","Nick Tandy","29","1:17.106","45:05.685","Finish","Track","0.630","6.995","2.898","3.976","10.736","7.676","5.505","4.277","11.604","15.730","1.703","5.376","130.952"
"55","DPi","Harry Tincknell","28","1:13.060","45:08.877","Finish","Track","0.564","6.349","2.713","4.047","10.511","7.302","5.312","4.199","10.662","14.925","1.604","4.872","146.277"
"66","GTLM","Sebastien Bourdais","27","1:31.293","45:12.666","Finish","Pit","0.634","7.071","2.863","4.031","10.674","7.741","5.532","4.311","11.857","17.521","3.988","15.070","130.126"
"10","DPi","Jordan Taylor","30","1:12.727","45:18.010","Finish","Track","0.580","6.483","2.590","3.854","10.330","7.190","5.348","3.952","10.788","15.113","1.565","4.934","142.241"
"3","GTLM","Jan Magnussen","29","1:17.977","45:23.365","Finish","Track","0.628","7.004","2.875","4.167","10.921","7.855","5.556","4.408","11.639","15.877","1.696","5.351","131.369"
"25","GTLM","Tom Blomqvist","26","1:18.194","45:30.034","Finish","Track","0.633","7.016","2.949","4.197","11.069","7.682","5.669","4.300","11.619","15.946","1.701","5.413","130.332"
"67","GTLM","Ryan Briscoe","28","1:17.816","45:38.021","Finish","Track","0.632","7.084","2.977","4.098","10.855","7.750","5.574","4.297","11.704","15.753","1.684","5.408","130.538"
"54","DPi","Jonathan Bennett","29","1:14.995","45:39.058","Finish","Track","0.564","6.294","2.920","4.144","10.687","7.479","5.605","3.922","11.059","15.871","1.588","4.862","146.277"
"84","DPi","Simon Trummer","27","1:14.103","45:44.156","Finish","Track","0.587","6.576","2.641","3.916","10.550","7.289","5.385","4.129","11.141","15.305","1.592","4.992","140.545"
"4","GTLM","Tommy Milner","28","1:18.875","45:50.449","Finish","Track","0.625","6.985","2.898","4.096","10.894","7.776","5.664","4.312","11.706","16.788","1.731","5.400","132.000"
"31","DPi","Felipe Nasr","30","1:32.309","45:57.540","Finish","Pit","0.575","6.443","3.032","4.376","12.049","7.651","5.796","4.319","11.268","16.349","5.196","15.255","143.478"
"5","DPi","Joao Barbosa","32","1:29.202","46:02.438","Finish","Pit","0.580","6.459","2.847","3.966","10.507","7.499","5.899","4.203","11.236","16.551","3.958","15.497","142.241"
"85","DPi","Misha Goikhberg","28","1:13.469","46:05.338","Finish","Track","0.581","6.519","2.682","3.950","10.534","7.257","5.223","3.932","10.866","15.383","1.588","4.954","141.997"
"6","DPi","Juan Pablo Montoya","24","1:12.347","46:10.743","Finish","Track","0.575","6.440","2.583","3.777","10.335","7.302","5.084","3.982","10.745","14.981","1.617","4.926","143.478"
